-- phpMyAdmin SQL Dump
-- version 5.1.0
-- https://www.phpmyadmin.net/
--
-- Host: 31.11.39.189:3306
-- Creato il: Nov 18, 2025 alle 19:52
-- Versione del server: 8.0.43-34
-- Versione PHP: 8.0.7

SET SQL_MODE = "NO_AUTO_VALUE_ON_ZERO";
START TRANSACTION;
SET time_zone = "+00:00";


/*!40101 SET @OLD_CHARACTER_SET_CLIENT=@@CHARACTER_SET_CLIENT */;
/*!40101 SET @OLD_CHARACTER_SET_RESULTS=@@CHARACTER_SET_RESULTS */;
/*!40101 SET @OLD_COLLATION_CONNECTION=@@COLLATION_CONNECTION */;
/*!40101 SET NAMES utf8mb4 */;

--
-- Database: `Sql1831185_1`
--

-- --------------------------------------------------------

--
-- Struttura della tabella `archivio_menu`
--

CREATE TABLE `archivio_menu` (
  `id_archivio_menu` int NOT NULL,
  `ricetta_personalizzata_archivio_menu` varchar(255) COLLATE utf8mb4_general_ci DEFAULT NULL,
  `id_giorno_settimana` int DEFAULT NULL,
  `id_ricetta` int DEFAULT NULL,
  `id_persona` int DEFAULT NULL,
  `id_momento_giornata` int DEFAULT NULL,
  `id_archivio_nome` int DEFAULT NULL
) ENGINE=InnoDB DEFAULT CHARSET=utf8mb4 COLLATE=utf8mb4_general_ci;

--
-- Dump dei dati per la tabella `archivio_menu`
--

INSERT INTO `archivio_menu` (`id_archivio_menu`, `ricetta_personalizzata_archivio_menu`, `id_giorno_settimana`, `id_ricetta`, `id_persona`, `id_momento_giornata`, `id_archivio_nome`) VALUES
(386, 'Riso basmati con verdure', 0, 1, 2, 0, 23),
(387, 'Riso basmati in bianco ', 0, 1, 3, 0, 23),
(388, '', 0, 103, 1, 1, 23),
(389, 'Pasta con zucchine e mozzarelline ', 1, 1, 2, 0, 23),
(390, 'Pasta integrale in bianco ', 1, 1, 3, 0, 23),
(391, 'Pane tostato con Philadelphia, iceberg e', 1, 1, 1, 1, 23),
(392, 'pomodoro e uova', 1, 1, 1, 1, 23),
(393, 'Sandwich con uova di quaglia cremose', 1, 1, 3, 1, 23),
(394, 'Pasta integrale in bianco ', 2, 1, 2, 0, 23),
(395, 'Pasta integrale con peperoni in padella ', 2, 1, 3, 0, 23),
(396, '', 2, 46, 1, 1, 23),
(397, 'e patate in padella', 2, 1, 1, 1, 23),
(398, '', 2, 67, 2, 1, 23),
(399, 'Pasta con asparagi ', 3, 1, 1, 0, 23),
(400, 'Ricotta al forno e peperoni in padella x2', 3, 1, 1, 1, 23),
(401, 'Cotoletta e patatine fritte', 3, 1, 2, 1, 23),
(402, 'Pasta con sugo di pomodoro e tonno ', 4, 1, 1, 0, 23),
(403, 'Polenta, polpette e patate', 4, 1, 3, 0, 23),
(404, 'Galette con ricotta e zucchine ', 4, 1, 1, 1, 23),
(405, 'Piselli', 4, 1, 1, 1, 23),
(406, 'Peperoni in padella', 4, 1, 3, 1, 23),
(407, '', 4, 266, 1, 2, 23),
(408, 'Pasta con ragù rosso', 5, 1, 1, 0, 23),
(409, 'Insalata gentile', 5, 1, 3, 0, 23),
(410, 'con mozzarella, carote e semi di zucca', 5, 1, 3, 0, 23),
(411, 'Pinse', 5, 1, 1, 1, 23),
(412, 'con pomodoro, mozzarella e cotto', 5, 1, 1, 1, 23),
(413, 'con broccoli e galbanino', 5, 1, 3, 1, 23),
(414, 'Torta alla ricotta', 5, 1, 3, 2, 23),
(415, 'Lasagne agli asparagi ', 6, 1, 1, 0, 23),
(416, 'Fettine di vitello', 6, 1, 1, 1, 23),
(417, 'e finocchi crudi', 6, 1, 1, 1, 23),
(494, 'Pasta con polpa di zucca', 0, 1, 1, 0, 27),
(495, 'Insalatona con tonno, uova e mozzarella', 0, 1, 1, 1, 27),
(496, 'Insalata gentile con uova di quaglia, galbanino, cetriolo e semi di zucca', 0, 1, 3, 1, 27),
(497, 'Pasta con pesto', 1, 1, 1, 0, 27),
(498, 'Svizzere', 1, 1, 1, 1, 27),
(499, 'con piselli', 1, 1, 1, 1, 27),
(500, 'e con cavolfiori al vapore', 1, 1, 3, 1, 27),
(501, 'Torta di mele invisibile ', 1, 1, 1, 2, 27),
(502, 'Girelle di sfoglia con mirtilli rossi', 1, 1, 1, 2, 27),
(503, '', 1, 272, 2, 2, 27),
(504, '', 2, 103, 1, 0, 27),
(505, 'Toast', 2, 1, 1, 1, 27),
(506, 'Toast con Philadelphia e peperoni (zucchine) grigliati', 2, 1, 3, 1, 27),
(507, 'Pasta con peperoni ', 3, 1, 1, 0, 27),
(508, '', 3, 76, 1, 1, 27),
(509, 'Crostini di pane con broccoli e galbanino ', 4, 1, 3, 0, 27),
(510, 'Bastoncini di pesce e patate fritte al forno', 4, 1, 1, 1, 27),
(511, 'Salmone e asparagi in barattolo', 4, 1, 3, 1, 27),
(512, 'Preparare la zucca per gli gnocchi', 4, 1, 1, 2, 27),
(513, 'Torta camilla', 4, 1, 3, 2, 27),
(514, 'Gnocchi alla zucca', 5, 1, 1, 0, 27),
(515, 'Cotoletta con zucchine in padella', 5, 1, 1, 1, 27),
(516, 'Insalata con peperoni rossi, gialli, carote e cavolo cappuccio viola', 5, 1, 3, 1, 27),
(517, 'e mozzarella ', 5, 1, 3, 1, 27),
(518, 'Preparare le lasagne per domani', 5, 1, 1, 2, 27),
(519, '', 6, 69, 1, 0, 27),
(520, '', 6, 304, 1, 1, 27),
(521, 'Purè di patate', 6, 1, 1, 1, 27),
(522, 'Pasta integrale con ragù bianco', 0, 1, 1, 0, 28),
(523, 'Fettine di vitello semplici', 0, 1, 1, 1, 28),
(524, 'e insalata gentile', 0, 1, 1, 1, 28),
(525, 'Cotoletta e insalata ', 0, 1, 2, 1, 28),
(526, 'ISTAMINA ', 0, 1, 3, 1, 28),
(527, 'Pasta integrale con peperoni', 1, 1, 1, 0, 28),
(528, 'Salmone con broccoli al vapore', 1, 1, 1, 1, 28),
(529, 'Tonno fresco con broccoli al vapore', 1, 1, 2, 1, 28),
(530, 'Riso basmati con tris di verdure', 2, 1, 1, 0, 28),
(531, 'Riso basmati in bianco', 2, 1, 3, 0, 28),
(532, 'Pane con Philadelphia insalatina pomodoro e uova', 2, 1, 1, 1, 28),
(533, 'senza pomodoro ', 2, 1, 2, 1, 28),
(534, 'senza pomodoro ', 2, 1, 3, 1, 28),
(535, 'ISTAMINA', 2, 1, 3, 1, 28),
(536, '', 3, 197, 1, 0, 28),
(537, '', 3, 67, 1, 1, 28),
(538, 'Cavolfiori al vapore', 3, 1, 3, 1, 28),
(539, 'ISTAMINA', 3, 1, 3, 1, 28),
(540, 'RISO PRONTO', 4, 1, 1, 0, 28),
(541, 'Riso basmati in bianco ', 4, 1, 3, 0, 28),
(542, '', 4, 306, 1, 1, 28),
(543, 'Piselli', 4, 1, 1, 1, 28),
(544, 'Peperoni in padella', 4, 1, 3, 1, 28),
(545, '', 5, 72, 1, 0, 28),
(546, 'ISTAMINA', 5, 1, 3, 0, 28),
(547, 'Saltimbocca con insalata svizzera e formaggio', 5, 1, 1, 1, 28),
(548, 'Patatine al forno', 5, 1, 1, 1, 28),
(549, 'Galbanino', 5, 1, 3, 1, 28),
(550, 'Pasta con tonno', 6, 1, 1, 0, 28),
(551, 'Pasta integrale con pesto bio', 6, 1, 3, 0, 28),
(552, 'Pizza da asporto ', 6, 1, 1, 1, 28),
(553, 'Cotoletta e cannellini ', 6, 1, 2, 1, 28),
(554, 'ISTAMINA', 6, 1, 3, 1, 28),
(555, '*', 0, 1, 1, 0, 29),
(556, '*', 0, 1, 1, 1, 29),
(557, '*', 1, 1, 1, 0, 29),
(558, '*', 1, 1, 1, 1, 29),
(559, 'Pasta con il tonno', 2, 1, 1, 0, 29),
(560, 'Pizze rettangolari', 2, 1, 1, 1, 29),
(561, 'Bulgar e quinoa all’ortolana', 3, 1, 1, 0, 29),
(562, 'Insalatona con tonno uova olive verdi mais petto di pollo grigliato', 3, 1, 1, 1, 29),
(563, 'e crostini', 3, 1, 1, 1, 29),
(564, 'e mozzarella', 3, 1, 1, 1, 29),
(565, '', 4, 306, 1, 1, 29),
(566, 'Riso basmati con tris di verdure', 4, 1, 1, 0, 29),
(567, 'Svizzere', 4, 1, 2, 1, 29),
(568, 'Peperoni in padella', 4, 1, 3, 1, 29),
(569, 'Pasta con sugo a scelta dello Chef Alessio Boscolo', 5, 1, 1, 0, 29),
(570, '', 5, 270, 1, 1, 29),
(571, 'e piselli', 5, 1, 1, 1, 29),
(572, 'Pasta al forno con pomodoro e mozzarella', 6, 1, 1, 0, 29),
(573, 'Salmone al forno con broccoli al vapore', 6, 1, 1, 1, 29),
(574, 'Pasta al pomodoro', 6, 1, 2, 0, 29),
(575, 'Tonno in padella con broccoli al vapore', 6, 1, 2, 1, 29),
(593, 'Pasta con zucchine', 0, 1, 1, 0, 31),
(594, 'Pasta in bianco', 4, 1, 1, 0, 31),
(595, 'Pasta con sugo di pomodoro ', 1, 1, 1, 0, 31),
(596, 'Riso con tris di verdure', 2, 1, 1, 0, 31),
(597, 'Pasta con tonno', 3, 1, 1, 0, 31),
(598, 'Spaghetti con ragù bianco', 5, 1, 1, 0, 31),
(599, 'Lasagne ragù rosso', 6, 1, 1, 0, 31),
(600, 'Tonno e cavolfiori', 1, 1, 2, 1, 31),
(601, 'Salmone in padella e cannellini ', 1, 1, 1, 1, 31),
(602, 'Pizza', 2, 1, 1, 1, 31),
(603, 'Pane tostato con philadelphia  insalatina pomodoro e uova all occhio', 4, 1, 1, 1, 31),
(604, 'Feta con pomodorini al forno', 0, 1, 1, 1, 31),
(605, 'Cavolfiore e cotoletta', 0, 1, 2, 1, 31),
(606, 'IKEA style', 6, 1, 1, 1, 31),
(607, '', 5, 306, 1, 1, 31),
(608, 'Piselli', 5, 1, 1, 1, 31),
(609, '', 3, 67, 1, 1, 31),
(610, 'Insalata ', 3, 1, 1, 1, 31),
(611, 'Pasta con ragù', 2, 1, 2, 0, 32),
(612, 'Busta insalata di riso', 1, 1, 1, 0, 32),
(613, 'Busta cous cous', 3, 1, 1, 0, 32),
(614, 'Pasta con peperoni', 0, 1, 1, 0, 32),
(615, 'Pasta con zucchine ', 4, 1, 1, 0, 32),
(616, 'Spaghetti con ragù bianco', 5, 1, 1, 0, 32),
(617, 'Risotto di zucca', 6, 1, 1, 0, 32),
(618, 'Svizzere con insalata gentile', 0, 1, 1, 1, 32),
(619, 'Pane tostato con Philadelphia uova insalata e pomodoro ', 1, 1, 1, 1, 32),
(620, '', 2, 67, 1, 1, 32),
(621, 'Tonno surgelato e broccoli', 3, 1, 2, 1, 32),
(622, 'Salmone e broccoli al vapore', 3, 1, 1, 1, 32),
(623, 'Carote al forno e bastoncini di pesce', 5, 1, 1, 1, 32),
(624, 'Toast', 4, 1, 1, 1, 32),
(625, 'Cotoletta e tris di verdure ', 6, 1, 2, 1, 32),
(626, 'Pinsa con broccoli e galbanino', 6, 1, 3, 1, 32),
(627, 'Riso basmati con tris di verdure ', 0, 1, 3, 0, 33),
(628, 'Petto di pollo e spinaci', 0, 1, 1, 1, 33),
(629, 'Petto di pollo fino', 0, 1, 2, 1, 33),
(630, 'Riso basmati in bianco ', 1, 1, 3, 0, 33),
(631, 'Pane con philadelphia  insalata pomodoro e uova', 1, 1, 1, 1, 33),
(632, 'Uova all occhio e piselli', 1, 1, 2, 1, 33),
(633, 'Pasta con zucchine ', 2, 1, 1, 0, 33),
(634, 'Tonno in padella', 2, 1, 1, 1, 33),
(635, 'con tris di verdure', 2, 1, 2, 1, 33),
(636, 'con melanzane a cubetti al forno', 2, 1, 1, 1, 33),
(637, 'Cous cous', 3, 1, 3, 0, 33),
(638, 'Pizza Catarì ', 3, 1, 1, 1, 33),
(639, 'Pasta con sugo pomodoro ', 4, 1, 1, 0, 33),
(640, 'Bastoncini di pesce ', 4, 1, 1, 1, 33),
(641, 'con carote e zucchine al vapore ', 4, 1, 1, 1, 33),
(642, 'Preparare le lasagne', 4, 1, 3, 2, 33),
(643, 'Grigliare le zucchine ', 4, 1, 3, 2, 33),
(644, 'Pasticcio di ragù bianco con zucchine grigliate', 5, 1, 2, 0, 33),
(645, 'Cesare Salad Old wild west', 5, 1, 3, 0, 33),
(646, 'Cotoletta e broccoli al vapore', 5, 1, 2, 1, 33),
(647, 'Riso basmati in bianco', 5, 1, 3, 1, 33),
(648, 'Pasta in bianco ', 6, 1, 2, 0, 33),
(649, 'Pasta con sugo a scelta ', 6, 1, 1, 0, 33),
(650, 'Insalata  con pomodoro ', 6, 1, 3, 0, 33),
(651, 'Burger con salmone e patate fritte ', 6, 1, 3, 1, 33),
(652, 'Burger con carne e patate fritte', 6, 1, 1, 1, 33),
(653, 'no patate fritte', 6, 1, 2, 1, 33),
(654, 'Cous cous con verdure', 0, 1, 3, 0, 34),
(655, 'Pasta in bianco ', 0, 1, 2, 0, 34),
(656, 'Piadapizza filante', 0, 1, 1, 1, 34),
(657, 'Uova all occhio con fagiolini ', 0, 1, 2, 1, 34),
(658, 'Cous cous con verdure', 1, 1, 1, 0, 34),
(659, 'Pasta con sugo di pomodoro ', 1, 1, 3, 0, 34),
(660, 'Petto di pollo allo zafferano ', 1, 1, 1, 1, 34),
(661, 'con melanzane a cubetti al forno', 1, 1, 1, 1, 34),
(662, 'Petto di pollo sottile', 1, 1, 2, 1, 34),
(663, 'con tris di verdure', 1, 1, 2, 1, 34),
(664, 'Riso basmati', 2, 1, 3, 0, 34),
(665, 'Salmone al forno ', 2, 1, 3, 1, 34),
(666, 'con carote e zucchine al vapore', 2, 1, 1, 1, 34),
(667, 'Tonno in padella', 2, 1, 1, 1, 34),
(668, 'Pasta con zucchina al vapore e limone', 3, 1, 3, 0, 34),
(669, 'Cotoletta con cannellini ', 3, 1, 1, 1, 34),
(670, 'Riso basmati ', 4, 1, 3, 0, 34),
(671, 'Filetti di merluzzo al vapore', 4, 1, 1, 1, 34),
(672, 'con patate novelle e insalatina romana', 4, 1, 1, 1, 34),
(673, 'Petto di pollo sottile', 4, 1, 2, 1, 34),
(674, 'con zucchine in padella', 4, 1, 2, 1, 34),
(675, 'Insalata caprese pronta ', 5, 1, 3, 0, 34),
(676, 'Pasta con qualcosa ', 5, 1, 1, 0, 34),
(677, 'Club sandwich light', 5, 87, 1, 1, 34),
(678, 'Pasta con seghetto di zucca', 6, 1, 3, 0, 34),
(679, 'Pasta con qualcosa', 6, 1, 1, 0, 34),
(680, 'Svizzera con insalatina romana ceci e pomodorini ', 6, 1, 1, 1, 34),
(681, 'Svizzera con patate lesse', 6, 1, 2, 1, 34),
(682, 'Riso basmati con tris di verdure ', 0, 1, 3, 0, 35),
(683, 'Petto di pollo e spinaci', 0, 1, 1, 1, 35),
(684, 'Petto di pollo fino', 0, 1, 2, 1, 35),
(685, 'Riso basmati in bianco ', 1, 1, 3, 0, 35),
(686, 'Pane con philadelphia  insalata pomodoro e uova', 1, 1, 1, 1, 35),
(687, 'Uova all occhio e piselli', 1, 1, 2, 1, 35),
(688, 'Pasta con zucchine ', 2, 1, 1, 0, 35),
(689, 'Tonno in padella', 2, 1, 1, 1, 35),
(690, 'con tris di verdure', 2, 1, 2, 1, 35),
(691, 'con melanzane a cubetti al forno', 2, 1, 1, 1, 35),
(692, 'Cous cous', 3, 1, 3, 0, 35),
(693, 'Pollo e patate gratinati al forno ', 3, 1, 1, 1, 35),
(694, 'Pasta con sugo pomodoro ', 4, 1, 1, 0, 35),
(695, 'Bastoncini di pesce ', 4, 1, 1, 1, 35),
(696, 'con carote e zucchine al vapore ', 4, 1, 1, 1, 35),
(697, 'Cotoletta e broccoli al vapore', 5, 1, 1, 1, 35),
(698, 'Pasta in bianco  o con ragù rosso', 6, 1, 2, 0, 35),
(699, 'Pasta con sugo a scelta ', 6, 1, 1, 0, 35),
(700, 'Insalata  con pomodoro ', 6, 1, 3, 0, 35),
(701, 'Insalatina ', 3, 1, 3, 1, 35),
(702, 'Pasta con sugo di pomodoro ', 5, 1, 1, 0, 35),
(703, 'Cous cous', 5, 1, 3, 0, 35),
(704, 'Pizza Margherita ', 6, 1, 1, 1, 35),
(705, 'Patatine fritte', 6, 1, 1, 1, 35),
(706, 'Pasta in bianco ', 0, 1, 2, 0, 36),
(707, 'Cous cous alle verdure ', 0, 1, 3, 0, 36),
(708, 'Pasta con tonno ', 1, 1, 2, 0, 36),
(709, 'Riso basmati ', 1, 1, 3, 0, 36),
(710, 'Pasta con zucchine in padella ', 2, 1, 2, 0, 36),
(711, 'Riso basmati  con zucchine in padella ', 2, 1, 3, 0, 36),
(712, 'Pasta con sugo di pomodoro ', 3, 1, 2, 0, 36),
(713, 'Cous cous con verdure', 3, 1, 3, 0, 36),
(714, 'Pasta con ragù e salsiccia ', 4, 1, 2, 0, 36),
(715, 'Riso basmati ', 4, 1, 3, 0, 36),
(716, 'Riso basmati con tris di verdure ', 5, 1, 1, 0, 36),
(717, 'Lasagne agli asparagi ', 6, 1, 1, 0, 36),
(718, 'Teglia di verdure al forno', 0, 1, 1, 1, 36),
(719, 'Tris di verdure', 0, 1, 2, 1, 36),
(720, 'Svizzere', 0, 1, 1, 1, 36),
(721, 'Toast con prosciutto e formaggio ', 1, 1, 1, 1, 36),
(722, 'Broccoli al vapore e salmone', 1, 1, 3, 1, 36),
(723, 'Spinaci al vapore', 2, 1, 1, 1, 36),
(724, 'Petto di pollo alla griglia', 2, 1, 1, 1, 36),
(725, 'Uova all\'occhio ', 3, 1, 1, 1, 36),
(726, 'Insalata gentile ', 3, 1, 2, 1, 36),
(727, 'Insalata gentile con pomodoro e cetriolo ', 3, 1, 1, 1, 36),
(728, 'Bresaola con insalatina e scaglie di grana', 4, 1, 1, 1, 36),
(729, 'Tonno in padella ', 5, 1, 1, 1, 36),
(730, 'Finocchi crudi', 5, 1, 1, 1, 36),
(731, 'Insalata gentile con pomodoro,  cetriolo e semini', 6, 1, 3, 1, 36),
(732, 'Insalata gentile con pomodoro e cetriolo', 6, 1, 1, 1, 36),
(733, 'Insalata gentile ', 6, 1, 2, 1, 36),
(734, 'Petto di tacchino (no Debora)', 6, 1, 1, 1, 36),
(735, 'Pasta con zucchine in padella', 0, 1, 2, 0, 37),
(736, 'Riso basmati con zucchine in padella', 0, 1, 3, 0, 37),
(737, 'Riso basmati con tris di verdure', 1, 1, 3, 0, 37),
(738, 'Pasta con tonno', 2, 1, 2, 0, 37),
(739, 'Riso basmati in bianco', 2, 1, 3, 0, 37),
(740, 'Pasta con sughetto di pomodoro', 3, 1, 1, 0, 37),
(741, 'Riso basmati in bianco', 3, 1, 3, 0, 37),
(742, 'Riso con tris di verdure', 4, 1, 1, 0, 37),
(743, 'Pasta con pesto', 5, 1, 1, 0, 37),
(744, 'Riso in bianco', 5, 1, 3, 0, 37),
(745, 'Pasta con ricotta e spinaci', 6, 1, 1, 0, 37),
(746, 'Riso in bianco', 6, 1, 3, 0, 37),
(747, 'Teglia di verdure miste al forno', 0, 1, 1, 1, 37),
(748, 'Bastoncini di pesce', 0, 1, 1, 1, 37),
(749, 'Insalatona estiva', 1, 1, 1, 1, 37),
(750, 'Focaccia fatta da me', 1, 1, 1, 1, 37),
(751, 'Wrap di zucchine', 2, 1, 1, 1, 37),
(752, 'con philadelphia rucola e salmone affumicato', 2, 1, 1, 1, 37),
(753, 'con prosciutto cotto e mozzarella', 2, 1, 2, 1, 37),
(754, 'Insalatina con cetrioli e pomodori', 2, 1, 1, 1, 37),
(755, 'Insalatina', 2, 1, 2, 1, 37),
(756, 'Patate ripiene vegetariane', 3, 1, 1, 1, 37),
(757, 'Insalatina cetrioli e pomodorini', 3, 1, 1, 1, 37),
(758, 'Patate lesse e bistecchine cotto', 3, 1, 2, 1, 37),
(759, 'Petto di pollo cremoso allo zafferano', 4, 1, 1, 1, 37),
(760, 'Melanzane a cubetti fatte al forno', 4, 1, 1, 1, 37),
(761, 'Pollo e patate gratinati al forno', 4, 1, 2, 1, 37),
(762, 'Feta al forno con pomodorini rossi e gialli', 5, 1, 1, 1, 37),
(763, 'Uova all\'occhio e piselli in padella', 5, 1, 2, 1, 37),
(764, 'Barchette di melanzane con mozzarelline olive e pomodorini', 6, 1, 1, 1, 37),
(765, 'Insalatina con cetrioli e pomodori', 6, 1, 1, 1, 37),
(766, 'Crocchette di zucchine ', 6, 1, 2, 1, 37),
(767, 'Purè', 6, 1, 2, 1, 37),
(768, 'Riso con tris di verdure', 0, 1, 1, 0, 38),
(769, 'Svizzere con spinaci al vapore', 0, 1, 1, 1, 38),
(770, 'Riso basmati in bianco', 1, 1, 3, 0, 38),
(771, 'Cous cous', 1, 1, 1, 0, 38),
(772, 'Pane con philadelphia insalatina pomodoro mais e uova', 1, 1, 1, 1, 38),
(773, 'no pomodoro', 1, 1, 2, 1, 38),
(774, 'Pasta fredda con zucchine tonno e mozzarella julien', 2, 1, 2, 0, 38),
(775, 'Riso basmati in bianco', 2, 1, 3, 0, 38),
(776, 'Bastoncini di pesce e broccoli e carote al vapore', 2, 1, 2, 1, 38),
(777, 'Salmone al forno e broccoli e carote al vapore', 2, 1, 3, 1, 38),
(778, 'Riso basmati in bianco', 3, 1, 3, 0, 38),
(779, 'Busta insalata di riso', 3, 1, 1, 0, 38),
(780, 'Burgher di ceci con finocchi crudi', 3, 1, 3, 1, 38),
(781, 'Cotoletta e patate lesse', 3, 1, 1, 1, 38),
(782, 'Riso basmati in bianco', 4, 1, 3, 0, 38),
(783, 'Petto di pollo allo zafferano', 4, 1, 3, 1, 38),
(784, 'Teglia di verdure al forno', 4, 1, 3, 1, 38),
(785, 'Petto di pollo fino e purè', 4, 1, 2, 1, 38),
(786, 'Riso basmati  con sugo di zucca', 5, 1, 3, 0, 38),
(787, 'Pasta con sugo di pomodoro', 5, 1, 1, 0, 38),
(788, 'Wrap di zucchine con rucola e salmone affumicato', 5, 1, 3, 1, 38),
(789, 'Wrap di zucchine con bresaola e mozzarella', 5, 1, 2, 1, 38),
(790, 'Pasta con pesto', 6, 1, 1, 0, 38),
(791, 'Tortilia wrap di verdura con philadelphia insalata gentile pomodorini e tonno', 6, 1, 1, 1, 38),
(792, 'Finta pizza con acciughe broccoli e tonno', 6, 1, 2, 1, 38),
(793, 'Riso con tris di verdure x 3', 0, 1, 1, 0, 39),
(794, 'Svizzere con spinaci al vapore x 4', 0, 1, 1, 1, 39),
(795, 'Riso basmati in bianco', 1, 1, 3, 0, 39),
(796, 'Cous cous', 1, 1, 1, 0, 39),
(797, 'Pane con philadelphia insalatina pomodoro mais e uova', 1, 1, 1, 1, 39),
(798, 'no pomodoro', 1, 1, 2, 1, 39),
(799, 'Pasta fredda con zucchine tonno e mozzarella julien x 2', 2, 1, 2, 0, 39),
(800, 'Riso basmati in bianco', 2, 1, 3, 0, 39),
(801, 'Bastoncini di pesce e broccoli e carote al vapore x 2', 2, 1, 2, 1, 39),
(802, 'Salmone al forno e broccoli e carote al vapore x 2', 2, 1, 3, 1, 39),
(803, 'Riso basmati in bianco', 3, 1, 3, 0, 39),
(804, 'Busta insalata di riso', 3, 1, 1, 0, 39),
(805, 'Burgher di ceci con finocchi crudi', 3, 1, 3, 1, 39),
(806, 'Cotoletta e patate lesse', 3, 1, 1, 1, 39),
(807, 'Riso basmati in bianco', 4, 1, 3, 0, 39),
(808, 'Petto di pollo allo zafferano x 2', 4, 1, 3, 1, 39),
(809, 'Teglia di verdure al forno x 2', 4, 1, 3, 1, 39),
(810, 'Petto di pollo fino e purè', 4, 1, 2, 1, 39),
(811, 'Riso basmati  con sugo di zucca', 5, 1, 3, 0, 39),
(812, 'Pasta con sugo di pomodoro', 5, 1, 1, 0, 39),
(813, 'Wrap di zucchine con rucola e salmone affumicato x 2', 5, 1, 3, 1, 39),
(814, 'Wrap di zucchine con bresaola e mozzarella x 2', 5, 1, 2, 1, 39),
(815, 'Pasta con pesto', 6, 1, 1, 0, 39),
(816, 'Tortilia wrap di verdura con philadelphia insalata gentile pomodorini e tonno', 6, 1, 1, 1, 39),
(817, 'Finta pizza con acciughe broccoli e tonno', 6, 1, 2, 1, 39),
(818, 'Cous cous', 0, 1, 1, 0, 40),
(819, 'Caciucco', 0, 1, 3, 0, 40),
(820, 'Petto di pollo alla griglia', 0, 1, 1, 1, 40),
(821, 'Insalata mista', 0, 1, 1, 1, 40),
(822, 'Cous cous', 1, 1, 3, 0, 40),
(823, 'Frittata di zucchine al forno', 1, 1, 1, 1, 40),
(824, 'con pomodori', 1, 1, 3, 1, 40),
(825, 'con broccoli al vapore', 1, 1, 1, 1, 40),
(826, 'Pasta al pomodoro e basilico', 2, 1, 3, 0, 40),
(827, 'Tonno in padella', 2, 1, 1, 1, 40),
(828, 'Salmone in padella', 2, 1, 3, 1, 40),
(829, 'con zucchine trifolate', 2, 1, 1, 1, 40),
(830, 'Riso basmati con tris di verdure', 3, 1, 3, 0, 40),
(831, 'Petto di tacchino alla piastra', 3, 1, 1, 1, 40),
(832, 'con finocchi crudi', 3, 1, 1, 1, 40),
(833, 'Pasta con broccoli e acciughe', 4, 1, 1, 0, 40),
(834, 'Uova all\'occhio', 4, 1, 1, 1, 40),
(835, 'con mix di verdure al forno', 4, 1, 1, 1, 40),
(836, 'zucchine e carote al forno', 4, 1, 2, 1, 40),
(837, 'Preparare colazione per me Digestive choco biscuits', 4, 1, 3, 2, 40),
(838, 'Pasta con tonno', 5, 1, 1, 0, 40),
(839, 'Riso basmati in bianco', 5, 1, 3, 0, 40),
(840, 'Svizzere e spinaci al vapore', 5, 1, 1, 1, 40),
(841, 'Pasta con sugo di zucca', 6, 1, 3, 0, 40),
(842, 'Pasta con sugo a scelta', 6, 1, 1, 0, 40),
(843, 'Bastoncini di pesce', 6, 1, 1, 1, 40),
(844, 'con cavolfiore arrosto', 6, 1, 1, 1, 40),
(845, 'con cavolfiore lesso', 6, 1, 2, 1, 40),
(846, 'Petto di pollo fino', 0, 1, 1, 1, 41),
(847, 'Insalata mista', 0, 1, 1, 1, 41),
(848, 'Cous cous x 2', 1, 1, 1, 0, 41),
(849, 'Frittata di zucchine al forno', 1, 1, 1, 1, 41),
(850, 'con pomodori', 1, 1, 3, 1, 41),
(851, 'con broccoli al vapore', 1, 1, 1, 1, 41),
(852, 'Pasta al pomodoro e basilico', 2, 1, 3, 0, 41),
(853, 'Insalatina novella con carote crude', 2, 1, 1, 1, 41),
(854, 'Riso basmati con tris di verdure', 3, 1, 3, 0, 41),
(855, 'Svizzere', 3, 1, 1, 1, 41),
(856, 'con finocchi crudi', 3, 1, 1, 1, 41),
(857, 'Pasta con broccoli e acciughe', 4, 1, 1, 0, 41),
(858, 'Uova all\'occhio', 4, 1, 1, 1, 41),
(859, 'con mix di verdure al forno', 4, 1, 1, 1, 41),
(860, 'zucchine e carote al forno', 4, 1, 2, 1, 41),
(861, 'Preparare colazione per me  Choco biscuits cheescake', 4, 1, 3, 2, 41),
(862, 'Pasta con ragù rosso ', 5, 1, 1, 0, 41),
(863, 'Riso basmati in bianco', 0, 1, 3, 0, 41),
(864, 'Pasta con tonno', 0, 1, 2, 0, 41),
(865, '', 6, 87, 1, 1, 41),
(866, 'Riso basmati con tris di verdure ', 6, 1, 1, 0, 41),
(867, 'Bastoncini di pesce', 2, 1, 1, 1, 41),
(868, 'Toast prosciutto e sottilette ', 5, 1, 1, 1, 41),
(869, 'Riso basmati con tris di verdure ', 0, 1, 1, 0, 42),
(870, 'Avanzo: club sandwich ', 0, 1, 3, 0, 42),
(871, 'Pasto pronto', 1, 1, 3, 0, 42),
(872, 'Pasta col tonno', 2, 1, 1, 0, 42),
(873, 'Pranzo pronto', 3, 1, 3, 0, 42),
(874, 'Pranzo pronto', 4, 1, 3, 0, 42),
(875, 'Uova sode ', 5, 1, 1, 0, 42),
(876, 'con pomodori', 5, 1, 1, 0, 42),
(877, 'con finocchi ', 5, 1, 2, 0, 42),
(878, 'Insalata con tonno ', 6, 1, 1, 0, 42),
(879, 'Mozzarella ', 0, 1, 1, 1, 42),
(880, 'con pomodori', 0, 1, 1, 1, 42),
(881, 'con bistecchine cotto', 0, 1, 2, 1, 42),
(882, 'Svizzere e piselli', 1, 1, 1, 1, 42),
(883, 'Bastoncini di pesce ', 2, 1, 1, 1, 42),
(884, 'con patate fritte da forno ', 2, 1, 1, 1, 42),
(885, 'con finocchi ', 2, 1, 2, 1, 42),
(886, 'Insalata di riso ', 3, 1, 1, 1, 42),
(887, 'Petto di pollo fino ', 4, 1, 1, 1, 42),
(888, 'Broccoli al vapore ', 4, 1, 1, 1, 42),
(889, 'PIZZA VILLAGE', 5, 1, 1, 1, 42),
(890, 'Lasagne agli asparagi ', 6, 1, 1, 1, 42),
(891, 'Pasta con sugo di zucca', 0, 1, 3, 0, 43),
(892, 'Riso basmati in bianco', 1, 1, 3, 0, 43),
(893, 'Riso basmati in bianco', 2, 1, 3, 0, 43),
(894, 'Orecchiette con pesto di rucola, pomodorini e parmigiano', 3, 1, 3, 0, 43),
(895, '', 4, 1, 1, 0, 43),
(896, 'Mezzemaniche mozzarella e pomodorini', 4, 1, 3, 0, 43),
(897, 'Riso basmati in bianco', 5, 1, 3, 0, 43),
(898, 'Riso basmati in bianco', 6, 1, 3, 0, 43),
(899, 'Crocchette di zucchine e ricotta', 0, 1, 1, 1, 43),
(900, 'Insalatina', 0, 1, 1, 1, 43),
(901, 'Frittata di zucchine e feta', 1, 1, 1, 1, 43),
(902, 'con insalatina e pomodorini', 1, 1, 1, 1, 43),
(903, 'Uova all\'occhio', 1, 1, 2, 1, 43),
(904, 'Bistecchine cotto', 1, 1, 2, 1, 43),
(905, 'Cotoletta di melanzana al forno', 2, 1, 1, 1, 43),
(906, 'con insalatina e pomodorini', 2, 1, 1, 1, 43),
(907, 'Svizzera e patate lesse', 2, 1, 2, 1, 43),
(908, 'Cavolfiore arrosto', 3, 1, 1, 1, 43),
(909, 'con insalatina e pomodorini e cetrioli', 3, 1, 1, 1, 43),
(910, 'Cavolfiore lesso', 3, 1, 2, 1, 43),
(911, 'Petto di pollo fino', 3, 1, 2, 1, 43),
(912, 'Petto di pollo allo zafferano', 4, 1, 1, 1, 43),
(913, 'Melanzane a cubetti', 4, 1, 1, 1, 43),
(914, '', 4, 67, 2, 1, 43),
(915, 'Insalata arcobaleno ', 5, 1, 3, 1, 43),
(916, 'con peperone rosso, carote, mais, avocado, mozzarella e succo di limone', 5, 1, 3, 1, 43),
(917, 'Piadipizza con passata e mozzarella', 6, 1, 3, 1, 43),
(918, 'e con zucchine, pomodorini rossi e gialli', 6, 1, 3, 1, 43),
(946, 'FARE LA SPESA', 5, 1, 1, 0, 45),
(947, '', 6, 267, 1, 0, 45),
(948, '', 6, 37, 1, 1, 45),
(949, '', 6, 256, 1, 1, 45),
(950, '', 0, 275, 3, 0, 45),
(951, 'Pasta con tonno', 0, 1, 2, 0, 45),
(952, '', 0, 306, 2, 1, 45),
(953, '', 0, 205, 1, 1, 45),
(954, 'Insalatina con pomodorini e cetriolo ', 0, 1, 1, 1, 45),
(955, 'Riso nero con Philadelphia ', 1, 1, 3, 0, 45),
(956, '', 1, 103, 1, 1, 45),
(957, 'Bavette con ragù di carne', 2, 1, 1, 0, 45),
(958, 'Uova all’occhio e bistecchine cotto', 2, 1, 2, 1, 45),
(959, 'Frittata di zucchine e pomodorini al forno ', 2, 1, 1, 1, 45),
(960, 'Insalatina con pomodorini e cetriolo ', 2, 1, 1, 1, 45),
(961, '', 3, 230, 3, 0, 45),
(962, '', 3, 67, 1, 1, 45),
(963, 'Broccoli al vapore', 3, 1, 1, 1, 45),
(964, '', 4, 268, 3, 0, 45),
(965, 'Finta pizza con pomodoro, mozzarella, zucchine e acciughe ', 4, 1, 1, 1, 45),
(966, 'Aggiunta pomodorini ', 4, 1, 3, 1, 45),
(967, '', 0, 39, 3, 2, 45),
(968, '', 1, 308, 3, 2, 45),
(969, 'Riso nero con Philadelphia ', 0, 1, 3, 0, 46),
(970, '', 0, 205, 1, 1, 46),
(971, '', 0, 306, 2, 1, 46),
(972, 'Broccoli al vapore ', 0, 1, 2, 1, 46),
(973, 'Insalatina con pomodorini ', 0, 1, 1, 1, 46),
(974, '', 1, 103, 1, 1, 46),
(975, '', 2, 230, 3, 0, 46),
(976, 'Frittata di zucchine e pomodorini', 2, 1, 1, 1, 46),
(977, 'Insalatina ', 2, 1, 1, 1, 46),
(978, 'Uova all’occhio con bistecchine cotto', 2, 1, 2, 1, 46),
(979, 'Riso nero con Philadelphia ', 3, 1, 3, 0, 46),
(980, '', 3, 67, 1, 1, 46),
(981, 'Vellutata di fagioli e radicchio ', 4, 1, 3, 0, 46),
(982, 'Bastoncini findus e cannellini ', 4, 1, 1, 1, 46),
(983, 'Misto funghi ', 1, 1, 3, 0, 46),
(984, 'Pasta con ragù ', 1, 1, 2, 0, 46),
(985, 'Riso basmati ', 0, 1, 1, 0, 47),
(986, 'Riso basmati con polpa di zucca', 1, 1, 3, 0, 47),
(987, 'Riso basmati con polpa di zucca', 2, 1, 3, 0, 47),
(988, 'Riso basmati con zucchine ', 3, 1, 1, 0, 47),
(989, 'Riso basmati in bianco ', 4, 1, 3, 0, 47),
(990, 'Riso basmati in bianco ', 5, 1, 3, 0, 47),
(991, 'Riso basmati ', 6, 1, 3, 0, 47),
(992, 'Uova sode', 2, 1, 3, 1, 47),
(993, 'Uova all’occhio ', 2, 1, 2, 1, 47),
(994, 'Spinaci al vapore ', 2, 1, 1, 1, 47),
(995, 'Petto di pollo alla piastra', 3, 1, 3, 1, 47),
(996, 'Zucchine in padella ', 3, 1, 1, 1, 47),
(997, 'Hamburger di pesce panato', 4, 1, 3, 1, 47),
(998, 'Insalata con pomodorini, tonno e uova', 5, 1, 3, 1, 47),
(999, 'Insalata con cannellini, tonno e uova', 5, 1, 2, 1, 47),
(1000, 'Petto di tacchino ', 3, 1, 2, 1, 47),
(1001, 'Hamburger di pesce panato ', 0, 1, 3, 1, 47),
(1002, 'Bastoncini di pesce ', 0, 1, 1, 1, 47),
(1003, 'Insalata mista', 0, 1, 1, 1, 47),
(1004, 'Petto di pollo alla piastra', 1, 1, 1, 1, 47),
(1005, 'Zucchine trifolate ', 1, 1, 1, 1, 47),
(1006, 'Zucca al forno ', 6, 1, 3, 1, 47),
(1007, 'Bresaola ', 6, 1, 3, 1, 47),
(1008, 'Bistecchine cotto', 6, 1, 2, 1, 47),
(1009, 'Tris di verdure', 6, 1, 2, 1, 47),
(1010, 'Preparare colazione per domani ', 5, 1, 3, 2, 47),
(1011, 'Bastoncini di pesce', 4, 1, 1, 1, 47),
(1012, 'Broccoli al vapore', 4, 1, 1, 1, 47),
(1013, 'Riso basmati con polpa di zucca ', 0, 1, 3, 0, 48),
(1014, 'Petto di pollo allo zafferano ', 0, 1, 3, 1, 48),
(1015, 'Petto di pollo alla griglia ', 0, 1, 1, 1, 48),
(1016, 'Insalatina verde', 0, 1, 1, 1, 48),
(1017, 'Riso basmati con zucchine ', 1, 1, 3, 0, 48),
(1018, 'Burger di salmone', 1, 1, 3, 1, 48),
(1019, 'Bastoncini di pesce ', 1, 1, 1, 1, 48),
(1020, 'Bracciola ', 1, 1, 1, 1, 48),
(1021, 'Spinaci al vapore ', 1, 1, 1, 1, 48),
(1022, 'Riso basmati in bianco ', 2, 1, 3, 0, 48),
(1023, 'Svizzere', 2, 1, 1, 1, 48),
(1024, 'Insalata di finocchi e carote', 2, 1, 1, 1, 48),
(1025, 'Riso basmati con sugo di pomodoro ', 3, 1, 3, 0, 48),
(1026, 'Uova strapazzate', 3, 1, 1, 1, 48),
(1027, 'Con asparagi e pomodori ', 3, 1, 1, 1, 48),
(1028, 'No pomodori', 3, 1, 2, 1, 48),
(1029, 'Riso basmati in bianco ', 4, 1, 3, 0, 48),
(1030, 'Petto di pollo', 4, 1, 1, 1, 48),
(1031, 'Con melanzane grigliate ', 4, 1, 3, 1, 48),
(1032, 'Con zucchine grigliate ', 4, 1, 2, 1, 48),
(1033, 'Riso basmati in bianco ', 5, 1, 1, 0, 48),
(1034, 'Insalata gentile con cetriolo, tonno e uova sode ', 5, 1, 1, 1, 48),
(1035, 'Senza cetriolo e con cannellini', 5, 1, 2, 1, 48),
(1036, 'Riso basmati in bianco ', 6, 1, 1, 0, 48),
(1037, 'Bresaola e zucca al forno ', 6, 1, 3, 1, 48),
(1038, 'Preparare colazione per domani ', 5, 1, 3, 2, 48),
(1039, 'Riso basmati con melanzane grigliate ', 0, 1, 3, 0, 49),
(1040, 'Riso basmati in bianco', 1, 1, 3, 0, 49),
(1041, 'Riso basmati con zucchine in padella ', 2, 1, 3, 0, 49),
(1042, 'Riso basmati in bianco ', 3, 1, 3, 0, 49),
(1043, 'Riso basmati con zucchine in padella ', 4, 1, 3, 0, 49),
(1044, 'Riso basmati in bianco ', 5, 1, 3, 0, 49),
(1045, 'Riso basmati in bianco ', 6, 1, 3, 0, 49),
(1046, 'Petto di pollo a cubetti ', 0, 1, 1, 1, 49),
(1047, 'Insalata verde e pomodorini', 0, 1, 1, 1, 49),
(1048, 'Piselli', 0, 1, 2, 1, 49),
(1049, 'Burger di salmone', 1, 1, 3, 1, 49),
(1050, 'Bastoncini di pesce ', 1, 1, 1, 1, 49),
(1051, 'Spinaci al vapore ', 1, 1, 1, 1, 49),
(1052, 'Uova strapazzate', 2, 1, 1, 1, 49),
(1053, 'Asparagi in padella ', 2, 1, 1, 1, 49),
(1054, 'Pomodoro ', 2, 1, 1, 1, 49),
(1055, 'Carote grattugiate ', 2, 1, 2, 1, 49),
(1056, 'Svizzera', 3, 1, 1, 1, 49),
(1057, 'Broccoli al vapore ', 3, 1, 1, 1, 49),
(1058, 'Petto di pollo a cubetti ', 4, 1, 1, 1, 49),
(1059, 'Finocchio crudo', 4, 1, 3, 1, 49),
(1060, 'Cavolfiore lesso', 4, 1, 2, 1, 49),
(1061, 'Insalata gentile con pomodorini, tonno, cetriolo e uova sode ', 5, 1, 1, 1, 49),
(1062, 'no pomodorini sì cannellini ', 5, 1, 2, 1, 49),
(1063, 'Finta pizza con passata, mozzarella e melanzane grigliate ', 6, 1, 3, 1, 49),
(1064, 'Finta pizza con passata, mozzarella (condimento a scelta)', 6, 1, 1, 1, 49);

-- --------------------------------------------------------

--
-- Struttura della tabella `archivio_nome`
--

CREATE TABLE `archivio_nome` (
  `id_archivio_nome` int NOT NULL,
  `nome_archivio_nome` varchar(255) COLLATE utf8mb4_general_ci DEFAULT NULL
) ENGINE=InnoDB DEFAULT CHARSET=utf8mb4 COLLATE=utf8mb4_general_ci;

--
-- Dump dei dati per la tabella `archivio_nome`
--

INSERT INTO `archivio_nome` (`id_archivio_nome`, `nome_archivio_nome`) VALUES
(23, 'Menù mese ottobre 2024'),
(27, 'Menù mese novembre 2024'),
(28, 'Menù mese fine Novembre 2024'),
(29, 'Menù mese Dicembre 2024'),
(31, 'Febbraio 1'),
(32, 'Febbraio 2'),
(33, 'Menù marzo 2025'),
(34, 'Menù marzo 2025 n 2'),
(35, 'Menù fine marzo '),
(36, 'Menù dal 14 al 20 aprile 2025'),
(37, 'Menù marzo/aprile'),
(38, 'Menù mese maggio'),
(39, 'Menù mese maggio'),
(40, 'Menù metà maggio'),
(41, 'Mese giugno '),
(42, 'Menù zero sbatti'),
(43, 'Menù luglio'),
(45, 'Menù fine settembre '),
(46, 'Menù metà ottobre '),
(47, 'Menù fine ottobre '),
(48, 'Menù fine ottobre inizio novembre '),
(49, 'Menù dal 3 novembre 9');

-- --------------------------------------------------------

--
-- Struttura della tabella `categoria`
--

CREATE TABLE `categoria` (
  `id_categoria` int NOT NULL,
  `nome_categoria` varchar(100) COLLATE utf8mb4_general_ci DEFAULT NULL,
  `link_categoria` varchar(255) COLLATE utf8mb4_general_ci DEFAULT NULL
) ENGINE=InnoDB DEFAULT CHARSET=utf8mb4 COLLATE=utf8mb4_general_ci;

--
-- Dump dei dati per la tabella `categoria`
--

INSERT INTO `categoria` (`id_categoria`, `nome_categoria`, `link_categoria`) VALUES
(1, 'Antipasti', 'https://img.icons8.com/?size=100&id=37380&format=png&color=FFFFFF'),
(2, 'Primi Piatti', 'https://img.icons8.com/?size=100&id=5275&format=png&color=FFFFFF'),
(3, 'Secondi Piatti', 'https://img.icons8.com/?size=100&id=jJHFG8bXumMO&format=png&color=FFFFFF'),
(4, 'Contorni', 'https://img.icons8.com/?size=100&id=1gM3Cu54uHld&format=png&color=FFFFFF'),
(5, 'Piatto Unico', 'https://img.icons8.com/?size=100&id=1911&format=png&color=FFFFFF'),
(6, 'Lievitati', 'https://img.icons8.com/?size=100&id=ZCAL0n5icoyp&format=png&color=FFFFFF'),
(7, 'Dolci', 'https://img.icons8.com/?size=100&id=LGDEjP8UR93w&format=png&color=FFFFFF'),
(9, 'Preparazioni base', 'https://img.icons8.com/?size=100&id=94999&format=png&color=FFFFFF'),
(10, 'Salse e sughi', 'https://img.icons8.com/?size=100&id=26018&format=png&color=FFFFFF'),
(11, 'Insalate', 'https://img.icons8.com/?size=100&id=56700&format=png&color=FFFFFF'),
(12, 'Bevande', 'https://img.icons8.com/?size=100&id=107759&format=png&color=FFFFFF'),
(13, 'Conserve', 'https://img.icons8.com/?size=100&id=UQIu64IXNURm&format=png&color=FFFFFF'),
(14, 'Tutte le ricette', NULL);

-- --------------------------------------------------------

--
-- Struttura della tabella `giorno_settimana`
--

CREATE TABLE `giorno_settimana` (
  `id_giorno_settimana` int NOT NULL,
  `nome_giorno_settimana` varchar(30) CHARACTER SET latin1 COLLATE latin1_swedish_ci DEFAULT NULL,
  `numero_giorno_settimana` int DEFAULT NULL
) ENGINE=InnoDB DEFAULT CHARSET=utf8mb4 COLLATE=utf8mb4_general_ci;

--
-- Dump dei dati per la tabella `giorno_settimana`
--

INSERT INTO `giorno_settimana` (`id_giorno_settimana`, `nome_giorno_settimana`, `numero_giorno_settimana`) VALUES
(0, 'Lunedì', 10),
(1, 'Martedì', 11),
(2, 'Mercoledì', 12),
(3, 'Giovedì', 13),
(4, 'Venerdì', 14),
(5, 'Sabato', 15),
(6, 'Domenica', 16);

-- --------------------------------------------------------

--
-- Struttura della tabella `ingrediente`
--

CREATE TABLE `ingrediente` (
  `id_ingrediente` int NOT NULL,
  `nome_ingrediente` varchar(50) COLLATE utf8mb4_general_ci DEFAULT NULL
) ENGINE=InnoDB DEFAULT CHARSET=utf8mb4 COLLATE=utf8mb4_general_ci;

--
-- Dump dei dati per la tabella `ingrediente`
--

INSERT INTO `ingrediente` (`id_ingrediente`, `nome_ingrediente`) VALUES
(1, 'Limone'),
(2, 'Riso per insalate'),
(3, 'Bresaola'),
(4, 'Rucola'),
(5, 'Grana'),
(6, 'Pane'),
(7, 'Scamorza'),
(9, 'Cioccolato Fondente'),
(10, 'Banana'),
(11, 'Farina 00'),
(12, 'Zucchine'),
(13, 'Piadina'),
(14, 'Philadelphia'),
(15, 'Salmome affumicato'),
(16, 'Zucchero'),
(17, 'Latte'),
(18, 'Olio di semi'),
(19, 'Lievito per dolci'),
(20, 'Pavesini'),
(21, 'Caffè amaro'),
(22, 'Ricotta'),
(23, 'Miele'),
(25, 'Cacao amaro'),
(26, 'Yogurt greco'),
(27, 'Patate'),
(28, 'Tonno olio di oliva'),
(29, 'Capperi'),
(30, 'Maionese'),
(31, 'Sale'),
(32, 'Cetriolini'),
(33, 'Pomodorini'),
(34, 'Uova sode'),
(35, 'Broccoli'),
(36, 'Polenta istantanea'),
(37, 'Acciughe'),
(38, 'Mozzarella'),
(39, 'Passata di pomodoro'),
(40, 'Uova crude'),
(41, 'Pangrattato'),
(42, 'Acqua'),
(43, 'Rosmarino'),
(44, 'Origano'),
(45, 'Fiocchi di latte'),
(46, 'Mais'),
(47, 'Olio evo'),
(48, 'Pepe'),
(49, 'Erba cipollina'),
(50, 'Uova'),
(51, 'Melanzana'),
(52, 'Zucchina'),
(53, 'Spezie a piacere'),
(54, 'Cavolo cappuccio viola'),
(55, 'Albume'),
(56, 'Lievito istantaneo'),
(57, 'Olive taggiasche'),
(58, 'Feta greca'),
(59, 'Prezzemolo'),
(60, 'Pasta'),
(61, 'Basilico'),
(62, 'Stevia'),
(63, 'Biscotti al cacao'),
(64, 'Mirtilli'),
(65, 'Cioccolato fondente'),
(66, 'Lievito madre essicato'),
(67, 'Acqua tiepida'),
(68, 'Latte scremato'),
(69, 'Impasto light per pizza (vedere ricetta sui lievit'),
(70, 'Condimento a scelta'),
(71, 'Gocce di cioccolato'),
(72, 'Granella di zucchero'),
(73, 'Cavolfiore'),
(74, 'Timo'),
(75, 'Aglio'),
(76, 'Limone'),
(77, 'Peperoncino'),
(78, 'Mele'),
(79, 'Cannella'),
(80, 'Succo di limone'),
(81, 'Zucchero di canna'),
(82, 'Burro'),
(83, 'Lievito di birra a cubetti'),
(84, 'Biscotti secchi Oro Saiwa'),
(85, 'Granella di nocciole'),
(86, 'Panna fresca'),
(87, 'Noce moscata'),
(88, 'Aroma di vaniglia'),
(89, 'Paprika dolce'),
(90, 'Erbe aromatiche secche'),
(91, 'Aglio secco'),
(92, 'Stracchino'),
(93, 'Pinoli'),
(94, 'Rucola'),
(95, 'Fiocchi d\'avena'),
(96, 'Frutta secca '),
(97, 'Zafferano'),
(98, 'Petto di pollo'),
(99, 'Pecorino'),
(100, 'Provola'),
(101, 'Prosciutto cotto'),
(102, 'Olive nere'),
(103, 'Scamorza'),
(104, 'Lievito vanigliato'),
(105, 'Scorza di limone'),
(106, 'Baccello di vaniglia'),
(107, 'Uovo'),
(108, 'Mandorle'),
(109, 'Granella di zucchero '),
(110, 'Colorante alimentare rosso'),
(111, 'Mandorle tritate'),
(112, 'Pere'),
(113, 'Manitoba'),
(114, 'Patata'),
(115, 'Lievito di birra'),
(116, 'Olive verdi'),
(118, 'Crema proteica alla nocciola'),
(119, 'Acqua per la salamoia'),
(120, 'Olio evo per la salamoia'),
(121, 'Vanillina'),
(122, 'Nutella'),
(123, 'Tonno al naturale'),
(124, 'Scalogno'),
(125, 'Zenzero in polvere'),
(126, 'Radicchio rosso'),
(127, 'Acqua temperatura ambiente'),
(128, 'Acqua fredda'),
(129, 'Filetti di pollo'),
(130, 'Mix di pepi'),
(131, 'Sfoglie all\'uovo per lasagne'),
(132, 'Besciamella'),
(133, 'Asparagi surgelati'),
(134, 'Pancarrè'),
(135, 'Fette pancarrè'),
(136, 'Zucchine tonde'),
(137, 'Formaggio filante a fette Galbanino'),
(138, 'Tagliatelle all\'uovo'),
(139, 'Cipolla'),
(140, 'Noodle'),
(141, 'Carote'),
(142, 'Funghi champignon'),
(143, 'Anacardi'),
(144, 'Salsa di soia'),
(145, 'Mele'),
(146, 'Mirtilli in vaschetta'),
(147, 'Burro'),
(148, 'Banane mature'),
(149, 'Zucca'),
(150, 'Limone buccia grattugiata '),
(151, 'Wurstel'),
(152, 'Rotolo di pasta sfoglia rettangolare'),
(153, 'Tuorlo'),
(154, 'Semi di sesamo'),
(155, 'Semi di papavero'),
(156, 'Melanzane'),
(157, 'Pane da sandwich'),
(158, 'Latte condensato'),
(159, 'Savoiardi'),
(160, 'Bicchiere di acqua'),
(161, 'Farina Manitoba'),
(162, 'Lievito di birra secco'),
(163, 'Latte tiepido'),
(164, 'Yogurt bianco'),
(165, 'Cous cous'),
(166, 'Acqua bollente'),
(167, 'Peperone giallo'),
(168, 'Peperone rosso'),
(169, 'Basilico fresco'),
(170, 'Philadelphia alla greca'),
(171, 'Zucchine grigliate'),
(172, 'Bresaola'),
(173, 'Fecola di patate'),
(174, 'Bicarbonato'),
(175, 'Panna da cucina'),
(176, 'Smarties'),
(177, 'Marmellata (gusto a piacere)'),
(178, 'Farina integrale'),
(179, 'Zucchero grezzo di canna'),
(180, 'Aneto'),
(181, 'Frumina'),
(182, 'Curcuma'),
(183, 'Bacca di vaniglia'),
(184, 'Corn Flakes'),
(185, 'Riso per insalate'),
(186, 'Limoni scorza grattugiata '),
(187, 'Riso carnaroli'),
(188, 'Brodo vegetale'),
(189, 'Carota'),
(190, 'Albumi'),
(191, 'Zucca'),
(192, 'Formaggio fresco spalmabile'),
(193, 'Pane da fare a cubetti'),
(194, 'Cipolla rossa '),
(195, 'Cosce di pollo'),
(196, 'Concentrato di pomodoro'),
(197, 'Fragole'),
(198, 'Lamponi'),
(199, 'Mascarpone'),
(200, 'Nesquik'),
(201, 'Tuorlo'),
(202, 'Zucca'),
(203, 'Salvia'),
(204, 'Farina di riso'),
(205, 'Spinaci'),
(206, 'Bieta'),
(207, 'Mele buccia gialla'),
(208, 'Yogurt bianco'),
(209, 'Albume d\'uovo'),
(210, 'Zucchine grattugiate '),
(211, 'Porro'),
(212, 'Olive denocciolate'),
(213, 'Lievito pizzaiolo Paneangeli'),
(214, 'Bocconcini di mozzarella'),
(215, 'Olive nere denocciolate'),
(216, 'Pasta secca di grano duro'),
(217, 'Peperone'),
(218, 'Erbe aromatiche (salvia, alloro, rosmarino)'),
(219, 'Riso Roma'),
(220, 'Fagioli neri già cotti'),
(221, 'Salsa BBQ'),
(222, 'Farina di ceci'),
(223, 'Pomodoro grosso e sodo'),
(224, 'Gamberetti precotti e sgusciati'),
(225, 'Pepe nero'),
(226, 'Pasta sfoglia rettangolare'),
(227, 'Tuorli'),
(228, 'Estratto di vaniglia'),
(229, 'Albicocche'),
(230, 'Foglie di menta'),
(232, 'Ceci lessati'),
(233, 'Cocco rapè'),
(234, 'Limone succo'),
(235, 'Latte tiepido'),
(236, 'Banana matura'),
(237, 'Lievito per dolci vanigliato'),
(238, 'Pancakes leggeri al cacao'),
(239, 'Sciroppo d\'agave'),
(240, 'Fette di pane per tramezzini'),
(241, 'Marshmallow'),
(242, 'Preparato per cioccolata calda -\"Hot chocolate Xma'),
(243, 'Panna montata'),
(244, 'Pane per tramezzini'),
(245, 'Pasta frolla (vedere ricetta)'),
(246, 'Confezione pasta per focaccia'),
(247, 'Olive verdi denocciolate'),
(248, 'Cioccolato al latte'),
(249, 'Kit Kat'),
(250, 'Smarties'),
(251, 'Wafer con crema alle nocciole'),
(252, 'Farina di mandorle'),
(253, 'Spaghetti integrali'),
(254, 'Panna da montare già zuccherata'),
(255, 'Topping all\'amarena'),
(256, 'Zucca'),
(257, 'Zucca da cotta'),
(258, 'Aceto'),
(259, 'Cetriolini sott\'aceto'),
(260, 'Cetriolo'),
(261, 'Menta fresca'),
(262, 'Amido di mais'),
(263, 'Alchermes'),
(264, 'Caffè'),
(265, 'Mezze maniche'),
(266, 'Farfalle'),
(267, 'Grana in scaglie'),
(268, 'Rametto rosmarino'),
(269, 'Patate medio piccole'),
(270, 'Crema spalmabile al cioccolato'),
(271, 'Frutti di bosco freschi'),
(272, 'Yogurt bianco con lo 0,1% di grassi'),
(273, 'Farina 0'),
(274, 'Maggiorana'),
(275, 'Ceci precotti e sgocciolati'),
(276, 'Avocado piccolo'),
(277, 'Semi di zucca sgusciati'),
(278, 'Tahina'),
(279, 'Pomodorini datterini '),
(281, 'Zucchero semolato'),
(282, 'Caffè solubile'),
(283, 'Pandoro'),
(284, 'Panna fresca da montare non zuccherata'),
(285, 'Mais dolce al vapore'),
(286, 'Avocado'),
(287, 'Aceto di mele'),
(288, 'Sciroppo d\'acero'),
(289, 'Lievito di birra fresco a cubetto'),
(290, 'Semi di zucca'),
(291, 'Semi di girasole'),
(292, 'Cubetti di ghiaccio'),
(293, 'Caffè espresso'),
(294, 'Panna da montare'),
(295, 'Sciroppo di cioccolato'),
(297, 'Friselle'),
(298, 'Aceto balsamico'),
(299, 'Senape'),
(300, 'Foglie di insalata'),
(301, 'Noce di burro'),
(302, 'Foglie di basilico'),
(303, 'Foglie di basilico per la decorazione'),
(304, 'Linguine di grano duro'),
(305, 'Parmigiano Reggiano grattugiato'),
(306, 'Tonno sott\'olio pesato sgocciolato'),
(307, 'Capperi sott\'aceto'),
(308, 'Polpa di zucca'),
(309, 'Semola rimacinata di grano duro (per spolverare il'),
(310, 'Gorgonzola dolce'),
(311, 'Pasta di grano duro'),
(312, 'Peperone rosso piuttosto grosso'),
(313, 'Peperone giallo piuttosto grosso'),
(314, 'Acciughe sott\'olio sgocciolate'),
(315, 'Fiori di zucca'),
(316, 'Riso da risotto'),
(317, 'Funghi secchi'),
(318, 'Zafferano in polvere'),
(319, 'Cipolla disidratata'),
(320, 'Zucchero di canna muscovado'),
(321, 'Frutta secca a piacere'),
(322, 'Alcool'),
(323, 'Marsala '),
(324, 'Nocciole sgusciate'),
(325, 'Zucchero di canna chiaro'),
(326, 'Olio di riso'),
(327, 'Semi di una bacca di vaniglia'),
(328, 'Mandorle tostate'),
(329, 'Zucca pulita'),
(330, 'Vino bianco'),
(331, 'Riso Carnaroli'),
(332, 'Patate di medie dimensioni'),
(333, 'Asparagi freschi'),
(334, 'Foglie di salvia'),
(335, 'Piadine all\'olio di oliva'),
(336, 'Ceci precotti con mezza tazzina della loro acqua d'),
(337, 'Orzo perlato'),
(338, 'Ceci precotti'),
(339, 'Fusilli di grano duro'),
(340, 'Grossa carota'),
(341, 'Mais al vapore'),
(342, 'Spicchio d\'aglio (se gradito)'),
(343, 'Ricotta sgocciolata'),
(344, 'Melanzana di dimensioni medie'),
(345, 'Formaggio cheddar (meglio se stagionato)'),
(346, 'Burro (più quello per la teglia)'),
(347, 'Mini pipe rigate \"I piccolini\"'),
(348, 'Formaggio misto grattugiato'),
(349, 'Pasta cellentani'),
(350, 'Panna fresca non zuccherata'),
(351, 'Confettura di lamponi'),
(352, 'Albume pastorizzato (brick)'),
(353, 'Cremor tartaro'),
(354, 'Biscotti tipo digestive'),
(355, 'Formaggio spalmabile'),
(356, 'Panna'),
(357, 'Mirtilli freschi'),
(358, 'Buccia di arancia grattugiata (o un aroma a scelta'),
(359, 'Ricotta fresca (di latte vaccino, di pecora o mist'),
(360, '1/4 di cipolla'),
(361, 'Gelatina in fogli'),
(362, 'Foglioline di menta'),
(363, 'Scamorza affumicata'),
(364, 'Mele Royal gala'),
(365, 'Erbe aromatiche (rosmarino, timo, origano a scelta'),
(366, 'Funghi misti'),
(367, 'Mozzarella sgocciolata (o fiordilatte)'),
(368, 'Bacca di vaniglia o mezzo cucchiaino  di estratto '),
(369, 'Peperoncino (opzionale)'),
(370, 'Fiordilatte'),
(371, 'A piacere funghi, prosciutto olive ecc.'),
(372, 'Zucca (pesata senza buccia e senza semi)'),
(373, 'Semola rimacinata di grano duro'),
(374, 'Pomodorini ciliegini'),
(375, 'Scaglie di parmigiano'),
(376, 'Orecchiette'),
(377, 'Grosso peperone'),
(378, 'Zucchine lunghe'),
(379, 'Menta (opzionale)'),
(380, 'Ricotta e/o robiola'),
(381, 'Gamberi'),
(382, 'Radice di zenzero'),
(383, 'Olio di cocco'),
(384, 'Latte di cocco'),
(385, 'Pasta di curry gialla'),
(386, 'Kaffir lime'),
(387, 'Riso nero integrale'),
(388, 'Lime'),
(389, 'Curry in polvere'),
(390, 'Semi di mezza bacca di vaniglia '),
(391, 'Cioccolato da fondere'),
(392, 'Bonbon'),
(393, 'Caramelle'),
(394, 'Decorazioni di zucchero'),
(395, 'Cioccolatini'),
(396, 'Riso venere'),
(397, 'Fagioli edamame sgusciati'),
(398, 'Gamberetti'),
(399, 'Mais cotto al vapore'),
(400, 'Lime'),
(401, 'Riso'),
(402, 'Filetto di salmone (abbattuto o affumicato)'),
(403, 'Polpa di granchio'),
(404, 'Avena decorticata'),
(405, 'Burro di arachidi (senza zucchero e senza sale)'),
(406, 'Miso'),
(407, 'Avocado maturo'),
(408, 'Zucchine piuttosto grosse'),
(409, 'Formaggio caprino'),
(410, 'Yogurt al limone'),
(411, 'Uova grandi'),
(412, 'Scorza e succo limone'),
(413, 'Pasta tipo tubetti'),
(414, 'Piselli surgelati'),
(415, 'Ricotta salata'),
(416, 'Pecorino stagionato'),
(417, 'Cipolla bianca piccola'),
(418, 'Pancetta affumicata'),
(419, 'Riso basmati'),
(420, 'Pisellini primavera'),
(421, 'Prosciutto cotto a dadini'),
(422, 'Cipollotto fresco piccolo'),
(423, 'Olio di semi di soia'),
(424, 'Miele millefiori'),
(425, 'Lievito di birra secco per dolci lievitati'),
(426, 'Ricotta vaccina'),
(427, 'Pomodori ramati'),
(428, 'Aroma vaniglia'),
(429, 'Yogurt bianco magro'),
(430, 'Mozzarella a dadini'),
(431, 'Spinaci lessati e strizzati'),
(432, 'Burro fuso'),
(433, 'Maizena'),
(434, 'Farina 0'),
(435, 'Salsa di pomodoro con origano'),
(436, 'Peperoni rossi'),
(437, 'Peperoni gialli'),
(438, 'Aceto bianco'),
(439, 'Cioccolato fondente al 70%'),
(440, 'Crema spalmabile alle nocciole'),
(441, 'Ovetti di Pasqua colorati'),
(443, 'Casarecce pasta'),
(444, 'Mollica di pane fresco'),
(445, 'Pomodori pachino'),
(446, 'Glassa di aceto balsamico'),
(447, 'Pasta sfoglia rettangolare xl'),
(448, 'Scamorza a fette'),
(449, 'Uovo per spennellare'),
(450, 'Carote già pesate e pulite'),
(451, 'Farina tipo 0'),
(452, 'Formaggio Philadelphia'),
(453, 'Zucchero a velo vanigliato'),
(454, 'Tuorlo per spennellare'),
(455, 'Scorza grattugiata di limone'),
(456, 'Zucca pulita senza buccia (1 Kg con buccia)'),
(457, 'Pane toast'),
(458, 'Composta di albicocche'),
(459, 'Composta di lamponi'),
(460, 'Lievito di birra disidratato'),
(461, 'Patate bollite'),
(462, 'Tonno sott\'olio'),
(463, 'Pangrattato '),
(464, 'Tonno sott\'olio sgocciolato'),
(465, 'Lievito istantaneo per torte salate'),
(466, 'Pasta sfoglia rotonda'),
(467, 'Edamer a fette'),
(468, 'Barrette cioccolato fondente'),
(469, 'Barrette cioccolato bianco'),
(470, 'Zuccherini di Natale'),
(471, 'Barrette cioccolato al latte'),
(472, 'Zuccherini colorati'),
(473, 'Biscottini'),
(474, 'Granella di pistacchio'),
(475, 'Pomodorini rossi'),
(476, 'Pomodorini gialli'),
(477, 'Foglioline basilico'),
(478, 'Acqua frizzante'),
(479, 'Pesto'),
(480, 'Olive a rondelle'),
(481, 'Mais in scatola'),
(482, 'Salatini stick'),
(483, 'Aromi a piacere (rosmarino, aromi per arrosto)'),
(484, 'Latte bicchiere colmo'),
(485, 'Rotolo di pasta sfoglia'),
(486, 'Fette di pane'),
(487, 'Lattuga iceberg'),
(488, 'Uova di quaglia'),
(489, 'Fettine di vitello'),
(490, 'Rosmarino rametto'),
(491, 'Orzoro'),
(492, 'Ghiaccio'),
(493, 'Panatura di pangrattato '),
(494, 'Limone scorza'),
(495, 'Tuorli dal peso di 74 g in totale'),
(496, 'Scorzetta di limone'),
(497, '1/2 Limoni per scorza e succo'),
(498, '1/2 Fialetta aroma limone (facoltativa)'),
(511, 'Farina di cocco'),
(512, 'Rum'),
(513, 'Filetti di merluzzo freschi o surgelati'),
(514, 'Patate novelle precotte'),
(515, 'Pasta brisè 1 rotolo'),
(516, 'Marmellata di fragole'),
(517, 'Tè matcha'),
(518, 'Barattolo di vetro con il tappo'),
(519, 'Insalatina'),
(520, 'Caciotta'),
(521, 'Mele golden già pulite');

-- --------------------------------------------------------

--
-- Struttura della tabella `ingrediente_ricetta`
--

CREATE TABLE `ingrediente_ricetta` (
  `id_ingrediente_ricetta` int NOT NULL,
  `quantita_ingrediente` double DEFAULT NULL,
  `id_ingrediente` int DEFAULT NULL,
  `id_ricetta` int DEFAULT NULL,
  `id_unita_misura` int DEFAULT NULL
) ENGINE=InnoDB DEFAULT CHARSET=utf8mb4 COLLATE=utf8mb4_general_ci;

--
-- Dump dei dati per la tabella `ingrediente_ricetta`
--

INSERT INTO `ingrediente_ricetta` (`id_ingrediente_ricetta`, `quantita_ingrediente`, `id_ingrediente`, `id_ricetta`, `id_unita_misura`) VALUES
(26, 150, 11, 16, 5),
(27, 50, 16, 16, 5),
(28, 200, 17, 16, 5),
(30, 1, 19, 16, 2),
(40, 0, 29, 18, 6),
(41, 4, 30, 18, 1),
(42, 0, 31, 18, 6),
(43, 0, 32, 18, 6),
(44, 1, 33, 18, 0),
(45, 2, 34, 18, 0),
(46, 250, 35, 19, 5),
(47, 1, 38, 19, 0),
(48, 250, 36, 19, 10),
(49, 6, 37, 19, 0),
(50, 300, 39, 19, 10),
(51, NULL, 31, 19, 6),
(58, 240, 11, 21, 5),
(59, 135, 42, 21, 5),
(60, 5, 31, 21, 5),
(61, NULL, 44, 21, 6),
(62, 2, 27, 22, 0),
(63, 160, 45, 22, 5),
(64, 50, 46, 22, 5),
(65, 1, 47, 22, 2),
(66, NULL, 31, 22, 6),
(67, NULL, 48, 22, 6),
(68, NULL, 49, 22, 6),
(72, 2, 50, 24, 0),
(73, 1, 51, 24, 0),
(74, 1, 52, 24, 0),
(75, NULL, 31, 24, 6),
(76, NULL, 53, 24, 6),
(83, 100, 60, 26, 5),
(84, NULL, 57, 26, 6),
(85, NULL, 33, 26, 6),
(86, 100, 58, 26, 5),
(87, NULL, 47, 26, 6),
(88, NULL, 31, 26, 6),
(89, NULL, 59, 26, 6),
(92, 1, 51, 29, 0),
(93, 1, 38, 29, 0),
(94, NULL, 33, 29, 6),
(95, NULL, 47, 29, 6),
(96, NULL, 31, 29, 6),
(97, NULL, 48, 29, 6),
(98, NULL, 61, 29, 6),
(105, 4, 63, 31, 0),
(106, 120, 26, 31, 5),
(107, 10, 25, 31, 5),
(108, 2, 62, 31, 5),
(109, NULL, 17, 31, 6),
(120, 150, 11, 34, 5),
(121, 5, 66, 34, 5),
(122, 2, 47, 34, 2),
(123, 125, 67, 34, 7),
(124, 30, 68, 34, 7),
(125, NULL, 31, 34, 6),
(127, NULL, 39, 35, 6),
(128, 250, 38, 35, 5),
(129, NULL, 70, 35, 6),
(130, 2, 50, 36, 0),
(131, 150, 16, 36, 5),
(132, 60, 17, 36, 5),
(133, 100, 18, 36, 5),
(134, 8, 19, 36, 5),
(135, 420, 11, 36, 5),
(136, 30, 25, 36, 5),
(137, 100, 71, 36, 5),
(138, NULL, 72, 36, 6),
(139, 1, 73, 37, 0),
(140, 3, 47, 37, 1),
(141, NULL, 59, 37, 6),
(142, NULL, 74, 37, 6),
(143, NULL, 75, 37, 6),
(144, 1, 1, 37, 0),
(145, NULL, 31, 37, 6),
(146, NULL, 48, 37, 6),
(147, NULL, 77, 37, 6),
(157, 450, 11, 39, 5),
(158, 60, 16, 39, 5),
(159, 60, 82, 39, 5),
(160, 10, 31, 39, 5),
(161, 225, 17, 39, 7),
(162, 1, 83, 39, 0),
(163, 65, 16, 39, 5),
(164, 10, 79, 39, 5),
(165, 500, 84, 40, 5),
(166, 200, 85, 40, 5),
(167, 150, 16, 40, 5),
(168, 50, 25, 40, 5),
(169, 200, 17, 40, 7),
(170, 150, 82, 40, 5),
(171, 200, 86, 40, 7),
(172, 300, 9, 40, 5),
(173, 200, 11, 41, 5),
(174, NULL, 87, 41, 6),
(175, 500, 27, 41, 5),
(176, 50, 5, 41, 5),
(178, NULL, 31, 41, 6),
(179, 1, 22, 42, 8),
(180, 4, 50, 42, 0),
(181, 300, 16, 42, 5),
(182, 80, 71, 42, 5),
(183, 90, 11, 42, 5),
(184, NULL, 88, 42, 6),
(185, 600, 27, 43, 5),
(186, 2, 89, 43, 1),
(187, 1, 47, 43, 1),
(188, 1, 90, 43, 1),
(189, NULL, 91, 43, 6),
(190, NULL, 59, 43, 6),
(191, 1, 13, 44, 0),
(192, NULL, 92, 44, 6),
(193, NULL, 33, 44, 6),
(194, NULL, 47, 44, 6),
(195, 1, 93, 44, 1),
(196, NULL, 31, 44, 6),
(197, 1, 4, 44, 0),
(198, 2, 10, 45, 0),
(199, 70, 95, 45, 5),
(200, 50, 9, 45, 5),
(201, NULL, 96, 45, 6),
(202, NULL, 98, 46, 6),
(203, NULL, 11, 46, 6),
(204, 1, 97, 46, 0),
(205, NULL, 31, 46, 6),
(206, 400, 60, 47, 5),
(207, 450, 33, 47, 5),
(208, 2, 75, 47, 0),
(209, NULL, 47, 47, 6),
(210, 100, 99, 47, 5),
(211, 100, 5, 47, 5),
(212, NULL, 44, 47, 6),
(213, NULL, 41, 47, 6),
(214, NULL, 31, 47, 6),
(215, 4, 50, 48, 0),
(216, 50, 5, 48, 5),
(217, 150, 17, 48, 5),
(218, 100, 18, 48, 5),
(219, 380, 11, 48, 5),
(220, 15, 56, 48, 5),
(221, 2, 31, 48, 2),
(222, 1, 16, 48, 2),
(223, 150, 100, 48, 5),
(224, 100, 101, 48, 5),
(225, 50, 102, 48, 5),
(233, 3, 50, 50, 0),
(234, 170, 16, 50, 5),
(235, 200, 17, 50, 7),
(236, 70, 18, 50, 7),
(237, 1, 104, 50, 3),
(238, NULL, 105, 50, 1),
(239, 300, 11, 50, 5),
(240, NULL, 31, 50, 6),
(241, 500, 11, 51, 5),
(242, 250, 16, 51, 5),
(243, 3, 50, 51, 0),
(244, 1, 18, 51, 0),
(245, 10, 19, 51, 5),
(246, 20, 25, 51, 5),
(247, 100, 82, 52, 5),
(248, 100, 109, 52, 5),
(249, 280, 11, 52, 5),
(250, 1, 106, 52, 0),
(251, 1, 19, 52, 2),
(252, 1, 107, 52, 0),
(253, 1, 31, 52, 0),
(254, NULL, 108, 52, 6),
(255, 100, 109, 52, 5),
(256, NULL, 110, 52, 6),
(257, NULL, 42, 52, 6),
(258, 140, 11, 53, 5),
(259, 50, 109, 53, 5),
(260, 60, 82, 53, 5),
(261, NULL, 31, 53, 6),
(262, 1, 107, 53, 0),
(263, 75, 16, 53, 5),
(264, 1, 107, 53, 0),
(265, 75, 11, 53, 5),
(266, 75, 82, 53, 5),
(267, 25, 25, 53, 5),
(268, 20, 111, 53, 5),
(269, 1, 19, 53, 2),
(270, 50, 17, 53, 7),
(271, 3, 112, 53, 0),
(272, NULL, 109, 53, 6),
(273, 1, 13, 54, 0),
(274, NULL, 39, 54, 6),
(275, NULL, 52, 54, 6),
(276, NULL, 101, 54, 6),
(277, NULL, 31, 54, 6),
(278, NULL, 38, 54, 6),
(279, 40, 95, 55, 5),
(280, 1, 10, 55, 0),
(281, 10, 118, 55, 5),
(282, 125, 26, 55, 5),
(283, 1, 62, 55, 2),
(284, 10, 25, 55, 5),
(285, 1, 62, 55, 2),
(286, 20, 42, 55, 7),
(287, 400, 11, 56, 5),
(288, 100, 113, 56, 5),
(289, 120, 114, 56, 5),
(290, 7, 115, 56, 5),
(291, 1, 16, 56, 2),
(292, 10, 31, 56, 5),
(293, 300, 42, 56, 5),
(294, 1, 47, 56, 1),
(295, 250, 33, 56, 5),
(296, NULL, 116, 56, 6),
(297, NULL, 47, 56, 6),
(298, NULL, 44, 56, 6),
(299, NULL, 31, 56, 6),
(300, 2, 12, 57, 0),
(301, 200, 58, 57, 5),
(302, NULL, 47, 57, 6),
(303, NULL, 31, 57, 0),
(304, NULL, 48, 57, 0),
(305, NULL, 59, 57, 0),
(306, 1, 1, 57, 0),
(307, 450, 11, 58, 5),
(308, 400, 42, 58, 7),
(309, 100, 119, 58, 7),
(310, 20, 31, 58, 5),
(311, 20, 47, 58, 5),
(312, 20, 120, 58, 5),
(313, 10, 16, 58, 5),
(314, 7, 115, 58, 5),
(315, NULL, 43, 58, 6),
(316, 4, 50, 59, 0),
(317, 250, 16, 59, 5),
(318, 150, 18, 59, 5),
(319, 120, 17, 59, 5),
(320, 300, 11, 59, 5),
(321, 8, 19, 59, 5),
(322, 5, 31, 59, 5),
(323, 1, 1, 59, 0),
(324, 1, 121, 59, 11),
(325, NULL, 109, 59, 6),
(326, 290, 11, 60, 5),
(327, 80, 16, 60, 5),
(328, 2, 50, 60, 0),
(329, 80, 18, 60, 5),
(330, 5, 19, 60, 5),
(331, NULL, 31, 60, 6),
(332, 4, 122, 60, 12),
(333, NULL, 85, 60, 6),
(334, NULL, 109, 60, 6),
(343, 200, 11, 62, 5),
(344, 50, 42, 62, 7),
(345, 70, 18, 62, 7),
(346, NULL, 31, 62, 6),
(347, 2, 126, 62, 0),
(348, 1, 124, 62, 0),
(349, NULL, 47, 62, 6),
(350, 1, 75, 62, 13),
(351, 250, 22, 62, 5),
(352, 2, 50, 62, 0),
(353, NULL, 5, 62, 6),
(354, NULL, 31, 62, 6),
(355, NULL, 48, 62, 6),
(356, NULL, 87, 62, 6),
(357, 4, 12, 63, 0),
(358, 3, 41, 63, 12),
(359, 1, 5, 63, 1),
(360, NULL, 89, 63, 6),
(361, NULL, 47, 63, 6),
(362, NULL, 31, 63, 6),
(363, NULL, 48, 63, 6),
(384, 1, 107, 41, 0),
(393, 600, 129, 67, 5),
(394, 4, 41, 67, 12),
(395, NULL, 47, 67, 6),
(396, 1, 130, 67, 2),
(397, 7, 27, 67, 0),
(398, NULL, 31, 67, 6),
(399, NULL, 43, 67, 6),
(400, 0.5, 80, 67, 0),
(401, 200, 58, 68, 5),
(402, 200, 33, 68, 5),
(403, NULL, 116, 68, 6),
(404, NULL, 31, 68, 6),
(405, NULL, 47, 68, 6),
(406, NULL, 44, 68, 6),
(407, NULL, 47, 69, 6),
(408, NULL, 91, 69, 6),
(409, 700, 133, 69, 5),
(410, NULL, 31, 69, 6),
(411, NULL, 48, 69, 6),
(412, 250, 131, 69, 5),
(413, 500, 132, 69, 7),
(414, NULL, 5, 69, 6),
(415, 24, 135, 70, 0),
(416, 250, 132, 70, 5),
(417, 150, 101, 70, 5),
(418, 150, 7, 70, 5),
(419, 50, 5, 70, 5),
(420, 2, 12, 70, 0),
(421, 0, 31, 70, 6),
(422, 0, 48, 70, 6),
(423, 4, 136, 71, 0),
(424, 200, 101, 71, 5),
(425, 200, 92, 71, 5),
(426, 60, 5, 71, 5),
(427, 150, 137, 71, 5),
(428, NULL, 61, 71, 6),
(429, NULL, 31, 71, 6),
(430, NULL, 48, 71, 6),
(431, NULL, 47, 71, 6),
(432, 400, 138, 72, 5),
(433, 500, 133, 72, 5),
(435, 3, 47, 72, 1),
(436, 4, 5, 72, 1),
(437, NULL, 31, 72, 6),
(438, NULL, 48, 72, 6),
(439, 300, 140, 73, 5),
(440, 2, 12, 73, 0),
(441, 2, 141, 73, 0),
(442, 12, 142, 73, 0),
(443, NULL, 143, 73, 6),
(444, 3, 144, 73, 12),
(445, 1, 75, 73, 13),
(446, NULL, 47, 73, 6),
(447, NULL, 31, 73, 6),
(448, 4, 78, 74, 0),
(449, 1, 146, 74, 0),
(450, 80, 82, 74, 5),
(451, 80, 11, 74, 5),
(452, 80, 81, 74, 5),
(460, 1, 149, 76, 8),
(461, 500, 98, 76, 5),
(462, 4, 27, 76, 0),
(463, NULL, 47, 76, 6),
(464, NULL, 48, 76, 6),
(465, NULL, 91, 76, 6),
(466, 2, 41, 76, 12),
(467, NULL, 43, 76, 6),
(468, 150, 17, 77, 5),
(469, 120, 18, 77, 5),
(470, 120, 16, 77, 5),
(471, 1, 150, 77, 0),
(472, 1, 121, 77, 11),
(473, 8, 19, 77, 5),
(474, 450, 11, 77, 5),
(482, 2, 156, 79, 0),
(483, NULL, 31, 79, 6),
(484, NULL, 48, 79, 6),
(485, NULL, 38, 79, 6),
(486, NULL, 39, 79, 6),
(487, NULL, 44, 79, 6),
(488, 2, 50, 80, 0),
(489, 150, 17, 80, 5),
(490, NULL, 31, 80, 6),
(491, NULL, 48, 80, 6),
(492, 90, 11, 80, 5),
(493, 0.5, 47, 80, 2),
(494, 2, 157, 81, 0),
(495, NULL, 47, 81, 6),
(496, 1, 50, 81, 0),
(497, NULL, 5, 81, 6),
(498, NULL, 31, 81, 6),
(499, NULL, 48, 81, 6),
(500, NULL, 59, 81, 6),
(501, 300, 86, 82, 7),
(502, 500, 22, 82, 5),
(503, 100, 158, 82, 5),
(504, 100, 71, 82, 5),
(505, 25, 159, 82, 0),
(506, 0, 17, 82, 6),
(507, 0, 71, 82, 6),
(514, 250, 11, 84, 5),
(515, 250, 161, 84, 5),
(516, 21, 162, 84, 5),
(517, 125, 164, 84, 5),
(518, 100, 16, 84, 5),
(519, 1, 107, 84, 0),
(520, 80, 18, 84, 5),
(521, 0.5, 150, 84, 0),
(522, 100, 163, 84, 7),
(523, NULL, 109, 84, 6),
(560, 300, 11, 89, 5),
(561, 3, 47, 89, 12),
(562, 180, 127, 89, 5),
(563, 1, 174, 89, 2),
(564, 2, 31, 89, 14),
(565, 1, 80, 89, 2),
(566, 1, 11, 89, 1),
(567, NULL, 47, 89, 6),
(568, 10, 33, 89, 0),
(569, NULL, 31, 89, 6),
(570, NULL, 44, 89, 6),
(571, 6, 175, 89, 14),
(579, 200, 11, 91, 5),
(580, 90, 81, 91, 5),
(581, 4, 18, 91, 12),
(582, 1, 107, 91, 0),
(583, 3, 68, 91, 12),
(584, 0.5, 150, 91, 0),
(585, NULL, 177, 91, 6),
(594, 150, 178, 93, 5),
(595, 50, 179, 93, 5),
(596, 50, 18, 93, 5),
(597, 50, 68, 93, 5),
(598, NULL, 108, 93, 6),
(599, 8, 19, 93, 5),
(600, NULL, 31, 93, 6),
(601, 200, 26, 94, 5),
(602, NULL, 180, 94, 6),
(603, 1, 80, 94, 0),
(604, 1, 29, 94, 2),
(605, 4, 47, 94, 12),
(606, 500, 68, 95, 7),
(607, 40, 181, 95, 5),
(608, 60, 109, 95, 5),
(609, 1, 150, 95, 0),
(610, 1, 183, 95, 0),
(611, 0.5, 182, 95, 2),
(612, 35, 184, 96, 5),
(613, 80, 68, 96, 7),
(614, 150, 26, 96, 5),
(615, 2, 62, 96, 14),
(616, 8, 25, 96, 5),
(617, 5, 23, 96, 5),
(618, 5, 184, 96, 5),
(619, 250, 2, 97, 5),
(620, 50, 4, 97, 5),
(621, NULL, 48, 97, 6),
(622, 70, 3, 97, 5),
(623, 40, 5, 97, 5),
(624, 2, 186, 97, 0),
(625, 30, 80, 97, 7),
(626, NULL, 31, 97, 6),
(627, 60, 47, 97, 7),
(628, 20, 42, 97, 7),
(629, 5, 27, 98, 0),
(630, 30, 5, 98, 5),
(631, 160, 92, 98, 5),
(632, NULL, 43, 98, 6),
(633, NULL, 31, 98, 6),
(634, 200, 187, 99, 5),
(635, 250, 39, 99, 7),
(636, 0.5, 139, 99, 0),
(637, 400, 188, 99, 7),
(638, NULL, 47, 99, 6),
(639, NULL, 31, 99, 6),
(640, NULL, 61, 99, 6),
(641, 40, 5, 99, 5),
(642, 6, 50, 100, 0),
(643, 1, 52, 100, 0),
(644, 6, 33, 100, 0),
(645, 0.5, 139, 100, 0),
(646, NULL, 31, 100, 6),
(647, NULL, 48, 100, 6),
(648, NULL, 59, 100, 6),
(649, 40, 5, 100, 5),
(650, 1, 189, 100, 0),
(651, 1, 114, 100, 0),
(652, NULL, 47, 100, 6),
(653, NULL, 169, 100, 6),
(661, 110, 17, 102, 7),
(662, 220, 18, 102, 7),
(663, 0.5, 1, 102, 0),
(664, NULL, 31, 102, 6),
(665, 1, 182, 102, 1),
(666, NULL, 48, 102, 6),
(667, NULL, 49, 102, 6),
(668, 500, 149, 103, 5),
(669, 750, 42, 103, 7),
(670, NULL, 31, 103, 6),
(671, 100, 192, 103, 5),
(672, NULL, 193, 103, 6),
(673, NULL, 194, 103, 6),
(674, NULL, 75, 103, 6),
(675, NULL, 43, 103, 6),
(676, NULL, 47, 103, 6),
(677, 250, 131, 104, 5),
(678, 200, 15, 104, 5),
(679, 400, 12, 104, 5),
(680, 0.5, 139, 104, 0),
(681, 500, 132, 104, 7),
(682, 1, 1, 104, 0),
(683, 250, 38, 104, 5),
(684, NULL, 41, 104, 6),
(685, NULL, 31, 104, 6),
(686, NULL, 47, 104, 6),
(687, 300, 11, 105, 5),
(688, 75, 173, 105, 5),
(689, 90, 18, 105, 5),
(690, 105, 16, 105, 5),
(691, 105, 68, 105, 5),
(692, 1, 23, 105, 1),
(693, NULL, 31, 105, 6),
(694, 1, 19, 105, 11),
(695, 6, 195, 106, 0),
(696, 150, 33, 106, 5),
(697, 70, 47, 106, 7),
(698, 4, 75, 106, 15),
(699, 1, 196, 106, 2),
(700, NULL, 31, 106, 6),
(701, 150, 116, 106, 5),
(702, NULL, 11, 106, 6),
(703, 1, 1, 106, 0),
(704, 1, 42, 106, 4),
(705, NULL, 44, 106, 6),
(706, NULL, 43, 106, 6),
(715, 250, 11, 108, 5),
(716, 80, 109, 108, 5),
(717, 60, 42, 108, 7),
(718, 60, 18, 108, 7),
(719, 1, 1, 108, 0),
(720, 250, 22, 108, 5),
(721, 70, 109, 108, 5),
(722, 60, 197, 108, 5),
(723, 60, 198, 108, 5),
(739, 500, 149, 111, 5),
(740, NULL, 43, 111, 6),
(741, NULL, 203, 111, 6),
(742, NULL, 47, 111, 6),
(743, NULL, 31, 111, 6),
(744, NULL, 48, 111, 6),
(758, 150, 11, 114, 5),
(759, 50, 204, 114, 5),
(760, 100, 127, 114, 5),
(761, 24, 47, 114, 5),
(762, NULL, 31, 114, 6),
(763, NULL, 48, 114, 6),
(764, 250, 22, 114, 5),
(765, 400, 205, 114, 5),
(766, NULL, 5, 114, 6),
(767, NULL, 31, 114, 6),
(793, 4, 12, 119, 0),
(794, 125, 22, 119, 5),
(795, 4, 47, 119, 12),
(796, 0.5, 1, 119, 0),
(797, 1, 124, 119, 0),
(798, NULL, 31, 119, 6),
(799, NULL, 48, 119, 6),
(818, 500, 11, 123, 5),
(819, 1, 16, 123, 2),
(820, 0.5, 31, 123, 2),
(821, 350, 127, 123, 5),
(822, 15, 212, 123, 0),
(823, 7, 162, 123, 5),
(838, 3, 50, 125, 0),
(839, NULL, 31, 125, 6),
(840, 40, 5, 125, 5),
(841, 100, 18, 125, 7),
(842, 1, 17, 125, 4),
(843, 230, 11, 125, 5),
(844, 1, 213, 125, 11),
(845, 100, 14, 125, 5),
(846, 2, 4, 125, 16),
(847, 150, 33, 125, 5),
(848, 100, 214, 125, 5),
(849, NULL, 215, 125, 6),
(850, 125, 164, 125, 5),
(878, 2, 223, 129, 0),
(879, 80, 28, 129, 5),
(880, 1, 29, 129, 1),
(881, 80, 30, 129, 5),
(882, 1, 150, 129, 0),
(883, NULL, 31, 129, 6),
(884, NULL, 48, 129, 6),
(885, 4, 157, 130, 0),
(886, 100, 22, 130, 5),
(887, 0.5, 150, 130, 0),
(888, 20, 224, 130, 0),
(889, 1, 52, 130, 0),
(890, NULL, 47, 130, 6),
(891, NULL, 31, 130, 6),
(892, NULL, 225, 130, 6),
(893, 1, 152, 131, 0),
(894, 300, 17, 131, 7),
(895, 75, 16, 131, 5),
(896, 3, 227, 131, 0),
(897, 20, 11, 131, 5),
(898, 1, 228, 131, 2),
(899, 10, 229, 131, 0),
(900, NULL, 64, 131, 6),
(901, NULL, 230, 131, 6),
(902, 330, 42, 132, 7),
(903, 250, 11, 132, 5),
(904, 200, 16, 132, 5),
(905, 100, 18, 132, 7),
(906, 90, 9, 132, 5),
(907, 1, 19, 132, 11),
(908, 1, 106, 132, 0),
(909, 250, 232, 133, 5),
(910, 150, 33, 133, 5),
(911, NULL, 31, 133, 6),
(912, NULL, 75, 133, 6),
(913, NULL, 44, 133, 6),
(914, NULL, 48, 133, 6),
(915, NULL, 215, 133, 6),
(929, 400, 98, 136, 5),
(930, 4, 12, 136, 0),
(931, 1, 223, 136, 0),
(932, 60, 41, 136, 5),
(933, NULL, 31, 136, 6),
(934, NULL, 48, 136, 6),
(935, NULL, 89, 136, 6),
(936, NULL, 47, 136, 6),
(946, 200, 60, 138, 5),
(947, 3, 12, 138, 0),
(948, NULL, 47, 138, 6),
(949, NULL, 31, 138, 6),
(950, NULL, 48, 138, 6),
(951, NULL, 14, 138, 6),
(952, NULL, 5, 138, 6),
(957, 25, 159, 140, 0),
(958, NULL, 17, 140, 6),
(959, 150, 197, 140, 5),
(960, 50, 16, 140, 5),
(961, 1, 80, 140, 0),
(962, 350, 86, 140, 7),
(963, 100, 158, 140, 5),
(964, NULL, 197, 140, 6),
(966, NULL, 91, 72, 6),
(967, 125, 67, 141, 7),
(968, 125, 163, 141, 7),
(969, 4, 162, 141, 5),
(970, 20, 16, 141, 5),
(971, 10, 31, 141, 5),
(972, 50, 47, 141, 5),
(973, 200, 11, 141, 5),
(974, 200, 161, 141, 5),
(975, 1, 236, 142, 0),
(976, 10, 25, 142, 5),
(977, 2, 127, 142, 14),
(978, 60, 11, 143, 5),
(979, 15, 81, 143, 5),
(980, 10, 25, 143, 5),
(981, 1, 31, 143, 0),
(982, 0.5, 237, 143, 2),
(983, 150, 17, 143, 7),
(984, 3, 238, 144, 0),
(985, 30, 22, 144, 5),
(986, NULL, 239, 144, 6),
(987, 1, 10, 144, 0),
(988, 5, 240, 145, 0),
(989, 400, 39, 145, 5),
(990, 150, 7, 145, 5),
(991, NULL, 44, 145, 6),
(992, NULL, 48, 145, 6),
(993, NULL, 31, 145, 6),
(994, NULL, 47, 145, 6),
(995, 158, 25, 146, 5),
(996, 90, 81, 146, 5),
(997, 160, 16, 146, 5),
(998, 100, 173, 146, 5),
(999, 0, 71, 146, 6),
(1000, 4, 242, 147, 14),
(1001, 200, 17, 147, 7),
(1002, NULL, 241, 147, 6),
(1003, NULL, 243, 147, 6),
(1004, NULL, 85, 147, 6),
(1005, 3, 11, 148, 12),
(1006, 2, 81, 148, 12),
(1007, 4, 68, 148, 12),
(1008, 2, 25, 148, 14),
(1009, 1, 237, 148, 2),
(1010, 1, 18, 148, 2),
(1011, 4, 244, 149, 0),
(1012, NULL, 122, 149, 6),
(1013, 100, 9, 149, 5),
(1014, 250, 42, 150, 5),
(1015, 150, 16, 150, 5),
(1016, 30, 173, 150, 5),
(1017, 30, 82, 150, 5),
(1018, 1, 107, 150, 0),
(1019, 50, 234, 150, 5),
(1020, 1, 150, 150, 0),
(1021, 280, 11, 150, 5),
(1022, 100, 16, 150, 5),
(1023, 1, 107, 150, 0),
(1024, 1, 153, 150, 0),
(1025, 80, 18, 150, 5),
(1026, 1, 19, 150, 2),
(1027, 1, 150, 150, 0),
(1028, NULL, 31, 150, 6),
(1029, NULL, 245, 151, 1),
(1030, NULL, 78, 151, 1),
(1031, NULL, 16, 151, 1),
(1032, NULL, 234, 151, 1),
(1033, NULL, 177, 151, 1),
(1034, NULL, 109, 151, 1),
(1039, 1, 246, 152, 0),
(1040, NULL, 101, 152, 6),
(1041, NULL, 7, 152, 6),
(1042, NULL, 116, 152, 6),
(1043, NULL, 31, 152, 6),
(1044, NULL, 47, 152, 6),
(1045, NULL, 156, 153, 6),
(1046, NULL, 12, 153, 6),
(1047, NULL, 167, 153, 6),
(1048, NULL, 168, 153, 6),
(1049, NULL, 141, 153, 6),
(1050, NULL, 27, 153, 6),
(1051, NULL, 33, 153, 6),
(1052, NULL, 31, 153, 6),
(1053, NULL, 47, 153, 6),
(1054, NULL, 90, 153, 6),
(1055, 250, 84, 154, 5),
(1056, 2, 50, 154, 0),
(1057, 250, 16, 154, 5),
(1058, 100, 82, 154, 5),
(1059, 75, 25, 154, 5),
(1060, 40, 21, 154, 7),
(1061, NULL, 109, 154, 6),
(1062, 150, 11, 155, 5),
(1063, 150, 16, 155, 5),
(1064, 6, 50, 155, 0),
(1065, 70, 25, 155, 5),
(1066, 40, 9, 155, 5),
(1067, 1, 23, 155, 1),
(1068, 1, 19, 155, 11),
(1069, 1, 31, 155, 0),
(1070, 200, 86, 155, 7),
(1071, 400, 122, 155, 5),
(1072, 100, 251, 155, 5),
(1073, 80, 85, 155, 5),
(1074, 200, 86, 155, 7),
(1075, 300, 248, 155, 5),
(1076, 11, 249, 155, 17),
(1077, 9, 176, 155, 17),
(1086, 500, 22, 157, 5),
(1087, 1, 50, 157, 0),
(1088, 12, 5, 157, 5),
(1089, 5, 31, 157, 5),
(1090, 300, 11, 157, 5),
(1091, NULL, 84, 158, 6),
(1092, 500, 254, 158, 7),
(1093, 125, 109, 158, 5),
(1094, 2, 50, 158, 0),
(1095, NULL, 255, 158, 6),
(1096, NULL, 25, 158, 6),
(1097, NULL, 17, 158, 6),
(1098, 400, 257, 159, 5),
(1099, 1, 107, 159, 0),
(1100, 100, 5, 159, 5),
(1101, 100, 41, 159, 5),
(1102, 3, 203, 159, 0),
(1103, NULL, 31, 159, 6),
(1104, NULL, 48, 159, 6),
(1105, NULL, 47, 159, 6),
(1106, 1, 107, 160, 0),
(1107, 200, 18, 160, 7),
(1108, 15, 234, 160, 7),
(1109, NULL, 31, 160, 6),
(1110, 2, 34, 161, 0),
(1111, 45, 30, 161, 5),
(1112, 50, 259, 161, 5),
(1113, 0.5, 234, 161, 0),
(1114, NULL, 48, 161, 6),
(1115, 250, 26, 162, 5),
(1116, 150, 260, 162, 5),
(1117, 2, 75, 162, 15),
(1118, 25, 47, 162, 7),
(1119, 20, 258, 162, 7),
(1120, NULL, 31, 162, 6),
(1121, NULL, 48, 162, 6),
(1122, NULL, 261, 162, 6),
(1123, 300, 14, 163, 5),
(1124, 250, 26, 163, 5),
(1125, 50, 101, 163, 5),
(1126, 50, 15, 163, 5),
(1127, 50, 212, 163, 5),
(1128, NULL, 101, 163, 6),
(1129, NULL, 15, 163, 6),
(1130, NULL, 212, 163, 6),
(1131, NULL, 49, 163, 6),
(1132, NULL, 61, 163, 6),
(1133, 1, 17, 164, 0),
(1134, 1, 105, 164, 0),
(1135, 4, 50, 164, 0),
(1136, 160, 16, 164, 5),
(1137, 60, 262, 164, 5),
(1138, 20, 25, 164, 5),
(1139, 30, 159, 164, 0),
(1140, NULL, 263, 164, 6),
(1141, NULL, 42, 164, 6),
(1142, NULL, 264, 164, 6),
(1143, 100, 265, 165, 5),
(1144, NULL, 33, 165, 6),
(1145, NULL, 38, 165, 6),
(1146, NULL, 61, 165, 6),
(1147, NULL, 47, 165, 6),
(1148, NULL, 31, 165, 6),
(1157, 16, 269, 167, 0),
(1158, NULL, 43, 167, 6),
(1159, NULL, 91, 167, 6),
(1160, NULL, 47, 167, 6),
(1161, NULL, 31, 167, 6),
(1162, NULL, 48, 167, 6),
(1163, 500, 272, 168, 5),
(1164, 35, 23, 168, 5),
(1165, 35, 239, 168, 5),
(1166, NULL, 271, 168, 6),
(1167, NULL, 85, 168, 6),
(1186, 250, 161, 171, 5),
(1187, 250, 273, 171, 5),
(1188, 200, 17, 171, 7),
(1189, 80, 16, 171, 5),
(1190, 1, 162, 171, 2),
(1191, 100, 82, 171, 5),
(1192, 1, 107, 171, 0),
(1193, 1, 31, 171, 2),
(1194, 250, 39, 171, 7),
(1195, 250, 38, 171, 5),
(1196, NULL, 61, 171, 6),
(1197, NULL, 90, 171, 6),
(1198, NULL, 47, 171, 6),
(1199, NULL, 31, 171, 6),
(1200, 60, 18, 172, 7),
(1201, 30, 82, 172, 5),
(1202, 30, 11, 172, 5),
(1203, 6, 12, 173, 0),
(1204, 3, 41, 173, 12),
(1205, 150, 11, 173, 5),
(1206, NULL, 44, 173, 6),
(1207, NULL, 274, 173, 6),
(1208, NULL, 74, 173, 6),
(1209, NULL, 47, 173, 6),
(1210, NULL, 31, 173, 6),
(1211, 200, 275, 174, 5),
(1212, 1, 276, 174, 0),
(1213, 3, 277, 174, 12),
(1214, 1, 1, 174, 0),
(1215, 1, 278, 174, 1),
(1216, 2, 144, 174, 12),
(1217, 12, 279, 174, 0),
(1218, NULL, 47, 174, 6),
(1219, NULL, 31, 174, 6),
(1220, 1, 107, 175, 0),
(1221, 40, 81, 175, 5),
(1222, 40, 281, 175, 5),
(1223, 1, 282, 175, 2),
(1224, 70, 18, 175, 7),
(1225, 200, 273, 175, 5),
(1226, 1, 19, 175, 2),
(1227, 50, 71, 175, 5),
(1228, 1, 283, 176, 0),
(1229, 500, 284, 176, 7),
(1230, 250, 22, 176, 5),
(1231, 50, 109, 176, 5),
(1232, NULL, 228, 176, 6),
(1233, NULL, 17, 176, 6),
(1234, NULL, 25, 176, 6),
(1245, NULL, 35, 178, 6),
(1246, NULL, 144, 178, 6),
(1247, NULL, 47, 178, 6),
(1248, NULL, 154, 178, 6),
(1249, 0.25, 54, 179, 0),
(1250, 1, 168, 179, 0),
(1251, 2, 141, 179, 0),
(1252, 300, 285, 179, 0),
(1253, 1, 286, 179, 0),
(1254, 1, 80, 179, 0),
(1255, 1, 144, 179, 4),
(1256, 1, 287, 179, 1),
(1257, 1, 288, 179, 1),
(1258, 3, 47, 179, 12),
(1259, NULL, 154, 179, 1),
(1260, NULL, 31, 179, 6),
(1261, 300, 273, 180, 5),
(1262, 150, 161, 180, 5),
(1263, 150, 42, 180, 7),
(1264, 1, 107, 180, 0),
(1265, 0.5, 289, 180, 3),
(1266, 30, 16, 180, 5),
(1267, 1, 23, 180, 1),
(1268, 1, 31, 180, 2),
(1269, 40, 82, 180, 5),
(1270, NULL, 17, 180, 6),
(1271, NULL, 291, 180, 6),
(1272, NULL, 155, 180, 6),
(1273, NULL, 154, 180, 6),
(1274, NULL, 290, 180, 6),
(1275, 12, 292, 181, 0),
(1276, 2, 71, 181, 12),
(1277, 1, 17, 181, 18),
(1278, 1, 293, 181, 4),
(1279, 1, 25, 181, 1),
(1280, 2, 16, 181, 12),
(1281, NULL, 294, 181, 6),
(1282, NULL, 295, 181, 6),
(1283, 4, 297, 182, 0),
(1284, 200, 275, 182, 5),
(1285, 1, 278, 182, 1),
(1286, 1, 75, 182, 13),
(1287, 1, 234, 182, 0),
(1288, NULL, 31, 182, 6),
(1289, 12, 279, 182, 0),
(1290, 1, 16, 182, 1),
(1291, 1, 298, 182, 1),
(1292, NULL, 47, 182, 6),
(1293, NULL, 90, 182, 6),
(1294, 1, 75, 182, 13),
(1295, NULL, 31, 182, 6),
(1296, 500, 17, 183, 7),
(1297, 50, 82, 183, 5),
(1298, 50, 11, 183, 5),
(1299, NULL, 31, 183, 6),
(1300, NULL, 87, 183, 6),
(1301, 500, 68, 184, 7),
(1302, 50, 173, 184, 5),
(1303, 1, 31, 184, 2),
(1304, NULL, 87, 184, 6),
(1305, 3, 50, 185, 0),
(1306, 3, 30, 185, 12),
(1307, 1, 299, 185, 0),
(1308, NULL, 31, 185, 6),
(1309, NULL, 48, 185, 6),
(1310, 4, 157, 185, 0),
(1311, 6, 300, 185, 0),
(1312, 1, 301, 185, 0),
(1313, 1, 276, 186, 0),
(1314, 8, 302, 186, 0),
(1315, 8, 303, 186, 0),
(1316, 2, 234, 186, 14),
(1317, 1, 31, 186, 19),
(1318, 200, 304, 186, 5),
(1319, 120, 17, 187, 7),
(1320, 30, 82, 187, 5),
(1321, 1, 11, 187, 2),
(1322, 60, 305, 187, 5),
(1323, NULL, 87, 187, 6),
(1324, NULL, 31, 187, 6),
(1325, 250, 22, 188, 5),
(1326, 200, 306, 188, 5),
(1327, 2, 307, 188, 12),
(1328, NULL, 225, 188, 6),
(1329, NULL, 31, 188, 6),
(1330, 500, 308, 189, 5),
(1331, 250, 273, 189, 5),
(1332, NULL, 309, 189, 6),
(1333, 1, 153, 189, 0),
(1334, 1, 87, 189, 19),
(1335, NULL, 31, 189, 6),
(1336, 250, 310, 189, 5),
(1337, 250, 17, 189, 7),
(1338, 2, 173, 189, 12),
(1339, 1, 301, 189, 0),
(1340, NULL, 31, 189, 6),
(1346, 5, 50, 191, 0),
(1347, 12, 315, 191, 0),
(1348, 3, 5, 191, 12),
(1349, NULL, 87, 191, 6),
(1350, NULL, 31, 191, 6),
(1351, NULL, 48, 191, 6),
(1352, NULL, 47, 191, 6),
(1353, 180, 316, 192, 5),
(1354, 30, 317, 192, 5),
(1355, 1, 318, 192, 11),
(1356, 1, 319, 192, 2),
(1357, NULL, 320, 193, 1),
(1358, NULL, 273, 193, 1),
(1359, NULL, 25, 193, 1),
(1360, NULL, 31, 193, 1),
(1361, NULL, 121, 193, 1),
(1362, NULL, 321, 193, 1),
(1363, 2, 227, 194, 0),
(1364, 65, 16, 194, 5),
(1365, 330, 17, 194, 7),
(1366, 1, 183, 194, 0),
(1367, 160, 322, 194, 7),
(1368, 160, 323, 194, 7),
(1369, 80, 324, 195, 5),
(1370, 100, 9, 195, 5),
(1371, 100, 17, 195, 7),
(1372, 60, 325, 195, 5),
(1373, 2, 326, 195, 1),
(1374, 1, 327, 195, 0),
(1375, 100, 9, 196, 5),
(1376, 140, 328, 196, 5),
(1377, 1, 18, 196, 2),
(1378, 500, 329, 197, 5),
(1379, 0.5, 330, 197, 18),
(1380, NULL, 31, 197, 6),
(1381, NULL, 47, 197, 6),
(1382, NULL, 48, 197, 6),
(1383, 1, 124, 197, 0),
(1384, 400, 187, 197, 5),
(1385, NULL, 43, 197, 0),
(1386, 1, 188, 197, 20),
(1387, 3, 332, 198, 0),
(1388, 200, 333, 198, 5),
(1389, 150, 33, 198, 5),
(1390, NULL, 43, 198, 6),
(1391, 2, 334, 198, 0),
(1392, 1, 75, 198, 13),
(1393, NULL, 47, 198, 6),
(1394, NULL, 31, 198, 6),
(1395, 500, 27, 199, 5),
(1396, 250, 333, 199, 5),
(1397, 100, 7, 199, 5),
(1398, 4, 5, 199, 12),
(1399, 1, 107, 199, 0),
(1400, 1, 87, 199, 19),
(1401, NULL, 41, 199, 6),
(1402, NULL, 47, 199, 6),
(1403, NULL, 31, 199, 6),
(1412, 100, 337, 201, 5),
(1413, 100, 338, 201, 5),
(1414, 150, 333, 201, 5),
(1415, 10, 279, 201, 0),
(1416, 0.5, 1, 201, 0),
(1417, NULL, 230, 201, 6),
(1418, NULL, 47, 201, 6),
(1419, NULL, 31, 201, 6),
(1428, 150, 38, 203, 5),
(1429, 8, 157, 203, 0),
(1430, 1, 107, 203, 0),
(1431, 1, 17, 203, 18),
(1432, NULL, 41, 203, 6),
(1433, NULL, 47, 203, 6),
(1434, NULL, 31, 203, 6),
(1435, 250, 343, 204, 5),
(1436, 1, 107, 204, 0),
(1437, 5, 5, 204, 12),
(1438, 1, 87, 204, 19),
(1439, 5, 41, 204, 12),
(1440, 500, 142, 204, 5),
(1441, 1, 262, 204, 1),
(1442, 1, 75, 204, 13),
(1443, NULL, 47, 204, 6),
(1444, NULL, 31, 204, 6),
(1445, 1, 344, 205, 0),
(1446, 50, 11, 205, 5),
(1447, 2, 50, 205, 0),
(1448, 150, 41, 205, 5),
(1449, NULL, 31, 205, 6),
(1450, NULL, 47, 205, 6),
(1451, 200, 345, 206, 5),
(1452, 40, 11, 206, 5),
(1453, 50, 346, 206, 5),
(1454, 800, 17, 206, 5),
(1455, 300, 349, 206, 5),
(1456, NULL, 348, 206, 6),
(1457, NULL, 31, 206, 6),
(1458, NULL, 87, 206, 6),
(1459, NULL, 41, 206, 6),
(1460, 60, 50, 207, 5),
(1461, 100, 16, 207, 5),
(1462, 180, 11, 207, 5),
(1463, 150, 17, 207, 7),
(1464, 60, 82, 207, 5),
(1465, 1, 19, 207, 11),
(1466, NULL, 228, 207, 6),
(1467, 300, 42, 207, 7),
(1468, 50, 23, 207, 5),
(1469, 500, 199, 207, 5),
(1470, 250, 350, 207, 5),
(1471, 30, 109, 207, 5),
(1472, 200, 351, 207, 5),
(1473, 250, 22, 208, 5),
(1474, 1, 47, 208, 1),
(1475, NULL, 31, 208, 6),
(1476, NULL, 225, 208, 6),
(1477, 60, 352, 209, 5),
(1478, 300, 109, 209, 5),
(1479, 1, 353, 209, 0),
(1480, 200, 354, 210, 5),
(1481, 80, 82, 210, 5),
(1482, 350, 355, 210, 5),
(1483, 200, 356, 210, 7),
(1484, 170, 16, 210, 5),
(1485, 3, 50, 210, 0),
(1486, 400, 357, 210, 5),
(1487, 1, 1, 210, 0),
(1488, NULL, 109, 210, 6),
(1489, 3, 227, 211, 0),
(1490, 350, 17, 211, 7),
(1491, 40, 11, 211, 5),
(1492, 120, 16, 211, 5),
(1493, 250, 199, 211, 5),
(1494, 1, 358, 211, 0),
(1495, 250, 311, 212, 5),
(1496, 500, 39, 212, 7),
(1497, 250, 359, 212, 5),
(1498, 60, 5, 212, 5),
(1499, NULL, 360, 212, 0),
(1500, NULL, 61, 212, 6),
(1501, NULL, 298, 212, 6),
(1502, NULL, 47, 212, 6),
(1503, NULL, 31, 212, 6),
(1504, 250, 354, 213, 5),
(1505, 150, 82, 213, 5),
(1506, 700, 355, 213, 5),
(1507, 400, 164, 213, 5),
(1508, 100, 16, 213, 5),
(1509, 15, 361, 213, 5),
(1510, NULL, 357, 213, 6),
(1511, NULL, 362, 213, 6),
(1512, 2, 50, 214, 0),
(1513, 2, 12, 214, 0),
(1514, 80, 58, 214, 5),
(1515, NULL, 47, 214, 6),
(1516, NULL, 31, 214, 6),
(1517, 250, 131, 215, 5),
(1518, 250, 156, 215, 5),
(1519, 400, 39, 215, 5),
(1520, 200, 363, 215, 5),
(1521, 500, 17, 215, 7),
(1522, 50, 11, 215, 5),
(1523, 50, 82, 215, 5),
(1524, 0.5, 139, 215, 0),
(1525, 2, 298, 215, 12),
(1526, NULL, 61, 215, 6),
(1527, NULL, 87, 215, 6),
(1528, NULL, 47, 215, 6),
(1529, NULL, 31, 215, 6),
(1530, 250, 273, 216, 5),
(1531, 40, 262, 216, 5),
(1532, 30, 85, 216, 5),
(1533, 120, 82, 216, 5),
(1534, 1, 107, 216, 0),
(1535, 100, 81, 216, 5),
(1536, 1, 150, 216, 0),
(1537, 1, 19, 216, 2),
(1538, 250, 22, 216, 5),
(1539, 1, 107, 216, 0),
(1540, 2, 81, 216, 12),
(1541, 3, 364, 216, 0),
(1542, 2, 81, 216, 12),
(1543, 1, 301, 216, 0),
(1544, 1, 234, 216, 0),
(1545, 1, 79, 216, 19),
(1546, 500, 27, 217, 5),
(1547, 150, 39, 217, 5),
(1548, 80, 102, 217, 5),
(1549, 2, 47, 217, 12),
(1550, 1, 75, 217, 13),
(1551, NULL, 365, 217, 6),
(1552, NULL, 31, 217, 6),
(1553, 250, 131, 218, 5),
(1554, 500, 366, 218, 5),
(1555, 100, 367, 218, 5),
(1556, 100, 5, 218, 5),
(1557, 750, 17, 218, 7),
(1558, 75, 82, 218, 5),
(1559, 75, 11, 218, 5),
(1560, 1, 75, 218, 13),
(1561, 1, 87, 218, 19),
(1562, NULL, 31, 218, 6),
(1563, NULL, 48, 218, 6),
(1564, NULL, 47, 218, 6),
(1571, 0.5, 183, 222, 0),
(1572, 250, 26, 222, 5),
(1573, 200, 198, 222, 5),
(1574, 2, 16, 222, 12),
(1575, 140, 165, 223, 5),
(1576, 160, 42, 223, 7),
(1577, 4, 142, 223, 0),
(1578, 1, 51, 223, 0),
(1579, 3, 141, 223, 0),
(1580, 1, 217, 223, 0),
(1581, 20, 279, 223, 0),
(1582, 0.5, 139, 223, 0),
(1583, NULL, 169, 223, 6),
(1584, NULL, 47, 223, 6),
(1585, NULL, 31, 223, 6),
(1586, 400, 142, 224, 5),
(1587, 1, 75, 224, 13),
(1588, NULL, 59, 224, 6),
(1589, NULL, 369, 224, 6),
(1590, NULL, 47, 224, 6),
(1591, NULL, 31, 224, 6),
(1600, 150, 11, 226, 5),
(1601, 80, 42, 226, 5),
(1602, 1, 47, 226, 1),
(1603, 0.5, 31, 226, 2),
(1604, 200, 39, 226, 5),
(1605, 100, 370, 226, 5),
(1606, NULL, 61, 226, 6),
(1607, NULL, 31, 226, 6),
(1608, NULL, 371, 226, 6),
(1609, 2, 50, 227, 0),
(1610, 130, 81, 227, 5),
(1611, 150, 11, 227, 5),
(1612, 70, 25, 227, 5),
(1613, 1, 164, 227, 22),
(1614, 50, 17, 227, 5),
(1615, 100, 18, 227, 7),
(1616, 100, 9, 227, 5),
(1617, 2, 282, 227, 14),
(1618, 1, 19, 227, 11),
(1619, NULL, 31, 227, 6),
(1620, 150, 11, 228, 5),
(1621, 80, 42, 228, 5),
(1622, 1, 47, 228, 1),
(1623, 0.5, 31, 228, 2),
(1624, 300, 372, 228, 5),
(1625, 100, 58, 228, 5),
(1626, 1, 107, 228, 0),
(1627, NULL, 79, 228, 6),
(1628, NULL, 87, 228, 6),
(1629, 1, 188, 228, 18),
(1630, NULL, 47, 228, 6),
(1631, NULL, 139, 228, 6),
(1639, 400, 376, 230, 5),
(1640, 100, 4, 230, 5),
(1641, 30, 5, 230, 5),
(1642, 40, 143, 230, 5),
(1643, NULL, 47, 230, 6),
(1644, 0.5, 75, 230, 13),
(1645, 10, 374, 230, 0),
(1646, NULL, 375, 230, 6),
(1682, 400, 73, 235, 5),
(1683, 6, 41, 235, 12),
(1684, 1, 389, 235, 1),
(1685, 5, 47, 235, 12),
(1686, NULL, 31, 235, 6),
(1687, NULL, 59, 235, 6),
(1688, 1, 51, 236, 0),
(1689, 1, 287, 236, 4),
(1690, 1, 81, 236, 1),
(1691, 1, 75, 236, 13),
(1692, 1, 302, 236, 21),
(1693, 1, 230, 236, 21),
(1694, NULL, 47, 236, 6),
(1695, NULL, 31, 236, 6),
(1696, 250, 11, 237, 5),
(1697, 100, 16, 237, 5),
(1698, 25, 25, 237, 5),
(1699, 100, 82, 237, 5),
(1700, 2, 50, 237, 0),
(1701, NULL, 390, 237, 0),
(1702, 50, 391, 237, 5),
(1703, NULL, 392, 237, 6),
(1704, NULL, 393, 237, 6),
(1705, NULL, 394, 237, 6),
(1706, NULL, 395, 237, 6),
(1707, NULL, 321, 237, 6),
(1745, 0.5, 407, 242, 0),
(1746, 0.5, 1, 242, 0),
(1747, 100, 15, 242, 5),
(1748, NULL, 31, 242, 6),
(1749, 4, 157, 242, 0),
(1754, 200, 273, 244, 5),
(1755, 80, 18, 244, 7),
(1756, 1, 410, 244, 22),
(1757, 2, 411, 244, 0),
(1758, 120, 81, 244, 5),
(1759, 1, 412, 244, 0),
(1760, 8, 19, 244, 5),
(1761, 200, 64, 244, 5),
(1762, 250, 11, 245, 5),
(1763, 50, 173, 245, 5),
(1764, 3, 50, 245, 0),
(1765, 150, 281, 245, 5),
(1766, 250, 164, 245, 7),
(1767, 90, 18, 245, 7),
(1768, 1, 19, 245, 11),
(1769, 80, 71, 245, 5),
(1779, 320, 419, 248, 5),
(1780, 3, 411, 248, 0),
(1781, 250, 420, 248, 5),
(1782, 150, 421, 248, 5),
(1783, 1, 422, 248, 0),
(1784, 4, 423, 248, 12),
(1785, 1, 144, 248, 1),
(1786, NULL, 31, 248, 6),
(1787, 1, 425, 249, 11),
(1788, 1, 50, 249, 0),
(1789, 100, 16, 249, 5),
(1790, 1, 121, 249, 11),
(1791, 90, 18, 249, 7),
(1792, 250, 163, 249, 7),
(1793, 500, 426, 249, 5),
(1794, 100, 16, 249, 5),
(1795, 1, 186, 249, 0),
(1796, 125, 71, 249, 5),
(1797, 4, 427, 250, 0),
(1798, 2, 34, 250, 0),
(1799, 80, 28, 250, 5),
(1800, 10, 29, 250, 0),
(1801, NULL, 31, 250, 6),
(1802, NULL, 48, 250, 6),
(1803, 20, 47, 250, 7),
(1836, 500, 27, 18, 5),
(1839, 250, 28, 18, 5),
(1840, 10, 27, 256, 0),
(1841, 0, 47, 256, 6),
(1842, 0, 44, 256, 6),
(1843, 0, 31, 256, 6),
(1844, 5, 75, 256, 1),
(1845, 500, 42, 256, 7),
(1846, 125, 429, 257, 5),
(1847, 135, 17, 257, 5),
(1848, 1, 80, 257, 1),
(1849, 3, 50, 257, 0),
(1850, 200, 16, 257, 5),
(1851, 180, 18, 257, 5),
(1852, 1, 25, 257, 1),
(1853, 5, 228, 257, 5),
(1854, 5, 228, 257, 5),
(1855, 1, 110, 257, 1),
(1856, 280, 11, 257, 5),
(1857, 1, 258, 257, 1),
(1858, 1, 174, 257, 2),
(1859, 250, 199, 257, 5),
(1860, 500, 254, 257, 7),
(1861, 4, 50, 258, 0),
(1862, NULL, 31, 258, 6),
(1863, 40, 432, 258, 5),
(1864, 250, 11, 258, 5),
(1865, 500, 17, 258, 7),
(1866, 250, 22, 258, 5),
(1867, 250, 431, 258, 5),
(1868, 1, 5, 258, 1),
(1869, 100, 430, 258, 5),
(1870, NULL, 87, 258, 6),
(1871, 500, 132, 258, 7),
(1872, 4, 50, 259, 0),
(1873, 200, 16, 259, 5),
(1874, 120, 18, 259, 7),
(1875, 350, 11, 259, 5),
(1876, 16, 19, 259, 5),
(1877, 120, 42, 259, 7),
(1878, 20, 25, 259, 5),
(1879, 0.5, 186, 259, 0),
(1880, 1, 50, 260, 0),
(1881, 15, 115, 260, 5),
(1882, 250, 163, 260, 7),
(1883, 20, 16, 260, 5),
(1884, 10, 31, 260, 5),
(1885, 50, 47, 260, 5),
(1886, 275, 11, 260, 5),
(1887, 275, 161, 260, 5),
(1888, NULL, 7, 260, 6),
(1889, NULL, 101, 260, 6),
(1890, 1, 227, 260, 0),
(1891, NULL, 155, 260, 6),
(1892, 8, 227, 261, 0),
(1893, 180, 16, 261, 5),
(1894, 50, 433, 261, 5),
(1895, 760, 17, 261, 7),
(1896, 400, 254, 261, 7),
(1897, 500, 199, 261, 5),
(1898, 2, 228, 261, 14),
(1899, NULL, 159, 261, 6),
(1900, NULL, 25, 261, 6),
(1901, NULL, 71, 261, 6),
(1902, 1300, 27, 262, 8),
(1903, 98, 11, 262, 5),
(1904, 2, 50, 262, 0),
(1905, 60, 5, 262, 5),
(1906, NULL, 101, 262, 6),
(1907, NULL, 38, 262, 6),
(1908, NULL, 41, 262, 6),
(1909, NULL, 47, 262, 6),
(1910, NULL, 31, 262, 6),
(1911, NULL, 48, 262, 6),
(1912, 500, 273, 263, 5),
(1913, 7, 162, 263, 5),
(1914, 250, 67, 263, 7),
(1915, 100, 163, 263, 7),
(1916, 30, 47, 263, 7),
(1917, 10, 16, 263, 5),
(1918, NULL, 435, 263, 6),
(1919, NULL, 31, 263, 6),
(1920, 2, 437, 264, 0),
(1921, 2, 436, 264, 0),
(1922, 2, 75, 264, 15),
(1923, NULL, 47, 264, 6),
(1924, 40, 438, 264, 7),
(1925, 2, 16, 264, 14),
(1926, 3, 50, 265, 0),
(1927, 150, 16, 265, 5),
(1928, 120, 18, 265, 7),
(1929, 120, 439, 265, 5),
(1930, 40, 25, 265, 5),
(1931, 120, 11, 265, 5),
(1932, 80, 17, 265, 7),
(1933, 1, 19, 265, 2),
(1934, 2, 440, 265, 12),
(1935, NULL, 441, 265, 6),
(1936, 240, 11, 266, 5),
(1937, 60, 25, 266, 5),
(1938, 165, 18, 266, 5),
(1939, 250, 16, 266, 5),
(1940, 4, 50, 266, 0),
(1941, 100, 17, 266, 5),
(1942, 1, 121, 266, 11),
(1943, 1, 19, 266, 11),
(1944, 1, 31, 266, 19),
(1945, 100, 71, 266, 5),
(1946, 500, 265, 267, 5),
(1947, 750, 39, 267, 7),
(1948, NULL, 430, 267, 6),
(1949, NULL, 82, 267, 6),
(1950, NULL, 5, 267, 6),
(1951, 160, 443, 268, 5),
(1952, 400, 275, 268, 5),
(1953, 2, 75, 268, 15),
(1954, 3, 47, 268, 12),
(1955, NULL, 59, 268, 6),
(1956, NULL, 31, 268, 6),
(1970, 1, 447, 270, 0),
(1971, NULL, 12, 270, 6),
(1972, NULL, 101, 270, 6),
(1973, NULL, 448, 270, 6),
(1974, 1, 75, 270, 13),
(1975, NULL, 47, 270, 6),
(1976, NULL, 31, 270, 6),
(1977, NULL, 48, 270, 6),
(1978, 1, 449, 270, 0),
(1979, NULL, 155, 270, 6),
(1980, 4, 50, 271, 0),
(1981, 125, 164, 271, 5),
(1982, 100, 281, 271, 5),
(1983, 80, 18, 271, 7),
(1984, 85, 81, 271, 5),
(1985, 300, 450, 271, 5),
(1986, 1, 228, 271, 2),
(1987, 0.5, 79, 271, 2),
(1988, 0.1, 87, 271, 2),
(1989, 250, 451, 271, 5),
(1990, 16, 19, 271, 5),
(1991, 250, 452, 271, 5),
(1992, 400, 254, 271, 7),
(1993, 120, 453, 271, 5),
(1994, 1, 226, 272, 0),
(1995, NULL, 122, 272, 6),
(1996, NULL, 85, 272, 6),
(1997, NULL, 454, 272, 6),
(1998, 2, 50, 273, 0),
(1999, 100, 16, 273, 5),
(2000, 80, 18, 273, 5),
(2001, 320, 11, 273, 5),
(2002, 8, 19, 273, 5),
(2003, 0.5, 455, 273, 0),
(2004, 2, 50, 274, 0),
(2005, 110, 16, 274, 5),
(2006, 80, 18, 274, 5),
(2007, 280, 11, 274, 5),
(2008, 20, 25, 274, 5),
(2009, 8, 19, 274, 5),
(2010, 800, 456, 275, 5),
(2011, 300, 265, 275, 5),
(2012, 1, 75, 275, 13),
(2013, NULL, 47, 275, 6),
(2014, NULL, 77, 275, 6),
(2015, NULL, 59, 275, 6),
(2016, NULL, 5, 275, 6),
(2017, NULL, 31, 275, 6),
(2018, 12, 457, 276, 0),
(2019, 250, 38, 276, 5),
(2020, 200, 39, 276, 7),
(2021, NULL, 31, 276, 6),
(2022, NULL, 44, 276, 6),
(2023, NULL, 48, 276, 6),
(2024, NULL, 61, 276, 6),
(2025, NULL, 47, 276, 6),
(2026, NULL, 5, 276, 6),
(2027, 300, 11, 277, 5),
(2028, 100, 25, 277, 5),
(2029, 300, 17, 277, 7),
(2030, 120, 23, 277, 5),
(2031, 100, 18, 277, 7),
(2032, 1, 19, 277, 11),
(2033, NULL, 245, 278, 0),
(2034, NULL, 458, 278, 6),
(2035, NULL, 459, 278, 6),
(2036, 2, 50, 279, 0),
(2037, 200, 42, 279, 7),
(2038, 10, 289, 279, 5),
(2039, 50, 16, 279, 5),
(2040, 300, 161, 279, 5),
(2041, 200, 11, 279, 5),
(2042, 30, 82, 279, 5),
(2043, 5, 31, 279, 5),
(2044, NULL, 72, 279, 6),
(2053, 180, 84, 281, 5),
(2054, 2, 25, 281, 12),
(2055, 110, 432, 281, 5),
(2056, 4, 50, 281, 0),
(2057, 160, 16, 281, 6),
(2058, 90, 11, 281, 5),
(2059, 1, 121, 281, 11),
(2060, 250, 199, 281, 5),
(2061, 100, 22, 281, 5),
(2062, 200, 175, 281, 7),
(2063, 20, 25, 281, 5),
(2064, 400, 11, 282, 5),
(2065, 400, 161, 282, 5),
(2066, 7, 460, 282, 5),
(2067, 2, 16, 282, 14),
(2068, 600, 67, 282, 5),
(2069, 30, 47, 282, 5),
(2070, 30, 31, 282, 5),
(2071, NULL, 39, 282, 6),
(2072, NULL, 38, 282, 6),
(2073, NULL, 61, 282, 6),
(2074, NULL, 47, 282, 6),
(2075, NULL, 31, 282, 6),
(2076, 1, 52, 282, 0),
(2077, 1, 114, 282, 0),
(2078, 1, 194, 282, 0),
(2079, NULL, 31, 282, 6),
(2080, NULL, 43, 282, 6),
(2081, NULL, 31, 282, 6),
(2082, 500, 461, 283, 5),
(2083, 300, 462, 283, 5),
(2084, 1, 260, 283, 0),
(2085, NULL, 59, 283, 6),
(2086, NULL, 31, 283, 6),
(2087, NULL, 47, 283, 6),
(2088, NULL, 258, 283, 6),
(2089, 3, 50, 284, 0),
(2090, 120, 16, 284, 5),
(2091, 100, 18, 284, 7),
(2092, 300, 11, 284, 5),
(2093, 250, 164, 284, 5),
(2094, 1, 428, 284, 0),
(2095, 1, 19, 284, 11),
(2096, NULL, 71, 284, 6),
(2097, 240, 17, 285, 7),
(2098, 120, 18, 285, 5),
(2099, 80, 16, 285, 5),
(2100, 1, 19, 285, 11),
(2101, 460, 11, 285, 5),
(2102, 80, 81, 285, 5),
(2103, 2, 79, 285, 14),
(2104, 60, 432, 285, 5),
(2105, 4, 12, 286, 0),
(2106, 50, 463, 286, 5),
(2107, NULL, 47, 286, 6),
(2108, 250, 464, 286, 5),
(2109, 3, 41, 286, 12),
(2110, 1, 107, 286, 0),
(2111, NULL, 31, 286, 6),
(2112, 250, 11, 287, 5),
(2113, 1, 465, 287, 2),
(2114, 1, 31, 287, 2),
(2115, 80, 18, 287, 5),
(2116, 120, 67, 287, 5),
(2117, 350, 22, 287, 5),
(2118, 1, 107, 287, 0),
(2119, 1, 99, 287, 1),
(2120, 1, 305, 287, 1),
(2121, 4, 12, 287, 0),
(2122, 3, 141, 287, 0),
(2123, 1, 466, 288, 0),
(2124, 300, 22, 288, 5),
(2125, 1, 107, 288, 0),
(2126, NULL, 48, 288, 6),
(2127, 500, 333, 288, 5),
(2128, 2, 305, 288, 12),
(2129, NULL, 31, 288, 6),
(2130, 1, 226, 289, 0),
(2131, 1, 153, 289, 0),
(2132, 2, 16, 289, 1),
(2133, 1, 11, 289, 1),
(2134, 220, 17, 289, 7),
(2135, 1, 1, 289, 0),
(2136, 80, 357, 289, 5),
(2137, 0, 109, 289, 6),
(2149, 250, 11, 291, 5),
(2150, 3, 50, 291, 0),
(2151, 200, 16, 291, 5),
(2152, 170, 26, 291, 5),
(2153, 200, 18, 291, 7),
(2154, 1, 19, 291, 11),
(2155, 800, 27, 292, 5),
(2156, 2, 50, 292, 0),
(2157, 100, 305, 292, 5),
(2158, 100, 101, 292, 5),
(2159, 100, 467, 292, 5),
(2160, NULL, 31, 292, 6),
(2161, NULL, 47, 292, 6),
(2162, 4, 468, 293, 0),
(2163, 2, 469, 293, 0),
(2164, 2, 471, 293, 0),
(2165, NULL, 470, 293, 6),
(2166, NULL, 472, 293, 6),
(2167, NULL, 473, 293, 6),
(2168, NULL, 474, 293, 6),
(2169, 4, 244, 294, 0),
(2170, 100, 101, 294, 5),
(2171, 80, 355, 294, 5),
(2172, 4, 244, 294, 0),
(2173, NULL, 171, 294, 6),
(2174, 80, 355, 294, 5),
(2175, 4, 244, 294, 0),
(2176, 100, 15, 294, 5),
(2177, 80, 355, 294, 5),
(2178, 4, 244, 294, 0),
(2179, 100, 464, 294, 5),
(2180, 50, 30, 294, 5),
(2181, 8, 475, 294, 0),
(2182, 8, 476, 294, 0),
(2183, 16, 477, 294, 0),
(2186, 2, 244, 296, 0),
(2187, 250, 22, 296, 5),
(2188, 1, 479, 296, 1),
(2189, NULL, 474, 296, 6),
(2190, NULL, 480, 296, 6),
(2191, NULL, 33, 296, 6),
(2192, NULL, 481, 296, 6),
(2193, NULL, 482, 296, 6),
(2194, 500, 11, 297, 5),
(2195, 45, 47, 297, 5),
(2196, 6, 115, 297, 5),
(2197, 200, 17, 297, 5),
(2198, 15, 16, 297, 5),
(2199, 110, 478, 297, 7),
(2200, 8, 31, 297, 5),
(2201, NULL, 98, 298, 6),
(2202, 1, 484, 298, 0),
(2203, 1, 31, 298, 19),
(2204, NULL, 483, 298, 6),
(2213, 3, 50, 300, 0),
(2214, 150, 16, 300, 5),
(2215, 500, 22, 300, 5),
(2216, 50, 173, 300, 5),
(2217, 100, 71, 300, 5),
(2218, 1, 121, 300, 11),
(2219, 1, 466, 301, 0),
(2220, 2, 12, 301, 0),
(2221, 250, 22, 301, 5),
(2222, NULL, 31, 301, 6),
(2223, NULL, 47, 301, 6),
(2224, NULL, 49, 301, 6),
(2240, 75, 68, 305, 7),
(2241, 75, 128, 305, 7),
(2242, NULL, 81, 305, 6),
(2243, 3, 492, 305, 0),
(2251, 150, 41, 307, 5),
(2252, 50, 305, 307, 5),
(2253, NULL, 74, 307, 6),
(2254, NULL, 43, 307, 6),
(2255, NULL, 44, 307, 6),
(2256, NULL, 59, 307, 6),
(2257, NULL, 203, 307, 6),
(2258, NULL, 31, 307, 6),
(2259, 2, 47, 307, 12),
(2268, 4, 50, 309, 0),
(2269, 160, 16, 309, 5),
(2270, 140, 11, 309, 5),
(2271, 1, 17, 309, 20),
(2272, 1, 494, 309, 0),
(2273, 20, 25, 309, 5),
(2274, 4, 495, 310, 0),
(2275, 74, 16, 310, 5),
(2276, 74, 323, 310, 5),
(2277, 500, 17, 311, 7),
(2278, 1, 496, 311, 0),
(2279, 2, 50, 311, 0),
(2280, 100, 16, 311, 5),
(2281, 30, 262, 311, 5),
(2282, 0, 497, 311, 0),
(2283, 0, 498, 311, 0),
(2284, 3, 50, 312, 0),
(2285, 150, 16, 312, 5),
(2286, 60, 173, 312, 5),
(2287, 500, 22, 312, 5),
(2288, 1, 105, 312, 0),
(2289, 250, 357, 312, 5),
(2349, 6, 151, 78, 0),
(2350, 1, 152, 78, 0),
(2351, NULL, 154, 78, 6),
(2352, NULL, 155, 78, 6),
(2353, 1, 153, 78, 0),
(2354, NULL, 4, 78, 6),
(2355, NULL, 33, 78, 6),
(2356, 250, 11, 112, 5),
(2357, 100, 22, 112, 5),
(2358, 50, 127, 112, 5),
(2359, NULL, 56, 112, 1),
(2360, 1, 31, 112, 2),
(2361, 3, 127, 112, 12),
(2362, 8, 489, 304, 0),
(2363, NULL, 11, 304, 6),
(2364, 1, 490, 304, 0),
(2365, 1, 75, 304, 13),
(2366, NULL, 330, 304, 1),
(2367, NULL, 47, 304, 6),
(2368, NULL, 31, 304, 6),
(2369, NULL, 48, 304, 6),
(2374, 200, 98, 321, 5),
(2375, 20, 11, 321, 5),
(2376, 13, 147, 321, 5),
(2377, 0.25, 75, 321, 13),
(2378, 1, 43, 321, 6),
(2379, 0.25, 234, 321, 6),
(2380, NULL, 31, 321, 6),
(2381, NULL, 59, 321, 6),
(2382, 500, 22, 322, 5),
(2383, 250, 16, 322, 5),
(2384, 300, 511, 322, 5),
(2385, 2, 25, 322, 12),
(2386, 2, 512, 322, 12),
(2389, 300, 149, 325, 5),
(2390, 300, 11, 325, 5),
(2391, 16, 19, 325, 5),
(2392, 240, 17, 325, 7),
(2393, 2, 50, 325, 0),
(2394, 80, 81, 325, 5),
(2395, NULL, 288, 325, 6),
(2396, NULL, 23, 325, 6),
(2397, 400, 513, 326, 5),
(2398, 400, 514, 326, 5),
(2399, 3, 1, 326, 0),
(2400, 2, 75, 326, 15),
(2401, 3, 47, 326, 12),
(2402, NULL, 59, 326, 6),
(2403, NULL, 44, 326, 6),
(2404, NULL, 31, 326, 6),
(2405, NULL, 48, 326, 6),
(2406, 250, 11, 66, 5),
(2407, 70, 47, 66, 7),
(2408, 100, 128, 66, 7),
(2409, NULL, 31, 66, 6),
(2410, 1, 35, 327, 0),
(2411, 400, 22, 327, 5),
(2412, 1, 515, 327, 0),
(2413, NULL, 17, 327, 6),
(2414, 300, 257, 327, 5),
(2415, 2, 50, 327, 0),
(2416, NULL, 31, 327, 6),
(2417, NULL, 48, 327, 6),
(2418, NULL, 47, 327, 6),
(2419, 3, 50, 328, 0),
(2420, 330, 11, 328, 5),
(2421, 200, 16, 328, 5),
(2422, 300, 257, 328, 5),
(2423, 80, 18, 328, 7),
(2424, 1, 494, 328, 0),
(2425, 80, 71, 328, 5),
(2426, 1, 237, 328, 11),
(2427, 200, 11, 329, 5),
(2428, 70, 18, 329, 7),
(2429, 50, 42, 329, 7),
(2430, 2, 81, 329, 14),
(2431, NULL, 155, 329, 6),
(2432, 4, 516, 329, 12),
(2433, 250, 197, 329, 5),
(2434, NULL, 230, 329, 6),
(2435, 2, 517, 330, 14),
(2436, 150, 17, 330, 7),
(2437, 1, 288, 330, 2),
(2438, 1, 518, 330, 0),
(2439, 670, 27, 331, 5),
(2440, NULL, 47, 331, 6),
(2441, NULL, 31, 331, 6),
(2442, NULL, 48, 331, 6),
(2443, 300, 38, 331, 5),
(2444, NULL, 30, 331, 6),
(2445, NULL, 101, 331, 6),
(2446, NULL, 519, 331, 6),
(2447, 150, 520, 331, 5),
(2448, 140, 81, 332, 5),
(2449, 85, 18, 332, 7),
(2450, 200, 372, 332, 5),
(2451, 250, 11, 332, 5),
(2452, 5, 19, 332, 5),
(2453, 1, 31, 332, 0),
(2454, 50, 71, 332, 5),
(2455, 1, 141, 333, 8),
(2456, 1, 31, 333, 19),
(2457, 1, 48, 333, 19),
(2458, NULL, 47, 333, 6),
(2459, NULL, 91, 333, 6),
(2460, NULL, 44, 333, 6),
(2461, NULL, 43, 333, 6),
(2462, 2, 305, 333, 12),
(2463, 3, 41, 333, 12),
(2464, NULL, 154, 333, 6),
(2465, 700, 521, 334, 5),
(2466, 110, 17, 334, 5),
(2467, 70, 16, 334, 5),
(2468, 0.5, 79, 334, 2),
(2469, NULL, 81, 334, 6),
(2470, 2, 50, 334, 0),
(2471, 50, 82, 334, 5),
(2472, 70, 11, 334, 5),
(2473, NULL, 31, 334, 6),
(2481, 4, 157, 87, 0),
(2482, 40, 170, 87, 5),
(2483, 1, 171, 87, 0),
(2484, 4, 3, 87, 0),
(2485, 5, 33, 87, 0),
(2486, 2, 50, 87, 0),
(2488, 1, 20, 17, 3),
(2489, 1, 21, 17, 4),
(2490, 1, 10, 17, 0),
(2491, 1, 25, 17, 0),
(2492, 100, 26, 17, 5),
(2493, 80, 22, 17, 5),
(2494, 2, 23, 17, 2),
(2503, 4, 50, 308, 0),
(2504, 1, 186, 308, 0),
(2505, 220, 16, 308, 5),
(2506, 130, 18, 308, 5),
(2507, 200, 17, 308, 5),
(2508, 350, 11, 308, 5),
(2509, 16, 19, 308, 5),
(2510, 0, 109, 308, 6),
(2511, 1, 485, 299, 0),
(2512, 200, 39, 299, 7),
(2513, 1, 75, 299, 13),
(2514, NULL, 31, 299, 6),
(2515, NULL, 48, 299, 6),
(2516, NULL, 44, 299, 6),
(2517, 100, 38, 299, 5),
(2518, NULL, 47, 299, 6),
(2533, 180, 12, 306, 5),
(2534, 150, 22, 306, 5),
(2535, 2, 305, 306, 12),
(2536, 40, 463, 306, 5),
(2537, NULL, 493, 306, 6),
(2538, NULL, 31, 306, 6),
(2539, NULL, 48, 306, 6);

-- --------------------------------------------------------

--
-- Struttura della tabella `menu`
--

CREATE TABLE `menu` (
  `id_menu` int NOT NULL,
  `nome_ricetta_personalizzata` varchar(255) CHARACTER SET latin1 COLLATE latin1_swedish_ci DEFAULT NULL,
  `id_giorno_settimana` int DEFAULT NULL,
  `id_ricetta` int DEFAULT NULL,
  `id_persona` int DEFAULT NULL,
  `id_momento_giornata` int DEFAULT NULL
) ENGINE=InnoDB DEFAULT CHARSET=utf8mb4 COLLATE=utf8mb4_general_ci;

--
-- Dump dei dati per la tabella `menu`
--

INSERT INTO `menu` (`id_menu`, `nome_ricetta_personalizzata`, `id_giorno_settimana`, `id_ricetta`, `id_persona`, `id_momento_giornata`) VALUES
(1667, 'Riso basmati in bianco ', 0, 1, 3, 0),
(1668, 'Risotto di zucca', 1, 1, 1, 0),
(1669, 'Riso basmati in bianco ', 2, 1, 3, 0),
(1670, 'Riso basmati in bianco ', 3, 1, 3, 0),
(1671, 'Riso basmati in bianco ', 4, 1, 3, 0),
(1672, 'Riso basmati in bianco ', 5, 1, 3, 0),
(1673, 'Riso basmati in bianco ', 6, 1, 3, 0),
(1674, 'Svizzere e cavolfiore al vapore', 0, 1, 1, 1),
(1675, 'Tonno in padella / Burger di salmone ', 1, 1, 1, 1),
(1676, 'Burger di salmone ', 1, 1, 3, 1),
(1677, 'Broccoli ', 1, 1, 3, 1),
(1678, 'Piselli ', 1, 1, 1, 1),
(1679, 'Uova strapazzate', 2, 1, 1, 1),
(1680, 'Asparagi in padella', 2, 1, 1, 1),
(1681, 'Pomodoro ', 2, 1, 1, 1),
(1682, 'Zucchine trifolate ', 2, 1, 2, 1),
(1683, 'Mozzarella, carote grattugiate ', 3, 1, 1, 1),
(1684, 'Finocchio', 3, 1, 3, 1),
(1685, 'Petto di pollo a cubetti ', 4, 1, 1, 1),
(1686, 'Spinaci al vapore ', 4, 1, 1, 1),
(1687, 'Insalata con tonno, cetriolo, pomodorini e uova sode ', 5, 1, 1, 1),
(1688, 'No pomodoro sì cannellini ', 5, 1, 2, 1),
(1689, 'Mc Boscolol’d', 6, 1, 1, 1);

-- --------------------------------------------------------

--
-- Struttura della tabella `momento_giornata`
--

CREATE TABLE `momento_giornata` (
  `id_momento_giornata` int NOT NULL,
  `nome_momento_giornata` varchar(30) CHARACTER SET latin1 COLLATE latin1_swedish_ci DEFAULT NULL
) ENGINE=InnoDB DEFAULT CHARSET=utf8mb4 COLLATE=utf8mb4_general_ci;

--
-- Dump dei dati per la tabella `momento_giornata`
--

INSERT INTO `momento_giornata` (`id_momento_giornata`, `nome_momento_giornata`) VALUES
(0, 'Pranzo'),
(1, 'Cena'),
(2, 'Per giorno dopo');

-- --------------------------------------------------------

--
-- Struttura della tabella `permesso`
--

CREATE TABLE `permesso` (
  `id_permesso` int NOT NULL,
  `nome_permesso` varchar(20) COLLATE utf8mb4_general_ci NOT NULL
) ENGINE=InnoDB DEFAULT CHARSET=utf8mb4 COLLATE=utf8mb4_general_ci;

--
-- Dump dei dati per la tabella `permesso`
--

INSERT INTO `permesso` (`id_permesso`, `nome_permesso`) VALUES
(0, 'Waiting'),
(1, 'User'),
(2, 'Manager'),
(3, 'Administrator');

-- --------------------------------------------------------

--
-- Struttura della tabella `persona`
--

CREATE TABLE `persona` (
  `id_persona` int NOT NULL,
  `nome_persona` varchar(255) CHARACTER SET latin1 COLLATE latin1_swedish_ci DEFAULT NULL
) ENGINE=InnoDB DEFAULT CHARSET=utf8mb4 COLLATE=utf8mb4_general_ci;

--
-- Dump dei dati per la tabella `persona`
--

INSERT INTO `persona` (`id_persona`, `nome_persona`) VALUES
(1, 'Noi'),
(2, 'Alessio'),
(3, 'Debora');

-- --------------------------------------------------------

--
-- Struttura della tabella `ricetta`
--

CREATE TABLE `ricetta` (
  `id_ricetta` int NOT NULL,
  `nome_ricetta` varchar(200) COLLATE utf8mb4_general_ci NOT NULL,
  `porzioni_ricetta` int NOT NULL,
  `preparazione_ricetta` text COLLATE utf8mb4_general_ci NOT NULL,
  `note_ricetta` text COLLATE utf8mb4_general_ci,
  `image_path_ricetta` varchar(255) COLLATE utf8mb4_general_ci NOT NULL,
  `id_categoria` int NOT NULL
) ENGINE=InnoDB DEFAULT CHARSET=utf8mb4 COLLATE=utf8mb4_general_ci;

--
-- Dump dei dati per la tabella `ricetta`
--

INSERT INTO `ricetta` (`id_ricetta`, `nome_ricetta`, `porzioni_ricetta`, `preparazione_ricetta`, `note_ricetta`, `image_path_ricetta`, `id_categoria`) VALUES
(1, '', 0, '', NULL, '', 1),
(16, 'Pancakes', 8, 'In una ciotola mescolare assieme tutti gli ingredienti. Cuocere in una padella antiaderente leggermente unta di olio un minuto per lato.', '', 'https://i.imgur.com/F6MzzMC.jpg', 7),
(17, 'Finto tiramisù', 1, '1. Mescolare assieme la ricotta, lo yougurt greco e il miele fino a formare una cremina <br>\n\n2. Tagliare la banana (o altra frutta a scelta come le fragole) a fettine <br>\n\n3. Bagnare i pavesini, fino a formare un primo strato,  nel caffè per ammorbidirli e posizionarli in un contenitore monoporzione e coprirli con la cremina fatta in precedenza e aggiungere uno strato di frutta a fettine <br>\n\n4. Continuare così fino ad esaurimento degli ingredienti e nell\'ultimo strato spolverizzare con il cacao amaro.', 'Lasciarlo in frigorifero, coperto da pellicola trasparente, per tutta la notte.', '/uploads/uploads/Finto tiramisù.jpg', 7),
(18, 'Pesce finto', 1, '1. Schiacciare le patate e unirle al tonno mescolando bene <br>\n2. Aggiungere i capperi tritati ( i capperi sono facoltativi), 4 cucchiai di maionese e salare <br>\n3. Modellare l\'impasto a forma di pesce su una pirofila e spennellare la superficie con altra maionese <br>\n4. Decorare con i cetrioli sott\'aceto tagliati a fettine e qualche pezzetto di pomodorino <br>\n5. Completare il piatto con uova sode tagliate a fette <br>', '', 'https://i.imgur.com/oM8peHV.jpg', 3),
(19, 'Pizza di polenta', 4, 'Far sbollentare i broccoli in una pentola con acqua salata per alcuni minuti; nel frattempo in un\'altra pentola far bollire dell\'acqua, versare a pioggia la polenta istantanea e far cuocere fino a che questa non è pronta. Arrivata a cottura versarla in uno stampo da 26/28cm rivestito di carta forno, fare uno strato di passata di pomodoro, coprire con la mozzarella a cubetti, le acciughe e infine anche i broccoli ben scolati e tagliati in pezzi. <br>\r\n\r\nFar gratinare la pizza di polenta in forno per 15 minuti.', '', 'https://i.imgur.com/BHK3Zag.jpg', 5),
(21, 'Impasto per piadina', 4, '1. Mettere la farina in una ciotola capiente, unire il sale e le spezie e mescolare. <br>\r\n\r\n2. Aggiungere l\'acqua calda (non bollente) e mescolare con una forchetta fino ad ottenere una consistenza che si possa lavorare sulla spianatoia senza che l\'impasto rimanga attaccato alle mani. <br>\r\n\r\n3. Dividere l\'impasto in 4 parti dello stesso peso (circa 90 gr l\'uno) coprire con della pellicola da cucina e lasciare riposare per 10 minuti prima di stenderle con il mattarello. <br>\r\n\r\n4. Cuocere le piadine da entrambi i lati per due minuti in una padella leggermente oliata.', 'Le piadine possono essere farcite con verdure, petto di pollo grigliato, insalata e pomodori.', 'https://i.imgur.com/JCbwkwJ.jpg', 6),
(22, 'Patate ripiene vegetariane', 2, '1. Lavare bene le patate, asciugarle e non togliere la buccia. Bucherellarle con i rebbi di una forchetta. <br>\r\n\r\n2. Prendere una teglia, ricoprirla con carta forno e metterci le patate. <br>\r\n\r\n3. In una ciotola mettere un po\' di olio, sale e pepe e \"massaggiare\" poi le patate. <br>\r\n\r\n4. Cuocerle in forno a 200° per 1 ora. Fare la prova stecchino per verificare la cottura. <br>\r\n\r\n5. Mentre le patate cuociono preparare la farcia: in una ciotola mettere i fiocchi di latte, il mais e il restante olio, sale e pepe preparato in precedenza. <br>\r\n\r\n6. Appena sfornate le patate lasciarle raffreddare 10 minuti e con un coltello fare un taglio verticale su ognuna. Premendo delicatamente alle due estremità del taglio la patata si aprirà e vi sarà possibile , con l\'aiuto di un cucchiaino, raschiare un po\' all\'interno per fare spazio alla farcia. <br>\r\n\r\n7. Distribuire quindi il mix di fiocchi di latte e mais all\'interno di ognuna e spolverizzare con l\'erba cipollina.', '', 'https://i.imgur.com/ZaRuyw1.jpg', 3),
(24, 'Frittata di verdure', 1, '1. Lavare e tagliare le verdure a cubetti, condirle con olio, sale e aglio <br>\r\n\r\n2. Stemperare le uova con l\'aiuto di una forchetta assieme al sale e al pepe e versare il composto sopra le verdure <br>\r\n\r\n3. Coprire con il coperchio la padella e cuocere la frittata finchè non diventa dorata.', '', 'https://i.imgur.com/3848dIu.jpg', 5),
(26, 'Pasta con feta e pomodorini', 1, '1. Mettere in una padella poco olio e far saltare in padella i pomodorini con le olive taggiasche. <br>\n2. Aggiungere il feta e mescolare finchè non si forma una cremina. <br>\n3. Scolare la pasta e metterla dentro alla padella amalgamando bene il tutto e spolverizzare con il prezzemolo (o basilico).', '', 'https://i.imgur.com/83hEeSd.jpg', 2),
(29, 'Barchette di melanzane', 1, '1. Lavare la melanzana e asciugarla <br>\r\n2. Eliminare le estremità e tagliarla alla metà nel senso della lunghezza <br>\r\n3. Incidere la polpa in un senso e poi nell\'altro come a formare dei rombi <br>\r\n4. Scaldare il forno a 200° statico <br>\r\n5. Una volta entrato in temperatura ungere con un po\' d\'olio la melanzana e mettere sopra un po\' di sale <br>\r\n6. Cuocere per 35/40 minuti <br>\r\n7. Nel mentre preparare la mozzarella e i pomodorini tagliati a dadini e condirli con olio, sale, pepe e basilico <br>\r\n8. Sfornare la melanzana e schiacciare un po\' la polpa ammorbidita al centro per creare una conchetta nella quale mettere poi il mix di pomodorini e mozzarella. Mettere sopra anche una spolverata di grana <br>\r\n9. Infornare di nuovo e sempre a 200° per 15 minuti.', 'Abbinarle a una fonte di carboidrati come pane/patate/riso ecc. e se si vuole ad un altro po\' di verdure\r\n', 'https://i.imgur.com/5OdAMUx.jpg', 3),
(31, 'Choco biscuit cheesecake', 1, '1. Frullare i biscotti in un mixer e metterne 3/4 in un coppapasta piccolo, livellare il tutto aiutandosi con un po\' di latte <br>\r\n2. Mescolare lo yogurt greco, il cacao e la stevia e mettere tutto sopra la base di biscotti poi livellare <br>\r\n3. Versare sopra il resto dei biscotti e, senza togliere il coppapasta, mettere in frigorifero tutta la notte.', '', 'https://i.imgur.com/gW3qBnk.jpg', 7),
(34, 'Impasto light per pizza', 1, 'In una ciotola amalgamare assieme tutti gli ingredienti e iniziare a impastare formando una palla. Versare sopra un po\' di olio evo, coprire con pellicola e con un canovaccio e metterlo a lievitare nel forno spento con luce accesa per minimo 4 ore. Al termine della lievitazione, stendere l\'impasto in una teglia e infornarlo a 200° forno ventilato per 8 minuti.', '', 'https://i.imgur.com/Z6BCwkH.jpg', 6),
(35, 'Pizza light', 1, 'Dopo aver fatto cuocere l\'impasto per pizza light steso nella teglia (200° forno ventilato per 8 minuti), condire la base con il pomodoro, la mozzarella e con il condimento che più si preferisce. Rinfornare sempre a 200° forno ventilato per 11/12 minuti.', 'Nella foto della ricetta sono due teglie per 4 porzioni totali.', 'https://i.imgur.com/sevKG36.jpg', 5),
(36, 'Biscotti inzupposi al cioccolato ♥ rospetto ♥', 1, '1. In una ciotola rompere le uova, mettere lo zucchero, lievito, latte, l\'olio e il cacao amaro e con le mani mescolare mentre si inizia ad amalgamare fino a metà della farina; a questo punto aggiungere le gocce di cioccolato e continuare ad incorporare la farina <br>\n2. Quando l\'impasto è pronto risulterà lucido e leggermente appiccicoso <br>\n3. Mettere su una leccarda un foglio di carta forno e iniziare a formare delle palline schiacciandole leggermente sul palmo della mano <br>\n4. Una volta formati tutti i biscotti spennellare la superficie con il latte e mettere su ognuno della granella di zucchero <br>\n5. Infornare a 180° in forno statico per 15/17 minuti.', 'I biscotti si conservano in un barattolo di vetro o di latta chiuso ermeticamente. <br>\nCon le dosi della ricetta vengono fuori 40 biscotti in due infornate.', 'https://i.imgur.com/Wa6MXKA.jpg', 7),
(37, 'Cavolfiore arrosto al forno', 1, '1. Lavate bene sotto l\'acqua corrente e pulite il cavolfiore eliminando le foglie più grosse. Chiudetelo nella carta forno e fate cuocere nel microonde a massima potenza per circa 8 minuti fino a quando bucherellandolo con uno stuzzicadenti il cuore risulta morbido. Se non avete il microonde lessatelo per circa 5-8 minuti in acqua bollente. <br>\r\n2. In una ciotola preparate il condimento: mescolate con una forchetta l\'olio, con il sale, pepe, prezzemolo, aglio grattugiato e la buccia grattugiata di limone. Riprendete il cavolo e massaggiatelo bene con l\'emulsione, aggiungete peperoncino, timo e le vostre spezie preferite. Infornate in forno preriscaldato a 200° per circa 15-18 minuti fino a quando è bello dorato, gli ultimi minuti azionate il grill. Servitelo caldo con foglioline di timo fresco. <br>\r\n', '', 'https://i.imgur.com/pNHKVdP.jpg', 3),
(39, 'Pane alla cannella', 8, 'Mescolare la farina con il lievito e il latte. Unire il burro fuso, il sale e lo zucchero. Impastare bene per una decina di minuti in modo da attivare la lievitazione, quindi trasferire l’impasto in una ciotola coperta da un canovaccio o dalla pellicola per alimenti. <br>\r\n\r\nLasciare riposare per circa un’ora. Nel frattempo, mescolare in una ciotola a parte lo zucchero e la cannella. <br>\r\n\r\nConcluso il tempo di lievitazione, stendere l’impasto su un foglio di carta forno lasciandolo alto circa un dito e dandogli una forma rettangolare, quindi farcirlo con il mix di zucchero e cannella. <br>\r\n\r\nArrotolare il pane con l’aiuto del foglio di carta forno e trasferirlo in uno stampo da plumcake. <br>\r\n\r\nSe non si va di fretta, lasciar lievitare ancora per 20-30 minuti, altrimenti cuocere subito a 190 °C, in forno statico, per 35 minuti. <br>', '', 'https://i.imgur.com/6SdEtGG.jpg', 7),
(40, 'Torta di biscotti ♥ Dori ♥', 6, '1. In una ciotola capiente sbricioliamo con le mani i Biscotti ORO SAIWA. <br>\n\n2. Aggiungiamo e mescoliamo la granella di nocciole. <br>\n\n3. Prepariamo la bagna al cacao. In una ciotola mescoliamo lo zucchero col cacao amaro. <br>\n\n4. In un pentolino versiamo il latte e il burro, accendiamo il fornello e facciamo sciogliere il burro. <br>\n\n5. Una volta sciolto il burro, versiamo nella ciotola col cacao amaro e mescoliamo bene con una frusta per sciogliere i grumi. <br>\n\n6. Versiamo la bagna nella ciotola coi biscotti ORO SAIWA sbriciolati e mescoliamo bene aiutandoci con una forchetta. <br>\n7. Sistemiamo il composto ottenuto in una teglia a cerniera da 22 cm di diametro, rivestita con carta forno imburrata, livellandolo e compattandolo col dorso di un cucchiaio. Lasciamo in frigo per qualche minuto. <br>\n\n8. Ora prepariamo la ganache al cioccolato. In un pentolino facciamo scaldare la panna fresca, poi togliamo dal fuoco e aggiungiamo il cioccolato fondente tritato, mescolando per farlo sciogliere. <br>\n\n9. Riprendiamo la torta dal frigo e ricopriamola con la ganache, lasciandola nella tortiera. Mettiamo la nostra torta a solidificare in frigo per almeno 2 ore. <br>\n\n10. Trascorso il tempo, passiamo alla decorazione: togliamo la torta dalla teglia a cerniera, ricaviamo 3 strisce da un foglio di carta forno, mettiamole affiancate alla stessa distanza sulla superficie della torta e poi distribuiamo sopra della granella di nocciole. <br>\n\n11. Ora togliamo lentamente le strisce di carta forno ed ecco la nostra bellissima decorazione. <br>\nLa Torta di biscotti è pronta in tutta la sua golosa bontà… buon appetito!', 'Torta di Biscotti, una torta fredda senza cottura davvero golosa, che ricorda il classico salame di cioccolato. Per la base ho scelto di i Biscotti Oro Saiwa, che si prestano molto bene per questa ricetta. Li sbricioleremo grossolanamente e li mescoleremo alla granella di nocciole, che darà un ulteriore tocco croccante! Poi legheremo il composto con una bagna al cacao e lo lasceremo compattare in frigo qualche minuto. Nel frattempo realizzeremo una ganache di panna e cioccolato fondente, che ricoprirà la nostra torta di biscotti rendendola irresistibile. <br>\nDopo essersi rassodato in frigo per un paio d’ore, il dolce sarà pronto per essere decorato. Io ho distribuito della granella di nocciole sulla superficie, usando come “stencil” delle strisce di carta forno. Ma largo ai gusti e alla fantasia di ciascuno: possiamo sbizzarrirci con tanti disegni diversi!\n\nPer realizzare questa golosa torta fredda serve un po’ di tempo. <br>\nE\' un dolce dalla consistenza morbida e croccante allo stesso tempo. <br>\nSecondo me potrebbe anche essere una torta di compleanno originale e molto apprezzata!', 'https://i.imgur.com/5Pe90GD.jpg', 7),
(41, 'Gnocchi di patate', 4, 'Lessate delle patate farinose in acqua salata, scolatele e passatele al passaverdure. Mettete il tutto sulla spianatoia, fate intiepidire, rompetevi sopra l\' uovo e unitevi il formaggio grattugiato. <br>\r\nLavorate le patate come semplice impasto per sfoglia aggiungendo un po\' alla volta la farina. Quando l\'impasto sarà sufficientemente amalgamato lasciatelo riposare per una decina di minuti, quindi tagliatelo a fette. <br>\r\nDalle fette ricavate un rotolino a mo\' di salsiccia (dm 2 cm circa) che taglierete ogni due centimetri. <br>\r\nTerminate gli gnocchi passandoli con una leggera pressione del dito su di una forchetta o sul retro di una grattugia, oppure ricavatevi tante palline. Per la cottura immergerli in acqua salata bollente; saranno pronti quando verranno a galla. <br>\r\nConditeli come preferite, anche solo con burro e parmigiano. <br>', '', 'https://i.imgur.com/fy0WoIz.jpg', 2),
(42, 'Torta cremosa alla ricotta con gocce di cioccolato', 10, '1. Versate la ricotta in una ciotola piuttosto grande e mescolatela con una spatola o con lo sbattitore. <br>\r\n2. Unite le uova e lo zucchero. <br>\r\n3. Aggiungete l\'aroma e la farina. <br>\r\n4. Aggiungete una parte di gocce di cioccolato, circa 60 g. <br>\r\n5. Imburrate e infarinate oppure rivestite di carta da forno una tortiera di 22 cm e versateci l\'impasto. <br>\r\n6. Decorate la superficie con le gocce di cioccolato rimaste. <br>\r\n7. Cuocete a 180° in forno statico per circa 60-65 minuti. Controllate la cottura e regolatevi sempre con il vostro forno. <br>\r\n8. Sfornate la torta cremosa alla ricotta con gocce di cioccolato, fate raffreddare e servite. <br>', 'La torta cremosa alla ricotta con gocce di cioccolato si conserva in frigorifero per 3 giorni circa.', 'https://i.imgur.com/9Sk0H6B.jpg', 7),
(43, 'Patate al forno con paprika', 3, '1. Innanzitutto sciacquate le patate sotto l’acqua, asciugatele bene con uno strofinaccio e riducetele a fette. <br>\r\n2. Adesso trasferitele dentro una ciotola, unite la paprika, l’olio, il sale, l’aglio e le erbe e mescolate bene.<br>\r\n3. Assicuratevi che il condimento abbia ricoperto perfettamente le patate, dopodiché mettetele all’interno di una leccarda foderata con l’apposita carta forno. <br>\r\n4. Infine mettete a cuocere dentro al forno preriscaldato a una temperatura di 220°C per 30 minuti. <br>\r\n5. Per una cottura uniforme, quindi su ogni lato, a metà del tempo indicato girate le patate. <br>\r\n6. Una volta pronte guarnitele con il prezzemolo, poi portate subito a tavola e gustatevele belle calde. <br>\r\n', 'Patate dolci alla paprika light per chi è a dieta. Solo 190 Kcal!', 'https://i.imgur.com/WeCTjxQ.jpg', 4),
(44, 'Piadi pizza filante', 1, '1. Preparare il pesto tritando al mixer la rucola, conservando qualche foglia intera, i pinoli con un po\' di sale e di olio. <br>\r\n2. Lavare e tagliare a metà i pomodorini. <br>\r\n3. Rivestire la teglia di carta forno. <br>\r\n4. Distribuire su ciascuna piadina lo stracchino e i pomodorini fatti a pezzetti e un filo di olio. <br>\r\n5. Infornare la piadina a 180° il tempo che basta per far sciogliere il formaggio. <br>\r\n6. Completare con il pesto di rucola e qualche foglia di rucola fresca. <br>', '', 'https://i.imgur.com/iNNN0qN.jpg', 5),
(45, 'Biscotti banane e avena', 1, '1. Schiaccia per bene due banane con l\'aiuto di una forchetta. <br>\r\n2. Aggiungi i fiocchi d\'avena e poi lascia fermentare per 15/20 minuti. <br>\r\n3. Stendi il composto a forma di disco con una piccola rientranza in centro. <br>\r\n4. Inforna a 180° per circa 15/20 minuti. <br>\r\n5. Sciogli il cioccolato fondente, togli i biscotti dal forno, lascia raffreddare e versa poco cioccolato nella cavità al centro dei biscotti. <br>\r\n6. Decora con frutta secca.', '', 'https://i.imgur.com/s8ivsnQ.jpg', 7),
(46, 'Petto di pollo allo zafferano', 1, '1. Tagliare a pezzetti il petto di pollo, infarinarlo e metterlo in una padella leggermente unta di olio. <br>\r\n2. Lasciarlo rosolare pochissimo da entrambi i lati e aggiungere il sale.<br>\r\n3. Nel frattempo sciogliere una bustina di zafferano in 80 ml di acqua. <br>\r\n4. Aggiungere lo zafferano al pollo e mescolare finchè non si forma una cremina.', '', 'https://i.imgur.com/7N26QpT.jpg', 3),
(47, 'Sugo per pasta con pomodorini al forno', 4, 'Tagliare a metà i pomodorini. Condirli direttamente nella teglia con: olio, sale, pecorino, parmigiano, origano e pangrattato. Aggiungere anche l’aglio. Cuocere a 180 gradi per 10-15 minuti. Far bollire la pasta e mescolarla con il sugo.', '', 'https://i.imgur.com/U1fDQDn.jpg', 10),
(48, 'Ciambella salata soffice ', 6, '1. Per preparare la ciambella salata soffice, per prima cosa tagliamo a pezzettini il nostro ripieno, in questo caso preparato con prosciutto cotto, formaggio e olive nere. Mettiamolo da parte in una ciotola. <br>\r\n\r\n2. In un’altra ciotola capiente rompiamo le uova, aggiungiamo il sale, lo zucchero, il formaggio grattugiato e iniziamo a frullare. \r\nAggiungiamo l’olio, il latte e frulliamo ancora per amalgamare tutto. Iniziamo a incorporare metà della farina e poi aggiungiamo la bustina di lievito.\r\n\r\n3. Se non abbiamo il lievito istantaneo per preparazioni salate, possiamo mettere un cucchiaino di bicarbonato al posto della bustina. Aggiungiamo il bicarbonato insieme alla farina e alla fine, quando avremo mescolato l’impasto, versiamo due cucchiaini di aceto di mele o succo di limone, amalgamando bene. La nostra ciambella salata sarà comunque soffice! <br>\r\n\r\n4. Aggiungiamo la farina restate un po’ alla volta e continuiamo a mescolare con le fruste elettriche, fino a ottenere un impasto bello sodo. <br>\r\n\r\n5. A questo punto aggiungiamo il prosciutto cotto, la provola a dadini, le olive nere e mescoliamo bene con una spatola, lasciando da parte un po’ del ripieno per decorare la ciambella prima di infornarla. <br>\r\n\r\n6. Ungiamo e infariniamo uno stampo per ciambella da 26 cm di diametro e versiamo l’impasto distribuendolo bene e livellando la superficie. <br>\r\nAggiungiamo adesso il ripieno che avevamo messo da parte e facciamo cuocere la nostra ciambella in forno ventilato a 170 °C per 40 minuti circa oppure in forno statico a 180 °C per 40 minuti. Facciamo la prova stecchino per controllare che sia perfettamente cotta.\r\n\r\n7. Una volta sfornata aspettiamo qualche minuto e poi togliamola dallo stampo rovesciandola in un piatto da portata. <br>\r\n8. Tagliamo a fette e portiamola in tavola!\r\n\r\n', 'La ciambella si può conservare in frigorifero ma bisogna riportarla a temperatura ambiente prima di servirla in tavola', 'https://i.imgur.com/GCFvSQ6.jpg', 6),
(50, 'Plumcake al latte', 6, '1. Sbattere a lungo le uova con lo zucchero finché il composto non sarà alto e spumoso. <br>\r\n2. Aggiungere i liquidi a filo e infine la farina e il lievito setacciati. <br>\r\n3. Mescolare bene, aggiungere la scorza del limone e il sale e versare in uno stampo da plumcake ricoperto di carta forno. <br>\r\n4. Decorare la superficie con la granella di zucchero. <br>\r\n5. Infornare a 180° forno statico per 35 minuti. Fare la prova stecchino prima di toglierlo dal forno. ', '', 'https://i.imgur.com/Blr86Ld.jpg', 7),
(51, 'Biscotti bicolore inzupposi', 1, '1. Disporre la farina e lo zucchero “a fontana” e aprirvi nel mezzo le tre uova; aggiungere l’olio e il lievito per dolci, quindi iniziare a mescolare gli ingredienti con una forchetta partendo dal centro; integrare man mano lo zucchero e la farina finchè il composto inizierà ad amalgamarsi, a quel punto utilizzare le mani e impastare energicamente! <br>\r\n2. Quando il composto sarà liscio e uniforme, dividerlo in due parti uguali; aggiungere ad una delle due metà il cacao e impastare finché non sarà stato tutto assorbito. A questo punto avrete una metà “bianca” ed una metà “nera”: dividetele in 3 parti uguali, così da avere 3 porzioni di impasto chiaro e 3 porzioni di impasto scuro il più possibile uguali tra loro. <br>\r\n3. Prendete una porzione di impasto chiaro e iniziate ad allungarlo con le mani, in forma cilindrica, dandogli uno spessore di circa 2 centimetri; fate lo stesso con una porzione di impasto scuro: allungatela sul piano di lavoro con le mani dando lo stesso spessore. <br>\r\n4. A questo punto avvicinate le due porzioni di impasto e “unitele” tra loro, facendole aderire una all’altra; prendete ora un mattarello e passatelo sulla striscia di impasto, facendo una leggera pressione (così da unire le due metà ancora meglio!). Otterrete quindi una “striscia” di impasto bicolore lunga e sottile (lo spessore dev’essere di 1,5 cm massimo mentre la larghezza 7-8 cm). <br>\r\n5. Ripetete lo stesso procedimento anche con gli altri 4 pezzi di impasto, accoppiando sempre la parte bianca con quella nera; potrete anche variare il modo in cui deciderete di “unire” le due porzioni di impasto: ad esempio arrotolandole una all’altra, così da non avere le due metà di biscotto bianco/nero, ma variegate! In questa fase è importante essere precisi ma qualche piccola imperfezione non farà che rendere i vostri biscotti ancora più caserecci (e quindi buoni!). <br>\r\n6. Una volta ottenute le tre “strisce” di impasto bicolore, staccatele dal piano di lavoro con un coltello piatto e disponetele su una teglia ricoperta di carta da forno; infornate a 180° in forno ventilato e preriscaldato per circa 20-25 minuti. <br>\r\n7. Vi accorgerete che i biscotti saranno cotti quando la superficie apparirà dorata! A questo punto sfornateli velocemente, toglieteli dalla teglia, disponete le tre strisce cotte sul piano di lavoro e tagliateli, ancora caldi!, diagonalmente con un coltello seghettato. <br>\r\n8. Lasciate raffreddare i biscotti prima di riporli in una scatola di latta, dove potrete conservali anche per una settimana intera (ma, fidatevi, finiranno molto prima!).', 'INGREDIENTI per circa 50 biscotti.', 'https://i.imgur.com/sM1fdYH.jpg', 7),
(52, 'Dita della strega', 1, 'In una ciotola mettere la farina, il burro freddo tagliato a pezzetti, l\' uovo, lo zucchero a velo, i semi della bacca di vaniglia, il sale e il lievito poi impastare gli ingredienti fino ad ottenere una palla poi spostarsi su una spianatoia e continuare ad impastare fino a che l\'impasto non risulti liscio. <br>\r\nOttenuto l\'impasto formare un \"salsicciotto\" e successivamente dividerlo in pezzi del peso di circa 20/25 grammi l\'uno (in questo modo si ottengono 20 pezzetti). Lavorare ogni pezzetto con i palmi delle mani trasformandolo in un bastoncino della lunghezza di 12 cm. <br>\r\nAdesso la parte più divertente: sagomate le nocche delle dita assottigliando la pasta appena prima e dopo di esse, Rifatele leggermente con un coltellino dalla lama liscia. Sull\'estremità delle dita adagiatevi una mandorla spellata (che sarà l\'unghia della strega), pressandola leggermente. <br>\r\nMettere le dita della strega su di una teglia precedentemente foderata con carta forno, lasciando uno spazio tra l\'una e l\'altra di circa 4 cm. <br>\r\nInfornare in forno statico a 180° per circa 20 minuti. Fare raffreddare le dita.\r\nProcedimento per \"insanguinare\" le dita della strega: versare lo zucchero a velo in una ciotola, aggiungere 2 cucchiai di acqua e lavorare il composto con una frusta fino ad ottenere una consistenza liscia. A questo punto aggiungere un po\' di colorante rosso e mescolare fino ad ottenere un colore omogeneo. Se l\'intensità del colore non dovesse essere quella desiderata si può aggiungere ancora un po\' di colorante.', 'TRUCCO: se in cottura si fosse staccata qualche \"unghia\" procedere ad incollarla con della marmellata. <br>\r\nIngredienti per circa 20 dita', 'https://i.imgur.com/mQDyHQl.jpg', 7),
(53, 'Frolla di pere e cioccolato', 8, '1. Frullare nel mixer la farina con zucchero a velo, burro tagliato a tocchetti e un pizzico di sale. <br>\r\n2. Una volta formatosi un composto sabbioso, unire l\'uovo e impastare sempre al mixer. <br>\r\n3. Trasferire l\'impasto nella spianatoia su carta forno infarinata, formare una palla di frolla, poi stendere con il matterello tra due fogli di carta forno. <br>\r\n4. Trasferire in una tortiera direttamente con la carta forno sotto e rimuovere carta e pasta in eccesso sui bordi. <br>\r\n5. Mettere la frolla in frigo a riposare. <br>\r\n6. Nel frattempo preparare il ripieno mescolando in una ciotola il burro fuso con lo zucchero, poi l\'uovo, il cacao, le mandorle tritate, la farina e il lievito. <br>\r\n7. Aggiungere anche il latte per rendere il ripieno più cremoso e amalgamare bene. <br>\r\n8. Farcire il guscio di frolla con la crema al cioccolato. <br>\r\n9. Sbucciare le pere e tagliarle a fettine sottili, poi distribuirle a raggiera sulla torta. <br>\r\n10. Cuocere in forno a 180 gradi per circa mezzora.', 'Possibile soluzione per una torta di compleanno o da servire nel giorno di Pasqua.', 'https://i.imgur.com/fVUH9GL.jpg', 7),
(54, 'Piadi Pizza', 1, '1. Disporre la piadina su una teglia foderata di carta forno. <br>\r\n2. Tagliare a pezzettini fini la zucchina il peperone e i pomodorini. <br>\r\n3. Farcire la superficie della piadina con la passata di pomodoro, sale, la mozzarella tagliata a dadini e le verdure. <br>\r\n4. Completare con un filo d\'olio e infornare a 180 gradi per 10 minuti.', '', 'https://i.imgur.com/lxeyeBC.jpg', 5),
(55, 'Overnight oats con banana, crema proteica e cacao', 1, '1. In una ciotola mettere i fiocchi di avena, una banana schiacciata, la crema proteica, lo yogurt e la stevia e amalgamare il tutto. <br>\r\n2. Formare una cremina mescolando assieme il cacao, con lo stevia e l\'acqua e spalmarlo sopra al composto di fiocchi di avena. <br>\r\n', 'Si può guarnire con fettine di banana (messe prima di servirlo altrimenti diventano nere), oppure con mandorle tritate. <br>\r\nVa tenuto in frigo tutta la notte prima di mangiarlo.', 'https://i.imgur.com/WkrL5lY.jpg', 7),
(56, 'Albero focaccia natalizia', 10, '1. Pelate la patata e grattugiatela oppure tagliatela a pezzi e tritatela fine nel robot da cucina insieme all\'olio. In una ciotola o nel robot mescolate tutti gli ingredienti la patata frullata con l\'olio, la farina, il lievito, lo zucchero, l\'acqua ed il sale. Impastate per 4-5 minuti (se usate robot o planetaria prima velocità medio-bassa poi aumentate fino a velocità alta). Otterrete un impasto molto morbido, fluido e appiccicoso. <br>\r\n2. Trasferite l\'impasto in una ciotola unta, coprite con pellicola e fate lievitare nel forno con luce accesa fino a quando non triplica di volume, ci vorrà circa 2-3 ore. <br>\r\n3. Rivestite lo stampo di carta a forma di albero con la carta forno. Tagliate una sagoma a forma di albero (aiutandovi con lo stampo)per la base e 2 strisce lunghe per i bordi. Imburrate leggermente i bordi per far aderire bene la carta. Oliate un po\' la carta forno e versate l\'impasto che risulterà molto morbido, potete versarlo come una torta. Aspettate 2 minuti, poi con i polpastrelli ben unti stendete l\'impasto nello stampo. <br>\r\n4. Per la farcitura tagliate i pomodorini a metà e schiacciateli direttamente sull\'albero in modo che il liquido e semini cadano sulla focaccia, affossateli leggermente nell\'impasto, unite anche le olive. Condite con origano, sale ed olio. Potete anche lasciarla bianca e condirla con un emulsione fatta con 3 cucchiai di acqua e 3 di olio evo, completate con rosmarino e sale grosso . Fate lievitare 40 minuti in teglia. Infornate in forno ben caldo statico a 240°-250° per 20 minuti mettendo la griglia sul fondo del forno. Poi spostate nella parte centrale del forno e proseguite la cottura per circa 10 minuti a 240° fino a quando è bella dorata, se dovesse scurirsi coprite con alluminio. Servite calda o tiepida, è stra buona anche a temperatura ambiente. <br>\r\n', 'Potete servire l\'albero focaccia tiepido o a temperatura ambiente, inoltre potete anche congelarlo per tenerlo pronto per buffet e feste e riscaldarlo prima di portarlo in tavola. <br>\r\nPotete usare anche solo farina 00 oppure fare un mix tra farina 00 e Manitoba. <br>\r\nPer una lievitazione più veloce potete usare 1 cubetto di lievito di birra fresco o 7 g di lievito bi birra secco. <br>\r\n', 'https://i.imgur.com/mC7QGSo.jpg', 6),
(57, 'Spiedini di zucchine e feta', 2, '1. Affettare le zucchine con una mandolina. <br>\r\n2. Tagliare il feta a cubetti e arrotolare ogni cubetto in una fetta di zucchina. <br>\r\n3. Infilare tutto in uno stuzzicadenti lungo. <br>\r\n4. Grigliare gli spiedini di zucchina. <br>\r\n5. Adesso preparare il condimento: in una ciotola mescolare assieme il prezzemolo tagliato fine, l\'olio, il sale e il pepe e per finire la scorza e il succo di un limone. <br>\r\n6. Mettere gli spiedini in un piatto da portata e versare sopra il condimento.', '', 'https://i.imgur.com/UTLqyGW.jpg', 1),
(58, 'Focaccia', 6, '1. Per prima cosa in una ciotola uniamo la farina, il lievito di birra e lo zucchero. Mescoliamo bene con una forchetta. <br>\r\n2. Iniziamo ad aggiungere l’acqua un po’ alla volta. Uniamo anche l’olio e il sale fino a ottenere un impasto molto morbido. Questo impasto rimane molto acquoso, caratteristica che rende la focaccia soffice e ricca d’aria. Lasciamo lievitare l’impasto per circa 2 ore in un luogo caldo. <br>\r\n3. Dopo che l’impasto è ben lievitato, trasferiamolo in una teglia con carta forno e ben oliata. <br>\r\n4. Stendiamo bene la nostra focaccia e lasciamola lievitare per 30 minuti. <br>\r\n5. Bucherelliamo bene l’impasto con le dita. <br>\r\n6. Prepariamo la salamoia, uniamo mezzo bicchiere di acqua con due cucchiai di olio d’oliva. Spennelliamo la salamoia sulla nostra focaccia, uniamo il sale e il rosmarino. Inforniamo a 180 °C in forno ventilato per circa 25 minuti, oppure in forno statico a 190 °C per circa 25 minuti. <br>', 'Una bustina di lievito di birra da 7g corrisponde a un cubetto di lievito di birra da 25g. <br>\r\nQuesta focaccia è perfetta da tagliare a metà e farcire con verdure grigliate o formaggi a piacere. <br>\r\nPossiamo realizzarla anche in anticipo perché si conserva per 2-3 giorni. <br>\r\nUna volta cotta, possiamo tagliarla a pezzi e surgelarla per averla pronta da riscaldare e mangiare in tutti i momenti della giornata!', 'https://i.imgur.com/6aXxpJK.jpg', 6),
(59, 'Ciambellone \"Buttati...è morbido!!!\"', 8, '1. Montate gli albumi con 50 g di zucchero presi dal totale fino ad averli bianchi e gonfi, tenete da parte. Senza pulire le fruste montate i tuorli con il restante zucchero (200 g), sale e l’aroma scelto fino ad ottenere un composto soffice e spumoso. Abbassate la velocità ed incorporate olio e latte. <br>\r\n2. Unite in più riprese la farina setacciata con il lievito amalgamando con una spatola. Incorporate gli albumi al composto delicatamente con movimenti dall\'alto verso il basso. Versate in uno stampo imburrato ed infarinato da 24-26 cm cuocete in forno preriscaldato a 180° funzione statico per 40-45 minuti circa. Fate sempre la prova stecchino che deve uscire asciutto. Sfornate, fate raffreddare e servite spolverizzando con zucchero a velo. <br>', 'Si mantiene soffice per 1 settimana sotto una campana di vetro.', 'https://i.imgur.com/9WucoX9.jpg', 7),
(60, 'Rotolo di frolla alla Nutella', 8, '1. In una ciotola mettere lo zucchero, le uova, il sale e l\'olio, quindi impastare con un mestolo o una forchetta o con le mani. <br>\r\n2. Aggiungere un po\' per volta la farina nella quale abbiamo già stemperato il lievito. >br>\r\n3. Quando il composto può essere lavorato facilmente spostarlo su una spianatoia e continuiamo a lavorarlo fino a farlo diventare un panetto elastico ed omogeneo. La frolla deve risultare morbida ma non deve appiccicarsi sulle mani. <br>\r\n4. Stenderla su un foglio di carta forno, ad uno spessore di circa 4 mm cercando di formare un triangolo. <br>\r\n5. Spalmare la Nutella fino ad arrivare ad 1 cm dal bordo. <br>\r\n6. Arrotolare per il lato più lungo e farlo nel modo più stretto possibile formando un salsicciotto. <br>\r\n7. Coprire il rotolo con la carta forno e metterlo in frigorifero giusto il tempo che il forno arrivi in temperatura. <br>\r\n8. Quindi togliere la carta forno dal rotolo e infornarlo a 180° per circa 20/25 minuti, coprendolo dopo circa 10 minuti con un foglio di alluminio. <br>\r\n9. Infine, sfornare e lasciare raffreddare, quindi spolverizzare con lo zucchero a velo e granella di nocciole tagliate a tranci e servire.', 'Si conserva all\'interno di una campana di vetro.', 'https://i.imgur.com/l1Oq5Yt.jpg', 7),
(62, 'Torta salata radicchio e ricotta', 4, '1. Pulite due cespi di radicchio togliendo l’estremità più dura e tagliatelo a pezzetti, rosolatelo in una padella insieme a dell’olio extravergine, sale e uno spicchio d’aglio (che poi toglierete). <br>\r\n2. A parte preparate la pasta unendo farina, acqua, olio e un pizzico di sale. Impastate tutto e stendete la pasta. <br>\r\n3. A parte mescolate 2 uova, una vaschetta di ricotta, parmigiano grattugiato a volontà, sale, pepe, noce moscata e il radicchio saltato. Riempite il guscio della pasta matta, ripiegate i bordi e infornate per 30 min circa a 180 gradi.', '', 'https://i.imgur.com/MSavYg9.jpg', 3),
(63, 'Zucchine sabbiose', 4, '1. Per preparare le zucchine sabbiose iniziate a lavare ed asciugare le zucchine, quindi spuntatele e tagliatele nel senso della lunghezza, prima in due parti, poi in quattro e all\'occorrenza in sei. Dovrete ottenere dei bastoncini non troppo spessi, in questo modo si cuoceranno perfettamente, diventando croccanti in pochi minuti. <br>\r\n2. Preparate la panatura, riunite in una ciotola il pangrattato, il parmigiano, sale, pepe e le spezie che preferite (per me un cucchiaino di paprika dolce). Mescolate bene, poi mettete i bastoncini di zucchine nella ciotola per impanarli bene. Se la panatura non dovesse aderire bene potete spennellarle con dell\'olio (io preferisco evitare questo passaggio e spruzzarle con l\'olio solo alla fine, quando voglio un piatto più leggero). <br>\r\n3. Dopo aver impanato le zucchine distribuitele in una teglia rivestita con della carta forno, cercate di evitare di sovrapporle, per permettere una cottura uniforme. Spruzzatele con dell\'olio di oliva, cospargetele con altra panatura e infornatele in forno ventilato preriscaldato a 200° per 15 minuti circa, negli ultimi 5 minuti potete passare alla modalità grill per avere un effetto ancora più sfizioso e croccante. <br>\r\n', '', 'https://i.imgur.com/2wF4vh7.jpg', 4),
(66, 'Pasta furba', 1, '1. Il procedimento è davvero facile: si mescolano insieme gli ingredienti finché non si forma una palla, si avvolge nella pellicola trasparente e si lascia riposare in frigorifero per mezz’ora. Al momento dell’utilizzo non vi resta che stenderla e farcirla con verdure fresche (pomodori, peperoni, melanzane…), formaggi, salumi, erbe aromatiche ecc. Infornate a 200 gradi per 30-40 minuti. \r\n', 'A piacere, si può aggiungere un pizzico di lievito istantaneo per torte salate! Il risultato sarà una pasta leggermente più morbida e gonfia. <br>\r\n', 'https://i.imgur.com/rPe42oJ.jpg', 9),
(67, 'Pollo e patate gratinati al forno', 4, '1. Pelate le patate e tagliatele a spicchi,  poi mettetele insieme ai filetti di pollo in una ciotola  e condite con olio, sale, il succo del limone, il mix di pepi  e spolverizzate il pane grattugiato. Mescolate bene e disponete tutto sulla leccarda rivestita di carta da forno. <br>\r\n2. Irrorate con dell’olio ed infornate, a forno caldo ventilato , a 200° per circa 40 minuti, a metà cottura girate i filetti di pollo, quindi sfornate e servite.', '', 'https://i.imgur.com/8J4tuhr.jpg', 3),
(68, 'Feta al forno', 2, '1. Per preparare la feta al forno iniziamo scaldando il forno a 180 °C, in modalità statica. <br>\r\n\r\n2. Apriamo e asciughiamo i panetti di feta con un foglio di carta assorbente, per eliminare il liquido in eccesso. <br>\r\n\r\n3. Disponiamo i panetti di feta sul fondo di una pirofila leggermente oleata, un po’ distanziati tra loro. <br>\r\n\r\n4. Laviamo i pomodorini, asciughiamoli, tagliamoli a metà e sistemiamoli intorno e sopra i panetti di feta. <br>\r\n\r\n5. Aggiungiamo le olive, ancora un giro d’olio, sale, origano. <br>\r\n\r\n6. Cuociamo a 180 °C per circa 20-25 minuti, attivando il grill negli ultimi 5. La nostra feta al forno è pronta!', 'C’è chi aggiunge anche la cipolla oppure l’aglio, ma anche i peperoni! E si può accompagnare con del semplice pane oppure un classico pane pita.\r\n\r\n\r\n', 'https://i.imgur.com/EGBAtnm.jpg', 3),
(69, 'Lasagne agli asparagi', 4, '1. Preparare le lasagne agli asparagi è facile. Tagliare gli asparagi a rondelle dello stesso spessore, non troppo grossi, e fateli rosolare in una padella antiaderente con olio d\'oliva e l\' aglio. Salate, pepate e cuocete fino a quando saranno diventati morbidi, ma non eccessivamente teneri. <br>\r\n\r\n2. Imburrate una pirofila e velate il fondo con poca besciamella. <br>\r\n\r\n3. Adesso comporre a strati: sfoglia, besciamella, asparagi e grana e continuare fino a finire gli ingredienti. L\'ultimo strato mettere abbondante grana. <br>\r\n\r\n4. Infornare a 180* per 20 minuti e aggiungerne altri 7 in modalità grill per formare la crosticina in superficie.', 'Per un effetto più scenografico tenere da parte le punte degli asparagi per metterle nello strato finale.', 'https://i.imgur.com/0Qncn8w.jpg', 2),
(70, 'Torta di pancarrè con zucchine, prosciutto e scamorza', 4, '1. Lavare le zucchine, tagliarle a fettine sottili con una mandolina e grigliarle. <br>\n\n2. Preriscaldare il forno a180°. Comporre adesso la torta di pancarrè che dovrà essere formata da tre strati: prendere una pirofila, rivestirla di carta forno e posizionare le prima 8 fette di pancarrè, disponendole a formare un rettangolo con 4 fette sopra e 4 fette sotto. <br>\n\n3. Spalmare sopra alle fette di pancarrè un velo sottile di besciamella, mettere poi il prosciutto, le zucchine, un filo d\'olio, la scamorza e coprire con le altre 8 fette di pancarrè. Rifare poi uno strato uguale a questo, quindi in ordine pancarrè, besciamella, prosciutto, zucchine, olio, scamorza e pancarrè. <br>\n\n4. L\'ultimo strato della torta di pancarrè dovrà essere composta dalle ultime 8 fette coperto da uno strato più abbondante di besciamella. <br>\n\n5. Infornare e farla cuocere per 15 minuti, la superficie dovrà essere ben dorata.', '', 'https://i.imgur.com/U2BdlbX.jpg', 5),
(71, 'Zucchine tonde ripiene stracchino e prosciutto', 4, 'Lavate le zucchine. Sbollentate le zucchine intere per circa 10 minuti. Nel frattempo in una ciotola mettete lo stracchino, il parmigiano e il prosciutto cotto a fettine e amalgamate per bene. Tagliate la parte superiore delle zucchine. Con un coltello eliminate la parte interna e aggiungetela al ripieno di stracchino. Salate e pepate il ripieno. Poi mettete uno o due cucchiai di ripieno in ogni zucchina. Mettete all’interno anche un po\' di formaggio filante. Infornate a 180 per circa 20 minuti.', '', 'https://i.imgur.com/jBZSRAT.jpg', 3),
(72, 'Tagliatelle agli asparagi', 4, '1. Tagliare gli asparagi a rondelle e cuocerli in una padella con olio e cipolla alla fine aggiustare di sale e pepe. <br>\n\n2. Versare gli asparagi in un mixer, aggiungere il Grana Padano, due cucchiai di olio extra vergine di oliva e frullate il tutto fino ad ottenere una crema vellutata e densa. <br>\n\n3. Cuocete le tagliatelle in acqua salata, scolatele al dente e saltatele in padella con la crema di asparagi e un mestolino di acqua di cottura della pasta. Impiattate le tagliatelle con crema di asparagi, guarnitele con le punte che avete tenuto da parte e servite. ', 'Se volete un sapore più deciso sostituite il Grana  con la stessa quantità di pecorino. <br>\nGli asparagi, a mio parere, devono essere croccanti (soprattutto le punte con le quali guarnisco il piatto) per cui non li cuocio molto per scelta.', 'https://i.imgur.com/mH5UYIe.jpg', 2),
(73, 'Noodle con verdure e anacardi', 4, '1. Lava le verdure e mondale. <br>\r\n\r\n2. Pulisci le zucchine eliminando le estremità e tagliale a bastoncini. <br>\r\n\r\n3. Lava le carote e sbucciale con un pelapatate poi tagliale a bastoncini. <br>\r\n\r\n4. Elimina dai funghi le estremità sporche di terra e lavali eliminando tutta la terra dalla superficie grattando leggermente con uno spazzolino poi affettali. <br>\r\n\r\n5. In un tegame fai scaldare 2-3 cucchiai di olio EVO con lo spicchio d’aglio. Quando questo avrà preso un leggero colore eliminalo e aggiungi le verdure. Falle rosolare a fiamma vivace per 8-10 minuti, fino a che non saranno cotte ma ancora sode. <br>\r\n\r\n6. Unisci gli anacardi e falli tostare leggermente poi sfuma con la salsa di soia. <br>\r\n\r\n7. Mentre cuoci le verdure, fai bollire una pentola di acqua salata e cuoci i noodle per il tempo indicato in confezione e poi scolali e falli saltare a fiamma vivace nel tegame delle verdure per qualche secondo, fino a che non si saranno insaporiti. Servili subito.', '', 'https://i.imgur.com/Fv8xMsN.jpg', 2),
(74, 'Crumble di mele e mirtilli', 4, 'Per prima cosa, preparate la frutta: lavate e asciugate i mirtilli; pelate le mele e tagliatele a cubetti. In una ciotola mettete la farina, lo zucchero e il burro a cubetti. Lavorate gli ingredienti con la punta delle dita fino a ottenere un impasto “bricioloso”, simile al pangrattato. Prendete una pirofila o delle cocotte monoporzione, imburratele per bene e disponetevi la frutta. Coprite con le briciole di pasta e infornate per circa 35 minuti a 180°C finché la superficie sarà ben dorata e croccante. (A piacere potete azionare la funzione grill del forno gli ultimi 5 minuti). Sfornate e servite ben caldo.', 'A piacere  potete aggiungere una pallina di gelato alla vaniglia oppure, direttamente nell\'impasto, della frutta secca (come mandorle a lamelle, nocciole ecc.) oppure ancora dei fiocchi d\'avena. <br>\n\nSe volete rendere questa ricetta ancora più light potete sostituire il burro con l\'olio in pari quantità.', 'https://i.imgur.com/kVbcr0o.jpg', 7),
(76, 'Pollo con zucca e patate al forno', 4, '1. Versate, in una pirofila da forno, un filo di olio d’oliva abbondante e l\'aglio. <br>\r\n\r\n2. Adesso, mettete le patate e la zucca, tagliate a cubetti grossolani. <br>\r\n\r\n3. Unite il petto di petto a pezzi. Salate e pepate. Insaporite con del rosmarino e mescolate il tutto con un cucchiaio. <br>\r\n\r\n4. Cuocete il Pollo con zucca e patate in forno caldo a 180°/190° per circa 25/40 minuti. Dopo, spolverate la superficie con il pangrattato e fate gratinare in forno sotto al grill a 180° per 5 minuti. <br>\r\n\r\n5. Servite il Pollo, subito, ancora caldo', '', 'https://i.imgur.com/ZioK0Lm.jpg', 3),
(77, 'Biscotti senza uova e senza burro', 1, '1. In una ciotola versiamo il latte, l’olio di semi di girasole e lo zucchero. <br>\r\n\r\n2. Aggiungiamo la buccia grattugiata di un limone, la bustina di vanillina e la mezza bustina di lievito per dolci. <br>\r\n\r\n3. Iniziamo a mescolare con la forchetta o con le mani e aggiungiamo la farina un po’ alla volta. <br>\r\n\r\n4. Trasferiamoci sul piano e continuiamo a lavorare fino a ottenere un impasto liscio e morbido. <br>\r\n\r\n5. Una volta pronto l’impasto, prepariamo una ciotola con dello zucchero. Prendiamo un pezzo dell’impasto, con le mani creiamo delle strisce, arrotoliamole un po’ e con un coltello le tagliamo a tocchetti di circa 3-4 cm, dando forma ai nostri biscotti. Passiamoli nello zucchero. <br>\r\n\r\n6. Mettiamo i biscotti sulla teglia ricoperta di carta forno e facciamo cuocere in forno statico a 180 °C per 20 minuti, oppure in forno ventilato, a 170 °C per lo stesso tempo. <br>\r\n\r\n7. Una volta cotti i biscotti, facciamoli raffreddare completamente e conserviamoli in una scatola di latta chiusi ermeticamente o in un contenitore di vetro per biscotti. Resteranno fragranti per 7-8 giorni.', 'Con queste dosi vengono fuori 40 biscotti. ', 'https://i.imgur.com/YCGvAO1.jpg', 7),
(78, 'Ghirlanda di Natale', 9, '1. Prendiamo i wurstel  e tagliamoli in 3 parti uguali.<br>\n\n2. Srotoliamo la pasta sfoglia, poi prendiamo un pezzo di wurstel, lo mettiamo a un bordo della sfoglia e tagliamo su misura la pasta. <br>\n\n3. Avvolgiamo completamente il wurstel con un unico strato di pasta sfoglia. Ripetiamo lo stesso procedimento per ogni pezzo di wurstel. <br>\n\n4. Quando sono pronti, mettiamoli in una teglia rivestita di carta forno dando forma alla nostra ghirlanda. <br>\n\n5. Spennelliamo la superficie con il tuorlo d’uovo sbattuto e poi decoriamo con un mix di semi di sesamo e di papavero. Inforniamo e facciamo cuocere in forno ventilato a 180 °C per 20-25 minuti. <br>\n\n6. Impiattiamo la nostra ghirlanda di Natale in un letto di rucola e con qualche pomodorino intorno per dare colore.', 'Per la ghirlanda di Natale ci occorrerà una mezz’oretta, ma la preparazione è altrettanto semplice e il risultato davvero scenografico! Tutto quello che ci serve è un rotolo di pasta sfoglia rettangolare, di quelli pronti, dei wurstel grandi, e poi un po’ di rosso d’uovo e semini misti per spennellare decorare (ma se non abbiamo i semini non è certo un problema). Si tagliano i wurstel in tre parti e si avvolge ogni pezzo nella pasta sfoglia, poi si compone la ghirlanda in una teglia rivestita di carta forno, disponendo a raggiera questi fagottini di wurstel. Una spennellata di tuorlo per renderla bella dorata, un po’ di semini di sesamo e papavero per decorare e la nostra ghirlanda di pasta sfoglia è pronta da infornare.', 'https://i.imgur.com/LPozvtt.jpg', 1),
(79, 'Pizzette di melanzane', 4, '1. Tagliate le melanzane a fette. Incidetele con il coltello e cospargetele di olio e salate. Infornate a 180 gradi per 10 minuti. <br>\r\n2. Togliete dal forno e aggiungete la salsa di pomodoro e la mozzarella. Infornate ancora 10 minuti e a fine cottura aggiungete l’origano.', 'Potete conservare le Pizzette di Melanzane in un contenitore ermetico per un massimo di tre giorni in frigorifero. ', 'https://i.imgur.com/ctptDQn.jpg', 1),
(80, 'Crepes salate', 4, '1. In una ciotola lavorate con la frusta le uova con il latte. <br>\r\n\r\n2. Aggiungete olio, sale, pepe, la farina e mescolate bene. <br>\r\n\r\n3. Cuocete le crepes un minuto per lato in una padella antiaderente. <br>\r\n\r\n4. Servite a piacere!', 'Possono essere farcite con uova all\'occhio di bue e broccoli. <br>\r\nPotete conservare le crepes avvolte nella pellicola in frigorifero fino a 3 giorni, oppure se volete le potete congelare! <br>\r\nPotete servirle aperte oppure chiuse a portafoglio o a mezzaluna. Inoltre con questa ricetta base potete anche preparare golosi cannelloni.', 'https://i.imgur.com/rCu4dzm.jpg', 3),
(81, 'Egg toast', 1, '1. Tagliate con il coppa pasta una fetta di pane. <br>\r\n\r\n2. In un’altra fetta di pane spalmate il burro. <br>\r\n\r\n3. Sovrapponete le due fette di pane e aggiungete nel buco l’uovo. Salate e pepate. <br>\r\n\r\n4. Aggiungete sopra il grana. <br>\r\n\r\n5. Infornate i toast a 180° per circa 12 minuti. Potete decidere voi la cottura dell’uovo, se lo volete meno cotto togliete dal forno qualche minuto prima.', 'Vi consiglio di consumare il toast appena sfornato! <br>\r\nSe volete potete aggiungere prosciutto cotto e formaggio al centro del toast!', 'https://i.imgur.com/Hc7i50p.jpg', 3),
(82, 'Tiramisù ricotta e cioccolato ♥ rospetto ♥', 6, '1. Prepariamo la crema del nostro tiramisù ricotta e cioccolato. Versiamo la panna fredda da frigo in una ciotola capiente e montiamola con le fruste elettriche per farla diventare ben soda. <br>\n\n2. Aggiungiamo la ricotta e il latte condensato, poi frulliamo nuovamente per incorporarli. <br>\n\n3. Quando abbiamo ottenuto una crema omogenea, incorporiamo anche le gocce di cioccolato e diamo qualche ultima mescolata. <br>\n\n4. Assembliamo il dolce all’interno di una pirofila 15 x 25 centimetri: per prima cosa spalmiamo un cucchiaio di crema sul fondo. <br>\n\n5. Formiamo uno strato di savoiardi inzuppati velocemente nel latte. <br>\n\n6. Versiamo altra crema sui savoiardi, per formare uno strato ben livellato. <br>\n\n7. Ripetiamo il procedimento aggiungendo uno strato di biscotti inzuppati e terminando con la crema rimasta. <br>\n\n8. Decoriamo la superficie con delle gocce di cioccolato e facciamo riposare il dolce in frigo per almeno due ore. <br>\n\n9. Portiamo in tavola e serviamo il nostro fresco e golosissimo tiramisù ricotta e cioccolato!', '', 'https://i.imgur.com/vHCyybY.jpg', 7);
INSERT INTO `ricetta` (`id_ricetta`, `nome_ricetta`, `porzioni_ricetta`, `preparazione_ricetta`, `note_ricetta`, `image_path_ricetta`, `id_categoria`) VALUES
(84, 'Pan brioche allo yogurt sofficissimo', 6, '1. In una ciotola capiente mettiamo la farina e la busta di Lievito di birra con pasta madre disidratati per Dolci Lievitati PANEANGELI. Mescoliamo con le mani. <br>\r\n\r\n2. In un’altra ciotola versiamo il latte tiepido e aggiungiamo subito lo yogurt bianco, l’uovo, lo zucchero, l’olio, la buccia grattugiata del limone. Mescoliamo bene con una forchetta. <br>\r\n\r\n3. Affianchiamo le due ciotole e aggiungiamo la farina un po’ alla volta nell’altra ciotola, continuando a mescolare prima con la forchetta, poi con le mani. <br>\r\n\r\n4. Spostiamo l’impasto su un piano di lavoro infarinato e continuiamo a lavorarlo fino a ottenere una consistenza omogenea ed elastica. <br>\r\n\r\n5. Mettiamo il nostro impasto in una ciotola, pratichiamo sopra il classico taglio a croce e copriamolo con pellicola trasparente per lasciarlo lievitare fino al raddoppio del suo volume (ci vorranno circa 2 ore). <br>\r\n\r\n6. Trascorso il tempo necessario, prendiamo l’impasto e mettiamolo sul piano di lavoro infarinato per lavorarlo leggermente e formare un filone. Dividiamolo poi in 7 pezzi da circa 120 grammi ciascuno. <br>\r\n\r\n7. Prepariamo uno stampo a ciambella da 28 cm di diametro, ben unto e infarinato. Formiamo delle palline con i pezzi di impasto e disponiamole affiancate nello stampo. Copriamo con pellicola trasparente e lasciamo lievitare ancora per circa 30 minuti. <br>\r\n\r\n8. Trascorso il tempo, inforniamo in forno preriscaldato ventilato a 170° C per 35-40 minuti oppure in forno statico a 180° C per lo stesso tempo. <br>\r\n\r\n9. Appena sfornato il nostro Pan brioche allo yogurt, spennelliamone la superficie con acqua. Poi estraiamolo dallo stampo e decoriamolo con lo Zucchero al Velo PANEANGELI. Tagliamolo a fette e gustiamolo in tutta la sua morbida bontà!', 'Potete anche farcirlo, ad esempio con crema di nocciole, marmellata o miele. Il segreto della sua consistenza sofficissima sta nella lievitazione naturale, molto rapida. Il Lievito di Birra con Pasta Madre Disidratati per Dolci Lievitati PANEANGELI si aggiunge direttamente alla farina, non c’è bisogno di scioglierlo prima. <br>\r\n\r\nIl risultato finale è un’alveolatura (la presenza delle bolle nell’impasto lievitato) molto accentuata che dà al pan brioche una morbidezza che si mantiene per giorni. Ecco perché questo tipo di lievito è particolarmente adatto a ricette simili. <br>\r\nIl pan brioche allo yogurt mantiene a meraviglia tutta la sua morbidezza, e potete conservarlo anche per 3-4 giorni ben chiuso in un sacchetto per alimenti.\r\n\r\n\r\n', 'https://i.imgur.com/lz9LtDY.jpg', 7),
(87, 'Club Sandwich', 1, '1. Stendere su due fette di pane il philadelphia, poi le zucchine e i pomodorini precedentemente grigliati, le uova e la bresaola. <br>\r\n2. Mettere  sopra le restanti due fette di pane e posizionare i panini  sulla bistecchiera affinché diventino croccanti.', '', '/uploads/uploads/Club sandwich.jpg', 5),
(89, 'Schiacciata pomodorini e panna', 2, '1. <in una ciotola unire tutte le polveri. <br>\r\n\r\n2. Aggiungere le parti liquide. <br>\r\n\r\n3. Lavorare tutti gli ingredienti ottenendo un panetto morbido e appiccicoso, aggiungere il cucchiaio di farina a fine impasto e lavorare per alcuni secondi. <br>\r\n\r\n4. Dividere il panetto in due parti. <br>\r\n\r\n5. Infarinare il foglio di carta forno già posizionato in teglia, allungare e modellare semplicemente con le mani infarinate. <br>\r\n\r\n6. Farcire a piacere: in foto con pomodorini, sale, origano, un filo d\'olio e panna da cucina in superficie. <br>\r\n\r\n7. Infornare a 200° per 15 minuti.', 'La Schiacciata Pomodorini e Panna, è l’idea dell’ultimo minuto, quando non si ha voglia di impasti lunghi e di attese. La preparazione è semplicissima, sfiziosa, la si può arricchire e farcire come si vuole e piace. Acqua, Farina e Sale, per un risultato eccezionale!', 'https://i.imgur.com/90mGFI6.jpg', 5),
(91, '♥ Crostata San Valentino ♥', 10, '1. In una ciotola mescolare le polveri e la scorza grattugiata del limone. <br>\r\n\r\n2. Unire le parti liquide e l\' uovo. Lavorare il tutto con le mani fino ad ottenere un panetto. <br>\r\n\r\n3. Realizzare le crostatine, sistemare carta forno alla base del tavolo, parte di impasto, posizionare un secondo foglio di carta forno in superficie e stendere l\'impasto, sistemare nello stampo e farcire con marmellata, decorare con biscottini di pasta frolla. <br>\r\n4. Continuare in questa modalità fino al termine. Oppure realizzare un’unica crostata in uno stampo per crostate grandezza media lasciando parte di impasto per decorare la sua superficie. <br>\r\n\r\n5. Infornare a 180° per 10/15 minuti per le crostatine e 18/20 minuti per la crostata.\r\n\r\n-Gradi 180\r\n\r\n-Minuti cottura 10/15 per le crostatine. Minuti cottura 18/20 per un’unica crostata', 'Ingredienti per 4 Crostatine OPPURE una teglia rotonda della circonferenza di 22cm.', 'https://i.imgur.com/QUX6Xw5.jpg', 7),
(93, 'Biscotti super veloci e...mitici!', 1, '1. Mettere in una ciotola tutti gli ingredienti e mescolare con un cucchiaio di legno fino a formare un composto appiccicoso. <br>\r\n2. Prendere con le mani (o aiutandosi con uno scavino per frutta e verdura) una piccola porzione di impasto grande quanto una noce e formare una pallina schiacciare al centro una mandorla. Continuare fino a terminare l\'impasto. <br>\r\n3. Mettere un foglio di carta forno in una leccarda e sistemare un po\' a distanza tra di loro i biscotti. <br>\r\n4. Cuocere a 175° in forno statico pe 15 minuti. <br>\r\n5. Sfornare e lasciare raffreddare.', 'I biscotti si conservano chiusi dentro un barattolo di vetro o di latta.', 'https://i.imgur.com/HFhpMBg.jpg', 7),
(94, 'Salsa allo yogurt', 1, '1. Tritare i capperi assieme all\'aneto e metterli in una ciotolina. <br>\r\n2. Aggiungere insieme al trito il succo di limone, lo yogurt, il sale e l\'olio.', 'Da spalmare su crostini o da intingere le patatine.', 'https://i.imgur.com/VDPGoNF.jpg', 10),
(95, 'Crema pasticcera senza uova', 1, '1. In un pentolino mettere il latte, aggiungere lo zucchero a velo, la bacca di vaniglia tagliata a metà, la buccia di limone grattugiata (solo la parte gialla) e un pizzico di curcuma che darà un gusto particolare alla crema. <br>\r\n2. Aggiungere anche la frumina che è ideale per dare la giusta consistenza senza dover aggiungere le uova come nella ricetta classica. <br>\r\n3. Portare gli ingredienti a bollore e fuoco dolce, mescolando in continuazione fino ad ottenere la densità e la consistenza desiderata. ', 'Si può utilizzare la crema in molti modi diversi come per esempio in un bicchierino con frutti di bosco o scagli di cioccolato, oppure si può usare per riempire la classica tartelletta con la frutta.', 'https://i.imgur.com/GnMvrjp.jpg', 9),
(96, 'Mocha overnight flakes', 1, '1. Mettere i cereali in una ciotolina monoporzione e versarci sopra il latte, mescolare. <br>\r\n\r\n2.  Mescolare 150 grammi di yogurt aromatizzato o dolcificato a piacere. <br>\r\n\r\n3. Sopra fare una cremina mescolando assieme 8g cacao amaro + 5g miele più acqua quanto basta. <br>\r\n\r\n4. Lasciare in frigorifero tutta la notte. Prima di servirlo aggiungere sopra altri 5g di corn flakes per avere un po\' di effetto crunchy.', '', 'https://i.imgur.com/ON0xPq8.jpg', 7),
(97, 'Riso freddo al limone con rucola e bresaola', 4, '1. Sminuzziamo la rucola e la bresaola con l’aiuto di un coltello. <br>\r\n\r\n2. Grattugiamo il formaggio con una grattugia a fori larghi. <br>\r\n\r\n3. In una capiente ciotola grattugiamo la scorza di due limoni (stando attenti a non prelevare anche la parte bianca amarognola). <br>\r\n\r\n4. Uniamo anche un pò di pepe. <br>\r\n\r\nATTENZIONE: mettere sempre la pirofila o la ciotola in freezer per un po\', in modo che quando vado ad aggiungere il riso si raffredderà facilmente senza proseguire con la cottura. <br>\r\n\r\n5. Lessiamo il riso in abbondante acqua salata. <br>\r\n\r\n6. Trasferiamolo nella pirofila con la scorza di limone ed il pepe. <br>\r\n\r\n7. Lucidiamolo con un filo d’olio e sgraniamolo con un cucchiaio di legno. <br>\r\n\r\n8. Prepariamo la citronette: emulsionare il succo di limone assieme all\'olio, all\'acqua e ad un pizzico di sale.  Emulsioniamo il tutto, sbattendo velocemente con una forchetta o con un frustino, fino ad ottenere un composto denso e cremoso. <br>\r\n\r\n9.  Aggiungiamo la citronette al riso ed amalgamiamo bene il tutto. <br>\r\n\r\n10. Uniamo anche la rucola, la bresaola ed il Grana Padano. <br>\r\n\r\n11. Amalgamiamo bene il tutto fino a legare perfettamente tutti gli ingredienti.', 'Il riso non va sciacquato sotto acqua fredda perché perderebbe sapidità e amido! come suddetto io metto sempre una pirofila in freezer per 10 minuti prima di scolare il riso, in questo modo si raffredderà più facilmente e non proseguirà la cottura! <br>\r\nConsiglio: se volete conservare il riso in frigo per qualche ora vi consiglio di aggiungere la rucola prima di servirlo, in modo che resti croccante! <br>\r\nPotete gustarlo subito o conservarlo qualche ora in frigo.', 'https://i.imgur.com/VjOgYN9.jpg', 2),
(98, 'Sfoglia di patate', 8, '1. Tagliare le patate con una mandolina e lasciarle in ammollo in acqua fredda per 30 minuti. Passato questo tempo metterle sopra a un canovaccio pulito e tamponarle con della carta assorbente. <br>\r\n\r\n2. Ungere una pirofila con un po\' di olio e iniziare facendo un primo strato  di patate, sale, stracchino poi ancora uno strato di patate, grana e ancora patate. <br>\r\n\r\n3. Cospargere di sale e rosmarino, <br>\r\n\r\n4. Cuocere a 180° per 40 minuti forno statico e alla fine un po\' di grill per fare la crosticina.', '', 'https://i.imgur.com/bau3OTH.jpg', 4),
(99, 'Risotto al pomodoro', 4, '1. Tritate la cipolla finemente e fatela rosolare in padella con dell\'olio. <br>\r\n\r\n2. Aggiungete quindi il riso, mescolatelo e lasciatelo tostare un paio di minuti. Sfumate quindi con il vino bianco. <br>\r\n\r\n3. Mettete ora la passata ed amalgamatela al riso. <br>\r\n\r\n4. Appena il sugo si ristringerà aggiungete il brodo bollente un mestolo per volta e continuate la cottura. <br>\r\n\r\n5. A cottura quasi ultimata inserite il parmigiano ed il basilico spezzettato ed aggiustate di sale. <br>\r\n\r\n6. Quindi mescolate e fate riposare il risotto per un paio di minuti. \r\n\r\n', '', 'https://i.imgur.com/QhNq2QL.jpg', 2),
(100, 'Frittata di verdure al forno', 4, '1. Lavare e spuntare le zucchine, sbucciare la carota, la patata e la cipolla. <br>\r\n\r\n2. Tagliare le carote a rondelle, la cipolla, la zucchina e la patata a cubetti. <br>\r\n\r\n3. In una terrina sgusciare le uova e condirle con sale e pepe. Sbatterle per alcuni istanti per amalgamarle. Aggiungere il grana e le verdure mescolando delicatamente. <br>\r\n\r\n4. Unire infine il prezzemolo tritato e le foglie di basilico spezzettate. <br>\r\n\r\n5. Tagliare della carta forno a misura della teglia che utilizzate. Bagnare la carta forno e poi strizzarla bene. <br>\r\n\r\n6. Foderare la teglia e spennellare poco olio extravergine di oliva sulla carta forno. <br>\r\n\r\n7. Versare il composto di uova e decorare con i pomodorini tagliati a metà. <br>\r\n\r\n8. Cuocere in forno caldo a 180 gradi per 30 minuti. Se necessario azionare il grill negli ultimi minuti di cottura per colorire meglio la frittata. <br>\r\n\r\n9. Servire calda o tiepida a seconda della stagione.', '', 'https://i.imgur.com/XW4ThPT.jpg', 3),
(102, 'Maionese senza uova', 1, '1. Nel bicchiere  del mixer mettere il latte, l\'olio, il succo di limone, il sale e la curcuma e frullare. <br>\r\n\r\n2. Spostare il composto in una ciotolina e aggiungere l\'erba cipollina poi amalgamarla al composto.', '', 'https://i.imgur.com/0fz7fqy.jpg', 10),
(103, 'Vellutata di zucca con crostini e cipolla rossa', 4, '1. Mettete a cuocere la zucca in una pentola capiente con dell\'acqua dopo averla sbucciata e tagliata a cubetti. Mettete la pentola sul fuoco e portate a bollore. Quando la zucca è cotta, frullatela insieme al liquido di cottura utilizzando un mixer ad immersione. <br>\r\n\r\n2. A questo punto aggiungete il formaggio spalmabile o, in alternativa, la ricotta fresca e frullate ancora. Aggiustate di sale e completate con dell’olio a crudo. <br>\r\n\r\n3. Accompagnate la vellutata con dei crostini ottenuti tagliando il pane prima a fette e poi a cubetti. Mettete i cubetti di pane in una ciotola e conditeli con della cipolla rossa tagliata a fettine sottili, dell’aglio tritato, il rosmarino, olio e sale. <br>\r\n\r\n4. Mescolate per bene e trasferite i cubetti di pane in una teglia ricoperta con carta forno. Fate cuocere in forno per 10-15 minuti a 180° fino a quando risulteranno essere ben dorati.', '', 'https://i.imgur.com/cazGqfn.jpg', 2),
(104, 'Lasagne salmone e zucchine', 6, '1. In una padella facciamo soffriggere mezza cipolla tritata. <br>\r\n\r\n2. Aggiungiamo le zucchine tagliate a rondelle, un pizzico di sale e facciamo cuocere per circa 5 minuti. <br>\r\n\r\n3. Teniamo a portata di mano il salmone affumicato, la mozzarella a cubetti, la sfoglia sottile per lasagne, la besciamella e un limone (di cui useremo solo la buccia). Iniziamo ad assemblare le lasagne in una pirofila da 18×25 cm: mettiamo un fondo di besciamella e poi sopra un primo strato di sfoglia. <br>\r\n\r\n4. Copriamo con altra besciamella e mettiamo le zucchine. <br>\r\n\r\n5. Aggiungiamo il salmone affumicato a pezzetti. <br>\r\n\r\n6. Mettiamo la buccia di limone grattugiata. <br>\r\n\r\n7. Aggiungiamo anche la mozzarella a pezzetti e continuiamo così per tutti gli altri strati, fino a terminare gli ingredienti. <br>\r\n\r\n8. Sull’ultimo strato mettiamo besciamella, mozzarella e pangrattato, per ottenere una bella crosticina dorata. Inforniamo e facciamo cuocere a 180° per circa 35 minuti.', '', 'https://i.imgur.com/uoEZAhq.jpg', 2),
(105, 'Biscotti per la colazione', 1, '1. Nel mixer con le fruste di plastica mettere tutti gli ingredienti e azionare a velocità sostenuta finché non si sarà formata una palla. <br>\r\n\r\n2. Stenderla con il mattarello. <br>\r\n\r\n3. Creare delle formine e cuocere in forno statico  180° per 7/8 minuti.', 'I biscotti possono essere glassati una volta freddi.', 'https://i.imgur.com/QXZLDNC.jpg', 7),
(106, 'Pollo al forno con olive e pomodorini', 3, '1. Per prima cosa, spremi il limone e metti il succo dentro ad una ciotola. Aggiungi l’olio, il concentrato di pomodoro e l’acqua. Anche un pizzico di sale e di peperoncino e mescola. <br>\r\n\r\n2. Ora aggiungi anche le olive ed i pomodorini tagliati in due. Aggiungi anche l’aglio, l’origano ed il rosmarino e mescola. <br>\r\n\r\n3. Sciacqua le cosce di pollo sotto l’acqua corrente, poi asciugale ed infarinale. Disponile in una teglia con il fondo oleato. <br>\r\n\r\n4. Versa la miscela di olive e pomodorini e copri tutto il pollo. Porta il forno a 200° ed inforna la teglia per circa 40 minuti, fino a quando sarà ben dorato. Poi sforna e servi accompagnando ciascuna coscia di pollo con alcuni cucchiai di condimento.', '', 'https://i.imgur.com/Z8O6jhv.jpg', 3),
(108, 'Cestini di frolla con ricotta fragole e lamponi', 1, '1. Frolla: in una ciotola mettiamo la farina e lo zucchero a velo. Mescoliamo, quindi profumiamo con la scorza di limone grattugiata. A questo punto, aggiungiamo l’olio e l’acqua fredda. Mescoliamo, quindi lavoriamo con le mani fino ad ottenere un composto omogeneo. Avvolgiamo nella pellicola e lasciamo riposare 1 ora in frigorifero. Possiamo utilizzarla subito. <br>\r\n\r\n2. La stendiamo a circa 3-4 mm. Ritagliamo dei dischetti e li posizioniamo all’interno di stampini monoporzione in alluminio, o all’interno di una tortiera. Foderiamo anche i lati con la frolla, che dev’essere dello stesso spessore del fondo. <br>\r\n\r\n3. Lavoriamo la ricotta con lo zucchero a velo fino ad ottenere una crema liscia. <br>\r\n\r\n4. Farciamo i gusci di frolla ancora crudi con la ricotta. Inforniamo a 180° per 20-30 minuti. La frolla dev’essere dorata. Lasciamo raffreddare e sformiamo. Decoriamo con fragole e lamponi freschi.', 'Possiamo aggiungere anche i mirtilli, le ciliegie e qualche fogliolina di menta.', 'https://i.imgur.com/LqgzVX3.jpg', 7),
(111, 'Zucca al forno', 4, '1. Lavate la zucca ed affettatela ottenendo degli spicchi più o meno uguali. <br>\r\n\r\n2. Rivestite una teglia con un foglio di carta forno. <br>\r\n\r\n3. Mettete le fette di zucca sulla teglia senza sovrapporle. <br>\r\n\r\n4. Condite con olio, sale, pepe, salvia e rosmarino. <br>\r\n\r\n5. Mescolate con le mani le fette in modo che la zucca sia bella saporita. <br>\r\n\r\n6. Sistemate nuovamente le fette di zucca una di fianco all’altra e cuocete la zucca in forno a 200° per circa 30 minuti. <br>', 'I 500 gr della zucca si intende la zucca già pulita. <br>\r\nPotete arricchire la zucca con scaglie di mandorle. <br>\r\nLa zucca speziata al forno si conserva in frigorifero per 2 giorni.', 'https://i.imgur.com/XIPewBO.jpg', 4),
(112, 'Paninetti di ricotta', 8, '1. In coppa unire le polveri, aggiungere i liquidi e lavorare tutti gli ingredienti ottenendo così, un panetto omogeneo, elastico e un po\' appiccicoso. Seguire come da ricetta dettagliata negli ingredienti che per ovviare a questo si da una bella spolverata di altra farina nel passaggio finale. <br>\r\n\r\n2. Lasciare riposare il panetto 20 minuti in luogo caldo. <br>\r\n\r\n3. Passato il tempo, formare delle palle di impasto e, con le mani, appiattire e arrotondare delicatamente, senza però appiattire troppo, formando così, un paninetto. Continuare così fino ad esaurimento dell\'impasto. <br>\r\n\r\n4. Ungere una padella antiaderente con un po\' di olio. <br>\r\n\r\n5. Portare a cottura da entrambi lati fino a doratura. Ci vorranno pochi minuti per lato. <br>', 'Lievito istantaneo per preparazione salate. <br>\r\nCon questi panini non si accende il forno e sono velocissimi da fare! Si possono anche farcire e portare fuori come mini panini!', 'https://i.imgur.com/xelWxT7.jpg', 6),
(114, 'Erbazzone con ricotta', 12, '1. Mescola farina, acqua, olio e sale ed ottieni un panetto che da lasciare riposare in frigorifero 20 minuti. <br>\r\n\r\n2. Nel frattempo soffriggere la cipolla, spadella gli spinaci (o la bieta) con sale, pepe ed un filo d\'olio. <br>\r\n\r\n3. Una volta freddi, mescolali con la ricotta, grana, sale e pepe. <br<\r\n\r\n4. Stendere il panetto per ottenere un disco da mettere sulla base dello stampo ed aggiungere il composto di spinaci (o bieta) e ricotta. <br>\r\n\r\n5. Ricoprire la superficie con il restante impasto steso e sigilla bene i bordi. <br>\r\n\r\n6. Bucherella la superficie con i rebbi di una forchetta. <br>\r\n\r\n7. Infornare in foro statico a 200° per circa 30 minuti.', 'Usare uno stampo del diametro di 26 cm. <br>\r\nL\'impasto non ha lievito. ', 'https://i.imgur.com/Q4XCK5K.jpg', 3),
(119, 'Pesto di zucchine alla ricotta', 1, '1. Lavare le zucchine, eliminare le due estremità e grattugiarle. <br>\r\n\r\n2. Tagliare a pezzettini lo scalogno. <br>\r\n\r\n3. Prendere un frullatore ad immersione e versare le zucchine, lo scalogno, il succo di mezzo limone, sale, pepe e olio evo. Frullare amalgamando tutti gli ingredienti fino ad ottenere un composto corposo. <br>\r\n\r\n4. Aggiungere la ricotta, frullare per pochi secondi cioè per il tempo che serve a mescolare tutto. <br>\r\n\r\n5. Passare il pesto di ricotta e zucchine in una padella e lasciare cuocere per circa 30 minuti. <br>\r\n\r\n6. Una volta freddo conservarlo in un vasetto di vetro con coperchio.', 'Il pesto di ricotta e zucchine è pronto per essere messo su crostini, per farcire cannelloni e lasagne o per fare crostate salate. <br>\r\n\r\nE\' un pesto dal sapore delicato, aromatizzato dal limone e dallo scalogno.', 'https://i.imgur.com/Qo97fyx.jpg', 10),
(123, 'Pane alle olive', 4, '1. In una ciotola unire tutti gli ingredienti partendo dalle polveri e in  ultimo l\'acqua. Lavorare ed impastare. <br>\r\n\r\n2. Tagliare a piccoli pezzi le olive e inglobarle all\'impasto lavorandolo nuovamente per alcuni secondi. <br>\r\n\r\n3. L\'impasto si presenta appiccicoso. Lasciare riposare 15 minuti nel forno spento con la luce accesa. <br>\r\n\r\n4. Aiutandovi con la farina formare 4 ciabatte alle olive. <br>\r\n\r\n5. Cuocere in forno statico a 200° per 20/25 minuti.', 'Ingredienti per 4 ciabatte di media grandezza. <br>\r\n\r\nOttimo da farcire con verdure grigliate, pomodorini, olio e sale.', 'https://i.imgur.com/9JkCwk8.jpg', 6),
(125, 'Crostata morbida salata', 10, '1. In una terrina sbatti le uova con un pizzico di sale e unisci lo yogurt. <br>\r\n\r\n2. Unisci l’olio di semi, il formaggio grattugiato e una tazzina di latte, mescola per amalgamare. <br>\r\n\r\n3. Infine unisci la farina setacciata, il Lievito Pizzaiolo PANEANGELI e lavora fino a ottenere una pastella liscia e senza grumi. <br>\r\n\r\n4. Versa la pastella nello stampo da crostata unto con l\' olio e inforna a 180°C in forno statico già caldo per 30 minuti circa, verificando la cottura con uno stecchino. Lasciala raffreddare completamente e procedi alla farcitura. Nella parte centrale stendi il formaggio spalmabile, se necessario, ammorbidiscilo con un cucchiaio di latte. <br>\r\n\r\n5. Aggiungi la rucola lavata e ben asciugata, i pomodorini mondati e tagliati a pezzi, le mozzarelline e le olive. Conserva in frigorifero coperta fino al momento di portarla in tavola.', 'Stampo per crostata da 26/28 cm di diametro.', 'https://i.imgur.com/RKsWhrU.jpg', 6),
(129, 'Pomodori ripieni di tonno', 2, '1. Lava i pomodori e taglia la calotta superiore, senza gettarla via. <br>\r\n\r\n2. Con la punta di un coltello incidi la polpa del pomodoro lungo i bordi e poi estraila aiutandoti con un cucchiaio. <br>\r\n\r\n3. Io elimino la parte dei semini che resta dentro al pomodoro, in ogni caso si possono anche inserire nel ripieno secondo gusti e preferenze. Taglia la polpa a cubetti piuttosto piccoli e mettila in una ciotola. <br>\r\n\r\n4. Alla polpa unisci il tonno sgocciolato da olio o liquido di conservazione, i capperi ben risciacquati, la buccia di limone grattugiata e la maionese.<br>\r\n\r\n5. Mescola tutto il contenuto della ciotola per amalgamare gli ingredienti e regola di sale e pepe, tenendo presente la salinità che hanno già tonno e capperi. <br>\r\n\r\n6. Riempi i gusci di pomodoro che hai ricavato inizialmente con questo composto, aggiungi la calotta per decorare e fai riposare in frigorifero, in un contenitore ermetico, fino al momento di portarli in tavola. Sono più buoni se preparati in anticipo, in modo che i sapori abbiano il tempo di equilibrarsi nell’attesa', 'Usando dei bei pomodori grossi, basta un bel pomodoro a testa, accompagnando da un’insalata fresca, per un pasto completo e nutriente. <br>\r\n Invece, preparando la stessa ricetta con pomodori più piccoli, si può farne un freschissimo e sfizioso fingerfood perfetto per un aperitivo o un buffet estivo.', 'https://i.imgur.com/IJCxxWR.jpg', 3),
(130, 'Sandwich con ricotta, gamberi e zucchine', 1, '1. Lava la zucchina, elimina le estremità e affettala molto sottile utilizzando una mandolina. <br>\r\n\r\n2. Cuocile al vapore pwe 2/3 minuti al massimo, in modo che si inteneriscano  senza perdere consistenza. <br>\r\n\r\n3. Condiscile con un filo d’olio, un pizzico di sale e uno di pepe. <br>\r\n\r\n4. Lavora la ricotta a crema insieme alla buccia di limone grattugiata finemente. <br>\r\n\r\n5. Tosta le fette di pane su una piastra calda e componi il sandwich distribuendo sulla prima fetta uno strato generoso di ricotta, aggiungi i gamberetti e infine le zucchine ripiegandole in modo da fare spessore. Termina con il pane, dividi ciascun tramezzino a metà e servilo subito oppure impacchettalo e conservalo al fresco fino al momento di mangiarlo.', '', 'https://i.imgur.com/HLfUlbj.jpg', 5),
(131, 'Sfogliata con crema e albicocche', 8, '1. Prepara la crema. In un tegame sbatti le uova con lo zucchero, l’estratto di vaniglia e l’amido di mais fino a ottenere un composto chiaro e spumoso. <br>\r\n\r\n2. Scalda leggermente il latte e uniscilo a filo al composto di uova e zucchero, mescolando per evitare la formazione di grumi. <br>\r\n\r\n3. Cuoci il composto a fuoco dolce, continuando a mescolare, fino a che non si sarà addensato. Spegni, trasferisci in una ciotola, copri con pellicola per alimenti a contatto e lascia raffreddare completamente. <br>\r\n\r\n4. Stendi la sfoglia, insieme alla carta da forno con cui è confezionata, su una teglia da forno. Copri con un foglio di carta forno e con una seconda teglia che copra interamente la pasta. <br>\r\n\r\n5. Cuoci, tenendo la sfoglia tra le due teglie, in questo modo la sfoglia non si gonfierà troppo e resterà croccantissima. Inforna per 25 minuti a 180°C in forno statico preriscaldato. La sfoglia deve risultare leggermente dorata. Lasciala raffreddare completamente. <br>\r\n\r\n6. Una volta fredda, stendi la crema sulla sfoglia. Lava le albicocche, tagliale a metà, elimina il nocciolo e tagliale a spicchi e disponili sulla crema secondo fantasia. Per completare la decorazione io ho aggiunto qualche mirtilli fresco e foglie di menta dalla mia pianta in terrazzo.', 'Le albicocche si possono sostituire con pesche, fragole, ciliegie e susine, secondo desiderio. <br>\r\nSi conserva in frigorifero, al coperto, per 1-2 giorni.', 'https://i.imgur.com/p7pv0vj.jpg', 7),
(132, 'Torta all\'acqua al cioccolato', 10, '1. Tagliate a pezzetti molto molto piccoli il cioccolato fondente. <br>\r\n\r\n2. Mettete l’acqua in una pentola e fatela scaldare poi unite lo zucchero e mescolate. <br>\r\n\r\n3. Aggiungete il cioccolato fondente spezzettato e mescolate in modo da non creare grumi e facendo in modo che il cioccolato si sciolga completamente. <br>\r\n\r\n4. Togliete la pentola dal fuoco e trasferite il composto in una grande ciotola. <br>\r\n\r\n5. Unite l’olio di semi e mescolate. <br>\r\n\r\n6. Incidete con un coltello molto affilato il baccello di vaniglia ed estraetene i semini interni. <br>\r\n\r\n7. Aggiungete i semini interni del baccello di vaniglia alla farina e unite anche il lievito. <br>\r\n\r\n8. Unite farina, semini della vaniglia e lievito al resto degli ingredienti mescolando prima con una frusta a mano e poi con le fruste elettriche in modo che non si creino grumi nell’impasto della torta all’acqua al cioccolato. <br>\r\n\r\n9. Oleate uno stampo a cerniera da 22 cm oppure utilizzate una carta forno ma non imburrate lo stampo altrimenti finirebbe lo scopo della torta all’acqua. <br>\r\n\r\n10 Versate l’impasto della torta all’acqua al cioccolato nello stampo e livellate bene la superficie. <br>\r\n\r\n11. Cuocete la torta all’acqua al cioccolato in forno preriscaldato ventilato a 180° per 45 minuti circa fino a che risulterà cotta anche all’interno facendo la prova stecchino. <br>\r\n\r\n12. Sfornate la torta all’acqua al cioccolato e lasciatela raffreddare completamente prima di toglierla dalla teglia. <br>\r\n\r\n13. Se volete potete spolverizzarla con zucchero a velo.\r\n', 'Se la torta dovesse essere ancora cruda all’interno dopo 45 minuti potete coprirla con un foglio di carta forno e continuare la cottura per altri 10 minuti. <br>\r\n\r\nPotete sostituire il baccello di vaniglia con scorza di arancia grattugiata. <br>\r\n\r\nLa torta all’acqua al cioccolato si conserva coperta da pellicola trasparente per due o tre giorni.', 'https://i.imgur.com/Vx63uK7.jpg', 7),
(133, 'Hummus al pomodoro', 1, '1. Fai saltare in padella i pomodori (per far perdere un po\' della loro acqua) con un piccolo spicchio di aglio, un filo di olio e un pizzico di sale. <br>\r\n\r\n2. Dopo frulla insieme ai ceci (ben scolati) , puoi omettere l\'aglio se non ti piace. <br>\r\n\r\n3. Aggiungi una goccia di acqua se necessario (oppure olio se vuoi dare più sapore). <br>\r\n\r\nHummus pronto !\r\n', 'Perfetto per le bruschette, da mettere sulla pasta o anche da mangiare così a cucchiaiate. <br>\r\n \r\nPuoi anche aggiungere pepe, origano, olive, basilico', 'https://i.imgur.com/bNbecCo.jpg', 10),
(136, 'Bocconcini di pollo e verdure', 2, '1. Tagliate il petto di pollo a bocconcini e metteteli in una ciotola e poi aggiungeteci le verdure tagliate. <br>\r\n\r\n2. Condite con sale, spezie e olio. <br>\r\n\r\n3. Aggiungete il pangrattato. <br>\r\n\r\n4. Mescolate per bene. <br>\r\n\r\n5. Versate in una teglia rivestita di carta forno e distribuite tutto su un unico strato. <br>\r\n\r\n6. Aggiungete un altro filo d’olio. <br>\r\n\r\n7. Infornate e fate cuocere per 35-40 minuti a 200°C nel forno ventilato preriscaldato. <br>', '', 'https://i.imgur.com/SaNTpRi.jpg', 3),
(138, 'Pasta Philadelphia e zucchine', 2, 'Io ho usato 3 Zucchine tagliate a rondelle e cotte in padella con olio, sale e pepe (se si vuole si può aggiungere la menta). <br>\r\n\r\nLe ho fatte andare per 5 minuti a fuoco vivo e poi coperte con un coperchio e cotte a fiamma bassa per 15 – 20 minuti ( se serve aggiungete un goccio d’acqua). <br>\r\n\r\nHo aggiunto poi il formaggio spalmabile e ho amalgamato il tutto (potete aggiungere un po’di acqua di cottura della pasta) e ho aggiunto la pasta.\r\n', '', 'https://i.imgur.com/Q5Yl4xb.jpg', 2),
(140, 'Mattonella alle fragole', 6, '1. Versiamo le fragole tagliate a pezzetti, il succo di limone e lo zucchero in un contenitore alto e stretto. Frulliamo il tutto con un frullatore a immersione fino a ottenere un composto liscio. <br>\n\n2. Passiamo la purea di fragola attraverso un colino per rimuovere i semi e lasciamola in una ciotola. <br>\n\n3. Montiamo con le fruste elettriche la panna fredda da frigo in una ciotola capiente, dovrà diventare bella soda. <br>\n\n4. Aggiungiamo il latte condensato e mescoliamo nuovamente fino a incorporarlo. <br>\n\n5. Aggiungiamo la purea di fragole e frulliamo per arrivare a una crema liscia e omogenea per consistenza e colore. <br>\n\n6. Teniamo a portata di mano i biscotti e una ciotola di latte e iniziamo ad assemblare il dolce in una pirofila rettangolare da 25 x 15 cm. Spalmiamo un cucchiaio di crema sul fondo della pirofila. <br>\n\n7. Formiamo uno strato di savoiardi inzuppati rapidamente nel latte. <br>\n\n8. Copriamo con uno strato di crema alla fragola ben spalmata e livellata. <br>\n\n9. Ripetiamo il procedimento terminando con uno strato di crema e livelliamo con cura con il dorso di un cucchiaio o con una spatola. Poi facciamo rassodare il dolce in frigorifero per almeno 4 ore. <br>\n\n10. Al momento di servire, decoriamo con fragole fresche intere o a pezzetti. ', 'Guarnire come da immagine.', 'https://i.imgur.com/iRqW7Ft.jpg', 7),
(141, 'Focaccine soffici', 10, '1. In una ciotola mettiamo la farina e aggiungiamo il lievito e lo zucchero. <br>\r\n2. Diamo una mescolata con le mani. <br>\r\n3. In un’altra ciotola versiamo l’acqua, l’olio, il latte e il sale e mescoliamo. <br>\r\n4. Iniziamo ad aggiungere la farina nella ciotola con i liquidi, un po’ alla volta. <br>\r\n5. Quando l’impasto acquista consistenza, portiamolo sul piano di lavoro infarinato e continuiamo a impastare con le mani, aggiungendo farina. Lavoriamolo con energia per diversi minuti, fino a ottenere un impasto liscio, omogeneo ed elastico.\r\nFormiamo una palla che lasciamo sul piano di lavoro coprendola con pellicola e con un panno. <br>\r\n6. Dopo circa 40 minuti, con l’aiuto di un mattarello stendiamo una sfoglia dello spessore di mezzo cm circa. <br>\r\n7. Con un coppapasta di 12 cm di diametro formiamo dei dischi. Con questa dose ne dovrebbero venire 9. Naturalmente le focaccine soffici si possono fare anche più piccole, ad esempio per un buffet. <br>\r\n8. Mettiamo i dischi di pasta su una teglia rivestita di carta forno, copriamo con pellicola e facciamo lievitare fino al raddoppio di volume. Ci vorrà circa un’ora, un’ora e mezza. <br>\r\n9. Una volta lievitate, togliamo la pellicola e premiamo sui dischi con le dita a formare le caratteristiche fossette, cinque o sei per ogni focaccina, oppure bucherelliamo con una forchetta. Cospargiamo di sale fino e cuociamo in forno statico già caldo a 180 °C per 20-25 minuti, o in forno ventilato a 170 °C per lo stesso tempo, fino a quando le focaccine soffici non saranno dorate in superficie. <br>\r\n10. Sforniamo le nostre focaccine, e mentre sono ancora calde con un pennellino e un po’ di acqua bagniamo la superficie per renderle ancora più soffici ed eliminare la crosticina che si può formare in cottura.\r\n\r\n', '2 ore e 30 minuti di lievitazione', 'https://i.imgur.com/sB6Udio.jpg', 6),
(142, 'Finto gelato al cioccolato e banana congelata', 1, '1. Sbucciare la banana e tagliarla a rondelle. Porre tutte le fettine di banana in un contenitore chiuso nel freezer e attendere che siano congelate. <br>\r\n2. Una volta congelate, inserirle in un mixer e iniziare a frullare pulsando fino a quando la banana non sarà tutta sbriciolata. Aggiungere, se necessario 1 o 2 cucchiaini di acqua e poi il cacao: frullare per incorporarlo bene. Continuare a frullare fino ad ottenere una consistenza cremosa aiutandosi aggiungendo un pochino di acqua ma senza esagerare altrimenti diventa uno smoothie! <br>\r\n3. Ecco pronto il gelato! Volendo si può riporlo in freezer una mezzoretta per farlo rassodare di nuovo un po\', così da poter usare l\'attrezzo per fare le palline.', 'Potete guarnirlo con un amaretto o due pavesini.', 'https://i.imgur.com/LOkGUlh.jpg', 7),
(143, 'Pancakes leggeri al cacao', 6, '1. Mescolare in una ciotola tutti gli ingredienti asciutti: farina, lievito, cacao e sale e zucchero in modo da rompere tutti gli eventuali grumi del cacao. Versare il latte a filo mescolando con una frusta in modo da ottenere una pastella liscia. <br>\r\n\r\n2. Lasciare riposare l\'impasto giusto il tempo che la padella antiaderente si riscaldi ma prima ungerla con un po\' di olio. Deve essere bella calda prima di iniziare a cucinare i pancakes. <br>\r\n\r\n3. Versare una cucchiaiata di impasto nella padella (per comodità e perchè così usciranno tutti della stessa dimensione si può usare uno sporzionatore per gelato). <br>\r\n\r\n4. Appena iniziano a formarsi delle bollicine in superficie girarli per farli cuocere anche dall\'altra parte. <br>\r\n\r\n5. Servono pochi secondi per lato. ', 'Una ricetta sana e senza grassi! <br>\r\nSe ne possono cuocere di più e poi congelare in un sacchetto adatto per il freezer: basterà usare un po\' di carta forno tra i pancakes così non si attaccheranno tra loro, rendendo possibile quindi prelevarne solo uno o due. <br>\r\nUna volta scongelati si possono anche ripassare in padella per riscaldarli leggermente prima di farcirli. <br>\r\n* vedere ricetta \"Tortina di pancakes al cacao\".\r\n\r\n', 'https://i.imgur.com/bvNWbS7.jpg', 7),
(144, 'Tortina di pancakes al cacao', 1, '1. Preparare i \"Pancakes leggeri al cacao\" (vedere ricetta). <br>\r\n\r\n2. In una ciotola mescolare la ricotta con lo sciroppo d\'agave. <br>\r\n\r\n3. Spalmare metà della cremina ottenuta su un pancake, distribuire delle fettine di banana, sovrapporre un secondo pancake e ripetere. <br>\r\n\r\n4. Nell\'ultimo pancake rimasto mettere dei pezzetti di banana e irrorare con dello sciroppo d\'agave.', 'E\' possibile usare anche lo yogurt greco al posto della ricotta.', 'https://i.imgur.com/s63kvI2.jpg', 7),
(145, 'Girelle di pizza', 3, '1. Prendere il pane per tramezzini e stenderlo leggermente con un mattarello per farlo appiattire un po\' e spalmare su ogni fetta un po\' di passata di pomodoro avendo cura di lasciare liberi i bordi. <br>\r\n\r\n2. Aggiungere il formaggio a pezzettini e condire il tutto con un pizzico di sale, origano, pepe ed un filo d\'olio. <br>\r\n\r\n3. Arrotolare ogni fetta di pane su se stessa formando una girella. Tagliate ogni rotolino a metà. <br>\r\n\r\n4. Disporre tutte le girelle su una pirofila e ultimare condendola in superficie con il pomodoro rimasto e qualche pezzettino di formaggio, ancora un pizzico di sale e una spolverata di origano. <br>\r\n\r\n5. Cuocere in forno statico a 180° per 10 minuti circa.', '', 'https://i.imgur.com/wlxOYWx.jpg', 5),
(146, 'Hot chocolate Xmas in a jar - Idea regalo natalizia', 1, '1. Mettere il cacao, lo zucchero, la fecola di patate e le gocce di cioccolato in una ciotola e mescolare bene. <br>\n\n2. Versare tutto in un barattolo di vetro. ', 'Ingredienti per un barattolo di vetro medio. <br>\nIl preparato si conserva, se chiuso correttamente, per 6 mesi.', 'https://i.imgur.com/7BQeDJj.jpg', 7),
(147, 'Mug of Christmas hot cocoa', 1, '1. Mettere in un pentolino il preparato per cioccolata calda e il latte. <br>\r\n2. Mescolare accuratamente per togliere tutti i grumi e portar sul fuoco fino a sfiorare il bollore. <br>\r\n3. Versare in una tazza e decorare con panna montata, marshmallow e granella di nocciola.', '', 'https://i.imgur.com/xg9IMNV.jpg', 7),
(148, 'Mug cake al cacao', 1, '1. In una ciotola mettere tutti gli ingredienti e amalgamarli bene poi versare tutto in una tazza. <br>\r\n\r\n2. Cuocere in microonde a 700 watt di potenza per 2 minuti. Se durante la cottura l\'impasto sembra fuoriuscire, aprire lo sportello un secondo e poi fare ripartire il microonde-', 'Non serve che il lievito sia per microonde ma va benissimo anche quello normale per dolci.', 'https://i.imgur.com/dJQfchP.jpg', 7),
(149, 'Girelle alla nutella', 12, '1. Stendete il pane per tramezzini con un matterello, schiacciando bene. Ripetete l’operazione 2 – 3 volte. <br>\r\n\r\n2. Spalmate la Nutella su tutta la lunghezza del pancarrè, senza esagerare con le dosi! Basterà un velo generoso, altrimenti, quando andrete ad arrotolare il cioccolato uscirà fuori! <br>\r\n\r\n3. Arrotolate stretto il pane farcito. <br>\r\n\r\n4. Otterrete dei cilindri. Da ogni cilindro ricaverete in media 3 girelle di circa 3 cm. <br>\r\n\r\n5. Come tagliare le girelle perfette: <br>\r\ndividete il cilindro in 3 parti uguali e affettate con un coltello a lama affilata e liscia. <br>\r\nProcedete con un taglio netto : zac! Vedrete che la girella si schiaccerà un pochino. Niente paura! Allargate tra le mani il pezzetto schiacciato e ritornerà bella gonfia. <br>\r\nMano mano che realizzate le girelle ponete da parte. <br>\r\n\r\n6. Fondete a bagnomaria il cioccolato che avete scelto. <br>\r\nIntingete il fondo di ogni girella per circa 1 cm e mezzo. <br>\r\nLasciate colare il cioccolato in eccesso. <br>\r\nFate asciugare al contrario. <br>\r\n\r\n7. Per velocizzare l’asciugatura potete riporre qualche minuto in frigo!', 'In previsioni di ospiti potete sigillare i vostri cilindri. Affettare al momento poi glassarle! <br>\r\nUna volta glassate le girelle si conservano per 1 giorno. Meglio se sigillate nella pellicola per alimenti! Come sapete, pancarrè e pan tramezzino si seccano facilmente all’aria!', 'https://i.imgur.com/CiAql4y.jpg', 7),
(150, 'Crostata limone', 8, '1. Per la crema al limone. In un pentolino mescolate lo zucchero con la fecola e la scorza di limone grattugiata, aggiungete l\'acqua a filo e mescolate bene per non far formare grumi. Aggiungete il burro e mettete sul fuoco. Fate cuocere fino al primo bollore sempre mescolando, fino a quando si addensa. Fate raffreddare giusto 5 minuti, poi fuori dal fuoco aggiungete sempre mescolando l\'uovo ed il succo di 1 limone, mescolate bene con una frusta a mano. Fate intiepidire. <br>\r\n\r\n2. Per la pasta frolla. In una terrina unite lo zucchero, il pizzico di sale, la buccia grattugiata di limone, l\'olio, l\'uovo intero ed il tuorlo. Mescolate con una forchetta, unite man mano la farina con il lievito fino a quando inizia a formarsi l\'impasto. Spostatevi su di una spianatoia ed incorporate la restante farina fino ad avere un impasto elastico che non si attacca più alle mani. (Solitamente a me ne basta 280 g). <br>\r\n\r\n3. Stendete su di un piano leggermente infarinato ad uno spessore di circa 4-5 mm. Rivestite con la frolla lo stampo per crostata precedentemente imburrato e infarinato da 22 cm. Bucherellate la frolla. Farcite con la crema al limone. Mettete in frigo mentre il forno raggiunge la temperatura. Cuocere in forno preriscaldato a 170° statico nella parte bassa del forno per circa 38-40 minuti fino a quando è leggermente dorata. <br>\r\n\r\n4. Stendete la restante frolla e ricavate dei fiorellini o forme preferite. Fate cuocere i biscotti 10 minuti a 180°. Sfornate la crostata, fate raffreddare. Decorate con biscotti, meringhette e fette di limone. Prima di servire spolverate con zucchero a velo o con qualche meringhetta sbriciolata finemente. Servite fredda, è irresistibile!', 'Si conserva in frigo ben coperta fino a 3-4 giorni. <br>\r\nPer la frolla aggiungete la farina man mano perché cambiando il peso delle uova può cambiare l\'assorbimento di farina; è pronta quando non si attacca più alle mani, usando uova medie ne basterà 280-290 g.', 'https://i.imgur.com/hon7LyQ.jpg', 7),
(151, 'Crostata di mele', 12, '1. Stendiamo 2/3 della pasta frolla su un foglio di carta forno. <br>\r\n\r\n2. Sistemiamo la frolla stesa sulla teglia per crostate da 28-30 cm imburrata e infarinata, e ritagliamo i bordi. Mettiamo in frigorifero.<br>\r\n\r\n3. Mentre la frolla riposa in frigorifero, sbucciamo le mele e tagliamole a spicchi sottili. <br>\r\n\r\n4. Mettiamo le mele tagliate a fettine in una ciotola e condiamole con i due cucchiai di zucchero e il succo del limone, quindi mescoliamole delicatamente per distribuire uniformemente gli ingredienti. <br>\r\n\r\n5. Bucherelliamo la base della crostata con la forchetta e stendiamo la confettura di pesche o una confettura a scelta. <br>\r\n\r\n6. Distribuiamo adesso le fettine di mele. <br>\r\n\r\n7. Spennelliamo le mele con un pochino di confettura di pesche. <br>\r\n\r\n8. Decoriamo a piacere la crostata con la pasta frolla rimasta. <br>\r\n\r\n9. Portiamo la crostata a cuocere in forno statico preriscaldato a 180 °C per 45 minuti circa. <br>\r\n\r\n10 . Cotta la crostata, facciamola completamente raffreddare, quindi estraiamola dallo stampo e decoriamola con zucchero a velo a piacere.', 'Ho scelto la confettura di pesche, che si sposa benissimo con le mele, ma volendo si può sostituire con la confettura di albicocche, oppure la marmellata di arance o limoni. <br>\r\n In autunno e in inverno si conserva a temperatura ambiente per 3-4 giorni come appena sfornata!\r\n\r\n\r\n\r\n', 'https://i.imgur.com/sy6kSBB.jpg', 7),
(152, 'Focaccia ripiena', 1, '1. Stendere la pasta pronta e farcirne la metà con prosciutto cotto, sottilette spezzettate e olive tagliate a rondelle. <br>\r\n\r\n2. Richiudere a mezzaluna e stendere ancora un po\' con il matterello. <br>\r\n\r\n3. Completare con sale e un filo d\'olio e infornare a 220 gradi per 10 minuti .', '', 'https://i.imgur.com/An4EQYM.jpg', 5),
(153, 'Mix di verdure al forno', 4, '1. Laviamo e puliamo tutte le verdure. <br>\r\n\r\n2. Tagliarle e sistemarle su una leccarda coperta da carta forno. <br>\r\n\r\n3. Mettiamo il sale, l\'olio e le erbe aromatiche secche. <br>\r\n\r\n4. Mettiamo in forno a 200 °C e lasciamo cuocere per 45 minuti circa.', 'Il nostro mix di verdure al forno è pronto per essere servito come piatto unico o come contorno per accompagnare piatti di carne e pesce.', 'https://i.imgur.com/5AcRUTb.jpg', 3),
(154, 'Salame di cioccolato ❤️ Dori ❤️', 8, '1. Chiudiamo i biscotti secchi in una busta e, con un mattarello, sbricioliamoli fino a ottenere dei piccoli pezzettini. <br>\n\n2. Prendiamo una ciotola capiente e al suo interno versiamo: uova, zucchero, burro sciolto, cacao e caffè. Mescoliamo fino a rendere il composto omogeneo e aggiungiamo un po’ alla volta i biscotti sbriciolati. <br>\n\n3. Per dare all’impasto la classica forma di salame tagliamo un pezzo di pellicola, versiamoci sopra il composto che abbiamo preparato e modelliamolo con le mani fin quando non avrà assunto le sembianze, appunto, di un salame. <br>\n\nChiudiamo il tutto sigillando bene le estremità e avvolgiamolo con della carta stagnola. Facciamo riposare in frigo per 3 ore e il gioco è fatto! <br>\n\n4. Non ci resta che scartare il nostro dolce, adagiarlo su un vassoio cosparso precedentemente di zucchero a velo e spolverizzarlo nuovamente con quest’ultimo. <br>\n\n5. Possiamo infine dare un tocco finale al nostro dessert: avvolgiamolo con del filo bianco spesso disposto a mo’ di griglia. Buon appetito!', 'Possiamo sostituire il caffè con il latte. ', 'https://i.imgur.com/H1XiXMa.jpg', 7),
(155, 'Torta Kit Kat e Smarties', 10, '1. Per il Pan di Spagna al Cioccolato: <br>\r\nper preparare la Torta Kit Kat e Smarties iniziate a preparare il Pan di Spagna al Cioccolato, che utilizzerete come base. <br>\r\nLavorate le uova con lo zucchero, poi aggiungete il cioccolato fuso con il miele e lavorate. Unite la farina, il cacao, il lievito ed un pizzico di sale e mescolate delicatamente. Versate il tutto in uno stampo di 24cm di diametro ed infornare in forno preriscaldato a 180° per 40 minuti. <br>\r\nQuando la torta è pronta sfornatela e lasciatela raffreddare. <br>\r\n\r\n2. Per la Crema Rocher: <br>\r\nper preparare la Crema Rocher montate la panna ed aggiungete la nutella. Amalgamate tutto ed unite i wafer sbriciolati e la granella di nocciola. <br>\r\n\r\n3. Per la Crema Ganache al Cioccolato al Latte: <br>\r\nper preparare la Crema Ganache al Cioccolato al Latte riscaldate la panna, aggiungete il cioccolato al latte spezzettato e mescolate bene per farlo sciogliere. Posizionate il pentolino contenente la crema al cioccolato in una ciotola con acqua fredda e ghiaccio e fatela raffreddare. Montate poi la crema per rassodarla. <br>\r\n\r\n4. Per Assemblare la Torta Kit Kat e Smarties: <br>\r\nper assemblare la torta prendete il pan di spagna e tagliatelo in tre dischi. <br>\r\n\r\n5. Posizionate il primo disco in un piatto da portata, sistematevi intorno un anello (potete utilizzare anche quello dello stampo a cerniera) e copritelo con metà della crema rocher. <br>\r\n\r\n6. Sistemate il secondo disco di torta e distribuite ancora la crema; quindi completate con il terzo disco (se si è formata una cupoletta livellatela) e riponete la torta 10 minuti in frigorifero per rassodarla. <br>\r\n\r\n7. Riprendete la torta, eliminate l\'anello ed aggiustate un po\' la crema al rocher e coprite tutta la torta con la ganache al cioccolato. <br>\r\n\r\n8. Sistemate i kit kat, che avrete precedentemente separato) tutt\'intorno alla torta, quindi livellate la superficie con altra crema al cioccolato. <br>\r\n\r\n9. Infine coprite tutta la superficie della torta con gli smarties. <br>\r\n\r\n10. Riponete la torta in frigorifero una mezz\'oretta prima di mangiarla.\r\nLa vostra Torta Kit Kat e Smarties è pronta!', 'I primi 8 ingredienti servono per realizzare il Pan di Spagna. <br>\r\nI 4 ingredienti successivi servono per realizzare la Crema Rocher. <br>\r\nGl ultimi 2 ingredienti servono per realizzare la Crema Ganache al cioccolato al latte. La panna fresca in questione è panna per dolci.\r\n', 'https://i.imgur.com/Ke5Ihoh.jpg', 7),
(157, 'Gnocchi di ricotta', 4, '1. Versiamo la ricotta in una ciotola e mescoliamola con una forchetta per ammorbidirla. Aggiungiamo l’uovo, il parmigiano, il sale e iniziamo a mescolare. <br>\r\n\r\n2. Quando il composto è omogeneo iniziamo a incorporare la farina una manciata alla volta. <br<\r\n\r\n3. Quando l’impasto si fa più solido iniziamo a impastare con le mani sul piano di lavoro fino a usare tutta la farina. <br>\r\n\r\n4. Terminata la farina, continuiamo a lavorare ancora un po’ fino a quando l’impasto è elastico ed omogeneo. Con un mattarello stendiamo una sfoglia di 2 cm di spessore. <br>\r\n\r\n5. Con un coltello tagliamo la sfoglia in tante strisce spesse 2 cm circa, quindi prendiamo ognuna delle strisce e arrotondiamola leggermente con le mani sul piano di lavoro. Con un coltello tagliamo gli gnocchi cercando di ottenere la stessa misura. <br>\r\n\r\n6. Per cucinare versiamo gli gnocchi di ricotta in acqua bollente salata, quando tornano a galla possiamo scolarli. <br>\r\n\r\n', 'Per mescolarli senza romperli trovo molto utile usare due cucchiai, ma dalla parte del manico! <br>\r\n\r\nIdee per condirli:  possiamo preparare un abbondante sugo al pomodoro e versare gli gnocchi in padella facendoli amalgamare al sugo. Possiamo aromatizzare il sugo con qualche foglia di basilico fresco. <br>\r\n\r\nUn altro abbinamento che consiglio è il sugo ai formaggi. Anche in questo caso mescoliamo gli gnocchi direttamente in padella e terminiamo con una spolverizzata di pepe nero. <br>\r\n\r\nInfine, li consiglio con un classico pesto alla genovese.', 'https://i.imgur.com/JhMwcyg.jpg', 2);
INSERT INTO `ricetta` (`id_ricetta`, `nome_ricetta`, `porzioni_ricetta`, `preparazione_ricetta`, `note_ricetta`, `image_path_ricetta`, `id_categoria`) VALUES
(158, 'Gelati biscotto fatti in casa', 27, '1. In una ciotola capiente montiamo la panna già zuccherata a neve ben ferma. Aggiungiamo lo zucchero vanigliato e incorporiamo, infine rompiamo le uova e continuiamo a frullare per amalgamare. Questa è la base del nostro gelato fatto in casa. <br>\r\n\r\n2. Per ottenere tre gusti dividiamo la crema in tre parti uguali usando altrettante ciotole. Una la lasciamo bianca al naturale. Nella seconda aggiungiamo il topping all’amarena con dosi a piacere. Nella terza ciotola aggiungiamo un cucchiaio di cacao amaro. <br>\r\n\r\n3. Ora prendiamo tre teglie di alluminio da quattro porzioni ciascuna. Bagniamo uno a uno i biscotti secchi nel latte, molto velocemente senza farli inzuppare. Quindi formiamo il primo strato sulla teglia. Posizioniamo i biscotti rovesciati verso l’alto, in questo modo abbiamo 9 biscotti sulla base. Facciamo lo stesso nelle altre due teglie. <br>\r\n\r\n4. In ciascuna teglia versiamo la crema corrispondente: una bianca, una all’amarena, una al cacao. Livelliamo bene con una spatola e formiamo la copertura con altri 9 biscotti bagnati nel latte per ciascuna teglia. <br>\r\n\r\n5. Mettiamo le teglie nei sacchetti del freezer, senza bisogno di richiuderli, possono rimanere aperti da un lato. Mettiamo in freezer per almeno 4 ore. <br>\r\n\r\n6. Trascorso il tempo tiriamo fuori la teglia, aspettiamo qualche secondo e tagliamo con un coltello affilato in corrispondenza dei biscotti. Ecco pronti i gelati biscotto! Ogni volta possiamo tagliare il numero di biscotti che ci serve e riporre il resto in freezer.', '4 ore di riposo in freezer. <br>\r\nLo ZUCCHERO A VELO deve essere quello VANIGLIATO. <br>\r\nSERVONO 3 TEGLIE DI ALLUMINIO DA 4 PORZIONI CIASCUNA. <br>\r\n\r\n', 'https://i.imgur.com/Dx7PEFZ.jpg', 7),
(159, 'Polpette di zucca', 20, '1. Frulliamo la zucca cotta con un mixer o schiacciamola bene con una forchetta. <br>\r\nQuando abbiamo ottenuto una purea omogenea, versiamola in una ciotola capiente e facciamola raffreddare. <br>\r\n\r\n2. Aggiungiamo alla polpa di zucca l’uovo, il formaggio grattugiato, il pangrattato. Condiamo con il sale, il pepe e la salvia tritata. <br>\r\n\r\n3. Mescoliamo tutti gli ingredienti con una forchetta o una frusta fino a ottenere un composto omogeneo, sodo e facile da lavorare. <br>\r\n\r\n4. Formiamo le polpette massaggiando tra le mani circa 20 grammi di composto per volta. <br>\r\nMan mano che le palline sono pronte, mettiamole su una placca foderata con carta forno. Manteniamole leggermente distanziate le une dalle altre. <br>\r\n\r\n5. Completiamo con un filo di olio d’oliva su ciascuna polpetta e cuociamo in forno ventilato a 200 °C per circa 15 minuti, o fino a doratura desiderata. <br>\r\n\r\n6. Sforniamo e serviamo calde le nostre deliziose polpette di zucca!', 'Autunnali, saporite e originali. <br>\r\nQueste polpettine sono buonissime calde e appena fatte. Consigliamo di prepararle sul momento e di servirle subito, accompagnate con tutte le salsine che ci piacciono di più.', 'https://i.imgur.com/C7oj0Zf.jpg', 3),
(160, 'Maionese in un minuto', 4, '1. Rompiamo l’uovo all’interno del bicchiere del frullatore a immersione o in una ciotola. <br>\r\n2. Aggiungiamo l’olio di semi di girasole. Ho scelto di utilizzare l’olio di semi di girasole perchè dona alla maionese un sapore più delicato rispetto all’olio d’oliva. <br>\r\n\r\n3. Uniamo un cucchiaio di succo di limone (potete utilizzare anche un cucchiaio di aceto) e un pizzico di sale. <br>\r\n\r\n4. A questo punto prendiamo il nostro frullatore a immersione e lavoriamo il nostro composto. <br>\r\n\r\n5. Dopo 1-2 minuti otterremo un maionese densa e vellutata, pronta per essere utilizzata!', '', 'https://i.imgur.com/RbIbyd5.jpg', 10),
(161, 'Salsa tartara', 4, '1. Tritiamo le uova sode e i cetriolini molto finemente e mettiamoli in una ciotola capiente. Aggiungiamo la maionese, il succo di limone e il pepe. <br>\r\n\r\n2. Mescoliamo tutti gli ingredienti fino a distribuirli uniformemente, la salsa deve essere leggermente granulosa. Chi vuole conferire una nota di freschezza alla salsa può aggiungere un po’ di prezzemolo tritato. La salsa tartara è pronta!', 'Può essere consumata subito o riposta in frigo dove si conserverà fino a 2 - 3 giorni.', 'https://i.imgur.com/FGPass4.jpg', 10),
(162, 'Salsa tzatziki', 1, '1. Tritiamo finemente la menta e gli spicchi d’aglio. <br>\r\n2. Spuntiamo il cetriolo e grattugiamolo con una grattugia a fori larghi. <br>\r\n3. Mettiamo il cetriolo in una ciotola e aggiungiamo il sale. Mescoliamo e lasciamo riposare per 5 minuti. <br>\r\n4. Poi versiamo i cetrioli grattugiati su un colino e lasciamoli lì per una mezz’ora, in modo che perdano i liquidi. <br>\r\n5. In una ciotola mettiamo lo yogurt greco, l’aglio tritato e la menta sminuzzata. Mescoliamo. <br>\r\n6. Aggiungiamo il cetriolo tritato e sgocciolato e amalgamiamo il tutto. <br>\r\n7. Uniamo l’aceto, 20 ml di olio extravergine di oliva e il pepe. Il sale potrebbe non essere necessario perché già presente nel cetriolo: assaggiamo la salsa e valutiamo in base ai nostri gusti. <br>\r\n8. Facciamo riposare la salsa tzatziki in frigorifero per almeno un’ora e mezzo. Poi trasferiamola in una ciotolina e decoriamo con un filo di olio e qualche fogliolina di menta. \r\n', 'L\'aceto dev\'essere aceto bianco. <br>\r\nLa salsa tzatziki possiamo servirla sui crostini di pane, per portare in tavola un antipasto o uno spuntino da gustare con l’aperitivo. È ottima anche per accompagnare i burger di carne!', 'https://i.imgur.com/3c204vL.jpg', 10),
(163, 'Mousse di formaggi', 4, '1. Mettiamo il formaggio spalmabile in una ciotola e aggiungiamo lo yogurt greco, poi mescoliamo bene in modo da ottenere un composto omogeneo. <br>\r\n\r\n2. Tritiamo abbastanza finemente il prosciutto cotto con un coltello. <br>\r\n\r\n3. Tagliamo a pezzettini anche il salmone. <br>\r\n\r\n4. Infine tritiamo anche le olive (noi abbiamo usato le olive taggiasche ma possiamo usare quelle che preferiamo). <br>\r\n\r\n5. Dividiamo il composto in tre parti da circa 180 g l’una e in una aggiungiamo le olive, mescolando bene. <br>\r\n\r\n6. Facciamo poi la stessa cosa anche per le altre due parti: aggiungiamo a una parte il salmone. <br>\r\n\r\n7. Infine mescoliamo il prosciutto cotto all’ultima parte di mousse al formaggio. <br>\r\n\r\n8. Trasferiamo le nostre tre mousse in tre ciotoline diverse e guarniamole a piacere. <br>\r\n\r\n9. Noi abbiamo decorato la mousse al prosciutto con un ciuffo di basilico e una rosellina di prosciutto, la mousse al salmone con erba cipollina tritata e una rosellina di salmone e infine la mousse alle olive con delle olive spezzettate.', 'I primi 5 ingredienti della ricetta servono per realizzare le mousse di formaggi. <br>\r\nGli altri 5 ingredienti servono per la decorazione delle mousse di formaggi. <br>\r\nPossiamo conservare queste deliziose mousse salate in frigorifero per 2-3 giorni al massimo, ben coperte con la pellicola per alimenti.', 'https://i.imgur.com/SGBBIsN.jpg', 10),
(164, 'Zuppa inglese', 6, '1. Iniziamo dalla crema: mettiamo il latte in un pentolino con una scorzetta di limone e facciamolo scaldare senza farlo bollire. <br>\r\n2. In un altro pentolino rompiamo le uova, aggiungiamo lo zucchero e iniziamo a mescolare con la frusta. <br>\r\n3. Aggiungiamo anche l’amido di mais continuando a mescolare. <br>\r\n4. Quando il latte è caldo, togliamo la scorza di limone e versiamolo nel composto di uova. <br>\r\n5. Mescoliamo bene e riportiamo sul fuoco, facendo addensare la nostra crema e continuando a mescolare. Quando la crema si è addensata e inizia a bollire, togliamola dal fuoco. <br>\r\n6. Prepariamo la bagna: in una ciotola allunghiamo l’Alchermes con l’acqua e a piacere aggiungiamo un po’ di caffè. <br>\r\n7. Inzuppiamo bene i savoiardi nella bagna e facciamo il primo strato nella pirofila, per poi spalmare sopra circa metà della crema. <br>\r\n8. Facciamo il secondo strato di savoiardi inzuppati e prepariamo la parte di crema al cacao aggiungendo il cacao amaro alla crema rimasta, mescolando bene per ottenere un colore omogeneo. <br>\r\n9. Versiamo la crema pasticcera al cacao sui savoiardi e livelliamola. <br>\r\n10. Facciamo riposare la nostra zuppa inglese in frigo per un’ora e mezzo, due ore prima di gustarla in tutta la sua golosità!', 'Per la bagna le versioni sono tante: quella all’alchermes è forse la più diffusa ed è prevista nella ricetta originale, ma c’è chi usa il marsala, chi altri liquori oppure una miscela. <br>\r\nCrema pasticcera: quando portiamo la crema ad addensare sul fuoco, ricordiamo di mescolarla di continuo, e per non farla attaccare ai bordi della pentola passiamoci un cucchiaio, in questo caso più efficace della frusta. <br>\r\nCrema al cioccolato. Come farla? Semplice e velocissimo: aggiungiamo il cacao amaro alla metà di crema rimasta nella pentola e mescoliamo con la frusta.', 'https://i.imgur.com/eVJirSC.jpg', 7),
(165, 'Mezze maniche mozzarella e pomodorini', 1, '1. Per l’insalata di pasta cuociamo le mezze maniche, le farfalle e i fusilli e scoliamoli al dente. Facciamoli stemperare sotto acqua fredda per fermare la cottura e sistemiamoli in tre ciotole separate. <br>\r\n2. Tagliamo a metà i pomodorini e aggiungiamoli alla ciotola con le mezze maniche. <br>\r\n3. Uniamo anche la mozzarella tagliata a cubetti. <br>\r\n4. Per profumare tritiamo con le mani qualche foglia di basilico. <br>\r\n5. Condiamo con dell’olio extravergine d’oliva e saliamo a piacere. Mescoliamo bene.', '', 'https://i.imgur.com/HStQpM6.jpg', 2),
(167, 'Patate schiacciate al forno', 4, '1. Per preparare le patate schiacciate al forno lavate molto bene le patate rimuovendo ogni residuo di terra. Sistematele in una casseruola senza sbucciarle e copritele con acqua fredda. Ponete sul fuoco e cuocete per circa 20-25 minuti dalla presa del bollore: saranno pronte quando i rebbi di una forchetta entreranno agevolmente nella loro polpa (è essenziale che non si rompano altrimenti assorbirebbero troppa acqua). Quando sono cotte scolatele bene e sistematele su una o più teglie foderate con carta forno, disponendole ben distanziate fra loro. <br>\r\n\r\n2. \r\nSchiacciate le patate utilizzando l\'apposito attrezzo oppure un batticarne o ancora un bicchiere: tenete presente che più saranno sottili e più risulteranno croccanti dopo la cottura in forno, più saranno spesse e più manterranno un cuore morbido. Lasciatele riposare per 5-10 minuti in modo che si asciughino un po’. Nel frattempo tritate il rosmarino e l\'aglio con la mezzaluna, finemente. <br>\r\n3. Distribuite il trito preparato sulle patate, irrorate con un generoso giro d\'olio e terminate con una macinata di pepe. Cuocete nel forno preriscaldato a 200°C per 40-45 minuti, a seconda delle dimensioni (e dello spessore) delle patate che dovranno risultare ben dorate e croccanti. Sfornate le patate schiacciate al forno, completate con un pizzico di sale fino o qualche fiocco di fior di sale e servitele calde.', 'Le patate schiacciate al forno sono un contorno sfizioso da preparare in alternativa alle classiche patate al forno. <br>\r\nSi tratta infatti di una ricetta economica altrettanto facile che garantisce patate morbide al cuore e super croccanti fuori, ideali da servire con secondi piatti di carne arrosto e alla griglia. <br>\r\nNessuna difficoltà: il segreto per ottenere patate morbide e croccanti, cotte in maniera uniforme, sta nello scegliere patate di piccole dimensioni, non indugiare con l\'olio (senza esagerare) e salare solo alla fine.', 'https://i.imgur.com/OyLQXrm.jpg', 4),
(168, 'Barrette frozen yogurt, miele e frutti di bosco', 10, '1. Mettete in una ciotola lo yogurt, unite il miele (o miele + sciroppo d’acero). <br>\r\n\r\n2. Scegliete la teglia e foderatela con la carta da forno, per ottenere barrette alte 1,5 cm vi consiglio di utilizzare uno stampo da 20 cm x 20 cm. <br>\r\n\r\n3. Versate il contenuto della ciotola nello stampo foderato;\r\ndecorate con la frutta, immergendola nello yogurt e guarnite con la granella di nocciola. <br>\r\n\r\n4. Mettete lo stampo in freezer per circa 3 ore. <br>\r\n\r\n5. Tirate fuori dal freezer. <br>\r\n\r\n6. Sollevate la carta forno e disponete la mattonella di yogurt su un tagliere. <br>\r\n7. Tagliate delle barrette di frozen yogurt della dimensione che preferite. <br>\r\n8. Tagliate dei quadratini di carta da forno. <br>\r\n9. Posizionate ogni barretta su un quadratino di carta da forno e riposizionate in freezer. <br>\r\n10. Le barrette sono pronte per essere gustate, vi basterà tirarle fuori 1 minuto prima di fare merenda per farle leggermente ammorbidire!', 'Le barrette frozen yogurt sono un salva vita e non intendo vita nel senso di “life” ma di GIRO VITA!!! <br>\r\nEcco perché nascono le BARRETTE FROZEN YOGURT, sempre pronte in freezer, comodamente tagliate in porzioni monouso, fresche buone, ricche di frutta fresca sono la pausa merenda perfetta senza rinunciare al gusto e alla linea!!! <br>\r\nMi raccomando, so che sono troppo buone ma ve ne prescrivo massimo una al giorno!', 'https://i.imgur.com/emk1wox.jpg', 7),
(171, 'Danubio gusto pizza', 13, '1. In una ciotola riunisci le farine e aggiungi lo zucchero. Controlla le istruzioni sul tuo lievito secco e valuta se aggiungerlo direttamente alla farina o scioglierlo nel latte. <br>\r\n\r\n2. Versa il latte nella farina a poco a poco e mescola a mano o con il gancio della planetaria. Quando il latte sarà quasi finito aggiungi anche l’uovo. <br>\r\n\r\n3. Una volta che la farina avrà assorbito tutti i liquidi aggiungi il burro a temperatura ambiente e il sale. Continua a impastare fino a ottenere un impasto morbido ed elastico. Sigilla la ciotola e lascia lievitare fino al raddoppio di volume. I tempi dipendono dalla forza del lievito e dalla temperatura, potrebbero volerci circa 4-6 ore. <br>\r\n\r\n4. Intanto fai cuocere il pomodoro, senza soffritti, con un filo di olio, una presa di sale e le erbe aromatiche in modo da asciugarlo un po’. Fai raffreddare completamente. <br>\r\n\r\n5. Taglia la mozzarella a cubetti. <br>\r\n\r\n6. Quando l’impasto sarà raddoppiato rovescialo su una spianatoia e dividilo in 15 pezzetti uguali e di questi fai, con ciascuno, una pallina. <br>\r\n\r\n7. Stendi le palline in dischi e al centro di ciascuna metti circa un cucchiaino di salsa e qualche cubetto di pomodoro. Chiudi la pasta per formare nuovamente una pallina, sigillala e disponile, leggermente distanziate, in una teglia imburrata o spennellata con distaccante per teglie fatto in casa ( vedere ricetta per farlo), con la parte sigillata disposta verso il basso. <br>\r\n\r\n8. Copri la teglia con un panno pulito e lascia lievitare le palline fino a che non avranno raddoppiato il loro volume (puoi aiutare la lievitazione riponendo la teglia in forno spento, con la lampadina accesa). <br>\r\n\r\n9. Una volta raddoppiate di volume stendi un po’ di pomodoro su ciascuna pallina e aggiungi qualche cubetto di mozzarella. Inforna a 180°C in forno statico già caldo per 35-40 minuti, fino a che non risulterà leggermente dorato in superficie. Se tende a scurirsi troppo copri con un foglio di alluminio (non a contatto) durante la cottura. <br>\r\n\r\n10. Servilo caldo. Puoi prepararlo in anticipo e scaldarlo in forno a 180°C coprendo con un foglio di alluminio per evitare di bruciarlo in superficie.', 'I primi 8 ingredienti in ricetta servono per realizzare il Danubio mentre gli ultimi  6 per la farcitura. <br>\r\nQuesto Danubio gusto pizza che è, onestamente, una bombetta di sapore ed è pure bellissimo. Me lo vedo bene sulla tavola di Natale, portato caldo caldo come antipasto o come secondo, a lasciare tutti a bocca aperta.\r\n', 'https://i.imgur.com/aacZnQ6.jpg', 6),
(172, 'Distaccante per teglie', 1, '1. Metti tutti gli ingredienti in un piccolo mixer e frulla fino a ottenere una crema liscia.<br>\r\n\r\n2. Versa la crema ottenuta in un vasetto pulito e conservala in frigorifero fino al momento di utilizzarla. <br>\r\n\r\n3. Distribuisci generosamente il composto sulle teglie che userai per le tue torte con un pennello da cucina pulito. Non serve infarinare o aggiungere altro. <br>\r\n\r\n4. Conserva il distaccante per teglie in frigorifero in un barattolo sigillato. Si mantiene da una a tre settimane. Ti accorgi se è da buttare quando irrancidisce e forma muffa. Eventuali grumi bianchi, invece, possono essere dovuti al burro solidificato o alla farina. <br>', 'Ingredienti per un vasetto da 200 ml <br>\r\n\r\nL\' ansia del momento in cui una torta cotta viene fuori dal suo stampo è stata la mia più cara amica a lungo. Poi su un sito internet ho scoperto questa cosa qua, me lo sono appuntato su un foglio e, da quando ho cominciato a farlo, non ho smesso più. <br>\r\nQuesta cremina a base di olio, burro e farina dona a qualunque teglia, dalla classica teglia tonda liscia a quelle super lavorate da bunt e ciambelline, il superpotere di risputare fuori i nostri dolcetti (e anche i salati, è un composto neutro!) perfetti e senza mordicchiature. <br>\r\nFunziona nello stampo per i muffin – quando non vuoi o non puoi mettere il pirottino di carta – è perfetto per il plumcake, che resta perfettamente in forma e per imburrare la teglia della crostata e vederla venire fuori perfetta, con tutti i suoi bordini curati. Lo uso anche per brioche e altri lievitati, che fanno l’ultima crescita in teglia ed è sempre uno strazio ritrovarceli tutti attaccati.\r\n\r\n\r\n\r\n', 'https://i.imgur.com/1mftTfI.jpg', 13),
(173, 'Chips di zucchine al forno', 4, '1. Lavate e pulite le zucchine poi affettatele a rondelle molto sottili. <br>\r\n\r\n2. Infarinate le zucchine poi scolatele della farina in accesso. <br>\r\n\r\n3. Rivestite una leccarda con la carta da forno, ungetela leggermente poi disponete sopra le fette di zucchine infarinate. <br>\r\n\r\n\r\n4. Spolverate con il pangrattato, salate e pepate. <br>\r\n\r\n\r\n5. Aggiungete i sapori a piacere infine ungete bene la superficie con un filo d’olio extravergine di oliva. <br>\r\n\r\n\r\n6. Fate cuocere in forno ventilato caldo a 200° per circa 15 minuti finché le zucchine non saranno belle croccanti e dorate. <br>', 'Le chips di zucchine al forno sono una ricetta leggera, sfiziosa e velocissima da preparare. <br>\r\n\r\nUn goloso contorno e una sana alternativa alle patatine fritte, sono perfette anche come aperitivo finger food adatte a grandi e piccini! <br>\r\n\r\nBasterà affettare sottilmente qualche zucchina, metterla in forno con olio, pangrattato ed erbe aromatiche ed il gioco è fatto!', 'https://i.imgur.com/6pz7NpL.jpg', 4),
(174, 'Insalata di ceci pomodorini e avocado', 2, '1. In un tegame antiaderente metti un cucchiaino di olio e spennellalo. Scalda la padella e unisci i semi di zucca. Cuocili a fuoco dolce mescolando di tanto in tanto fino a che non cominceranno a tostare e a scoppiettare. Li vedrai gonfiarsi leggermente, a quel punto mescola spesso. Appena avranno preso colore spegni e tieni da parte. <br>\r\n\r\n2. Spremi il limone e filtra il succo dai semi. Aggiungi metà del succo ai ceci e schiacciane alcuni con i rebbi di una forchetta. Questa operazione aggiungerà maggiore texture all’insalata finita. Mescola bene al limone e lascia insaporire <br>.\r\n\r\n3. Lava l’avocado, sbuccialo e affettalo. Irrora con il succo di limone per evitare che annerisca. <br>\r\n\r\n4. Lava i pomodorini e tagliali a pezzetti. <br>\r\n\r\n5. Assembla l’insalata unendo ai ceci i pomodorini e l’avocado sgocciolato dal limone. Aggiungi anche i semi di zucca tostati e mescola. Regola di sale tenendo conto che i ceci sono già salati e dell’eventuale salsa di condimento finale. <br>\r\n\r\n6. Puoi condire con una salsina ottenuta con la salsa di soia. <br>', '', 'https://i.imgur.com/GhnXi7i.jpg', 11),
(175, 'Cereal cookies', 3, '1. Frulla gli zuccheri con il caffè istantaneo, questo passaggio aiuterà a scioglierlo bene nell’impasto.<br>\r\n\r\n2. In una ciotola apri l’uovo e sbattilo con lo zucchero (frullato con il caffè) fino a ottenere un composto chiaro e spumoso. <br>\r\n\r\n3. Aggiungi l’olio e mescola poi inserisci la farina setacciata con lo zucchero, mescolando con un cucchiaio di legno fino a ottenere un composto piuttosto sodo. <br>\r\n\r\n4. Utilizza la punta di un cucchiaino per prelevare piccolissime porzioni di impasto e da queste forma delle palline. <br>\r\n\r\n5. Disponile su teglie ricoperte di carta da forno ben distanziate tra loro (in cottura cresceranno grazie al lievito). <br>\r\n\r\n6. Inforna a 170°C in forno statico già caldo e cuoci fino a doratura. La ricetta originale di Jasmine prevede 8 minuti di cottura, i miei biscotti hanno cotto il doppio del tempo, la cosa può dipendere dal forno o dalla grandezza dei biscotti, quindi è sempre meglio valutare la cottura, sorvegliandoli, almeno per la prima infornata. <br>\r\n\r\n7. Fai raffreddare completamente i biscottini e conservali in barattoli ermetici. <br>\r\n\r\n8. i possono sgranocchiare al naturale ma danno il meglio se tuffati in una bella tazza di latte e mangiati con il cucchiaio. <br>', 'Ingredienti per 3 infornate. <br>\r\nIl caffè solubile regala a questi biscottini un aroma pazzesco e fa altrettanto con il latte in cui li si tuffa. <br>\r\nPreparare i cereal cookie è assai semplice, la parte più lunga – ma non complicata – è quella di fare tutte le palline (più piccole sono e più è carino e delizioso il risultato) ma è l’operazione ideale da fare davanti a un film di Natale.  <br>\r\nUna volta cotti sono perfetti da chiudere in un bel barattolo di vetro, meglio se riciclato, oppure in una scatola di latta. Durano a lungo e saranno un pensiero adorabile da preparare in casa per questo Natale. <br>\r\nSi possono anche abbinare con il preparato per \"Cioccolata calda natalizia in barattolo\" per preparare dei deliziosi cestini tematici. <br>\r\nQuesti biscottini sono l’idea perfetta da sfoderare anche per una deliziosa colazione di Natale e da lasciare al Babbo come spuntino: sono certa che pure lui se ne riempirà le guance e le tasche senza pensarci su!\r\n', 'https://i.imgur.com/xuHQfCI.jpg', 7),
(176, 'Zuccotto di pandoro', 12, '1. Affetta il pandoro nel senso della larghezza in modo da ottenere delle fette a forma di stella spesse circa 1 centimetro e mezzo. <br>\r\n\r\n2. In una ciotola lavora la ricotta con l’estratto di vaniglia. <br>\r\n\r\n3. In una ciotola separata monta la panna ben fredda con lo zucchero a velo, fino a ottenere una consistenza soda e compatta. Fai attenzione, una volta che la panna si sarà rassodata, a non continuare a montare altrimenti il movimento meccanico potrebbe causare la separazione della parte grassa dal latticello. <br>\r\n\r\n4. Unisci la ricotta alla panna mescolando delicatamente con una spatola, con movimenti dal basso verso l’alto. <br>\r\n\r\n5. Rivesti l’interno di una ciotola capiente dal diametro di circa 21 cm con della pellicola per alimenti sovrapposta a croce, in modo da ricoprire interamente la superficie interna e lasciare abbastanza pellicola esternamente da richiudere alla fine del procedimento. <br>\r\n\r\n6. Disponi la fetta più piccola di pandoro – quella immediatamente successiva alla cima – al centro della scodella, adagiandola sul fondo con le punte rivolte verso l’alto, lungo le pareti. Taglia una delle fette più grandi a spicci e riempi tutto lo spazio fino al bordo, cercando il più possibile di non avere buchi. <br>\r\n\r\n7. Bagna il pandoro con il latte. Se vuoi aromatizzarlo puoi unire del caffè oppure un bicchierino del tuo liquore preferito. <br>\r\n\r\n8. Stendi circa 1/4 della panna all’interno della ciotola e copri con una seconda fetta di pandoro che arrivi il più possibile a toccare i bordi. <br>\r\n\r\n9. Bagna anche questa fetta con il latte e coprila con circa metà della crema rimasta. Aggiungi l’ultima fetta di pandoro che sarà il fondo del nostro zuccotto. Non bagnarla. Richiudi la pellicola in modo da sigillare la preparazione e falla riposare in frigorifero per 4-6 ore. Riponi in frigorifero anche la crema avanzata, in un contenitore sigillato. <br>\r\n\r\n10. Passato il tempo di riposo apri la pellicola che sigilla lo zuccotto, appoggia un piatto ampio sulla ciotola e poi, tenendo piatto e ciotola insieme ribaltali rapidamente. Fai scivolare lo zuccotto fuori dalla ciotola ed elimina la pellicola. <br>\r\n\r\n11. Utilizza la crema avanzata per spatolare l’intera superficie dello zuccotto e , una volta completata, spolvera di cacao amaro. Puoi lasciarlo com’è oppure decorarlo secondo fantasia. <br>\r\n\r\n12. Fai riposare lo zuccotto in frigo, sotto una campana per dolci, per almeno altre 4-6 ore e servilo a fettine, se lo desideri, accompagnandolo con una salsa calda al cioccolato o allo zabaione.', 'Lo zuccotto è, in pratica, più un’opera di costruzione che una di pasticceria. Si tratta solo di assemblare gli ingredienti, senza cottura e semplicemente attendere che il riposo faccia la sua magia.', 'https://i.imgur.com/DsxRn4R.jpg', 7),
(178, 'Broccoli al forno con salsa di soia', 0, '1. Lava il broccolo, dividilo in cimette, elimina solo la parte più legnosa del gambo e taglia il resto a pezzetti. Disponilo su una teglia antiaderente o rivestita di carta da forno. <br>\r\n\r\n2. Aggiungi un giro d’olio e un filo di salsa di soia (io aggiungo a occhio l’equivalente di circa una tazzina). Con le mani mescola per distribuire il condimento e disponi i broccoli in modo che non si sovrappongano. <br>\r\n\r\n3. Aggiungi una spolverata di semi di sesamo a piacere e cuoci in forno ventilato già caldo per 15- 20 minuti a 180°C (o 200°C in forno statico). <br>\r\n\r\n4. Servili caldi o a temperatura ambiente.', '', 'https://i.imgur.com/BEtLKlW.jpg', 4),
(179, 'Insalata arcobaleno', 2, '1. Lava la verdura e mondala. Taglia i peperoni a tocchetti, l’avocado a dadini, le carote a bastoncini e il cavolo a julienne. <br>\r\n\r\n2. Prepara un’emulsione con olio extravergine, sciroppo d’acero, aceto, salsa di soia e succo di limone. Io mescolo tutto in un barattolo riciclato con coperchio e agito energicamente per ottenere un’emulsione perfetta senza sforzi. <br>\r\n\r\n3. Metti le verdure in diverse ciotole e condiscile con l’emulsione preparata. <br>\r\n\r\n4. Disponi poi le verdure in un piatto o in un barattolo, a strati, accostando i colori in questo ordine: avocado (verde), mais (giallo), carote (arancio), peperone (rosso), cavolo cappuccio (viola). <br>\r\n\r\n5. Fai tostare leggermente un cucchiaio colmo di sesamo in un tegame e poi distribuiscili come topping con l’insalata. È ottima da accostare con una mozzarella fresca o del tofu spadellato, per una versione vegetale. <br>', '1/4 di cavolo cappuccio viola. <br>\r\n*In foto ho omesso il cavolo. <br>\r\nRicetta per il mese del Pride. <br>\r\nÈ perfetta anche come insalata da schiscetta, chiusa in un barattolo, a strati, o in una scodella. Si può arricchire, come fosse un poke, con una porzione di riso o altri cereali, ci si può aggiungere della pasta fredda scolata al dente e raffreddata e si può arricchire il condimento creando una salsa golosa allo yogurt ed erba cipollina.', 'https://i.imgur.com/S67bY3V.jpg', 11),
(180, 'Burger buns (i panini per l\'hamburger) fatti in casa', 8, '1. In una ciotola setaccia le farine e aggiungi il sale, il burro a pezzetti e l’uovo. <br>\r\n\r\n2. In una brocchetta sciogli il lievito nell’acqua con zucchero e miele. <br>\r\n\r\n3. Aggiungi l’acqua alle farine e lavora a mano. <br>\r\n\r\n4. Lascia lievitare l’impasto fino al raddoppio (in base alla temperatura e alla forza del lievito, ci vorranno circa 2-3 ore). <br>\r\n\r\n5. Riprendi l’impasto e lavoralo su una spianatoia. Dividilo in 8 parti di uguali dimensioni e da ognuna ricava delle palline. <br>\r\n6. Posiziona le pagnottine ben distanziate sulla teglia da forno e lascia lievitare fino a nuovo raddoppio (circa un’ora). <br>\r\n\r\n7. Scalda il forno in modalità statica a 200°C, spennella le pagnottine con il latte e aggiungi i semi che preferisci. Inforna per 12 minuti circa, fino a che i panini non saranno leggermente dorati. <br>\r\n\r\n8. Sforna e fai raffreddare su una gratella.', 'La ricetta è una solidissima certezza da cui non si torna più indietro: sofficissimi, profumati e facili. <br>\r\nSi conservano in un contenitore chiuso, una volta freddi, per 1-2 giorni. Si possono congelare in un contenitore o in un sacchetto.\r\n', 'https://i.imgur.com/yiCcgUs.jpg', 6),
(181, 'Frappuccino al cioccolato', 1, '1. In un frullatore capiente metti 8 cubetti di ghiaccio, le gocce di cioccolato, il latte, il caffè, il cacao e lo zucchero regolando la quantità in base a quanto dolce vuoi che sia il risultato finale. <br>\r\n\r\n2. Frulla tutto a velocità media per qualche secondo, fino a che il composto risulterà omogeneo. <br>\r\n\r\n3. In un bicchiere capiente metti il ghiaccio rimasto, se lo gradisci puoi tritarlo con un tritaghiaccio oppure frantumarlo in un panno pulito con l’aiuto di un matterello o un batticarne, versa la bevanda ottenuta e completa aggiungendo panna montata con zucchero a velo (io utilizzo un cucchiaio di zucchero per 200 ml di panna fresca) per guarnire e una spruzzata di sciroppo di cioccolato per completare.', 'Gusto persistente di cioccolato e profumo di caffè, che per me non può mancare. <br>\r\nLa panna montata, invece, nella decorazione non può mancare per dare a quello che – diciamocelo – è un bel frullatone, un tocco goloso che appaga gli occhi e anche il palato.\r\n', 'https://i.imgur.com/oFlAebu.jpg', 12),
(182, 'Frisella con hummus e pomodorini', 4, '1. Per l’hummus inserisci tutti gli ingredienti in un frullatore, aggiungi uno o due cucchiai di acqua e frulla fino a ottenere una crema densa. In alternativa al classico hummus di ceci puoi provare quello con aggiunta di pomodori secchi, che darà un tocco mediterraneo alla tua frisella. <br>\r\n\r\n2. Lava i pomodorini e tagliali a metà (o in quarti, se fossero troppo grossi). Scalda in un tegame un giro generoso di olio con uno spicchio di aglio. Quando l’olio sarà caldo (senza bruciare l’aglio!) aggiungi i pomodorini, lo zucchero, l’aceto balsamico , il sale e le erbe aromatiche. <br>\r\n\r\n3. Lascia cuocere a fuoco dolce i pomodorini senza girarli, agitando solo di tanto in tanto il tegame per evitare che si attacchino. In 8-10 minuti saranno appassiti in superficie e caramellati sul lato disposto sul tegame. Se il fondo si asciugasse troppo aggiungi l’acqua a cucchiaini, in modo da non bollire i pomodori. <br>\r\n\r\n4. Bagna le friselle immergendole in acqua fresca per qualche secondo, scolale e disponile in un piatto. Stendi uno strato generoso di hummus e completa con i pomodorini. Decora con le erbe aromatiche che preferisci e falle riposare 5-10 minuti prima di servirle.', 'Gli ingredienti dal 2 al 6 compreso servono per realizzare l\'hummus. <br>\r\nGli ingredienti dal 7 in poi servono per realizzare i pomodorini caramellati.', 'https://i.imgur.com/MwaCEiz.jpg', 3),
(183, 'Besciamella', 0, '1. In un tegame sciogli a fuoco molto basso il burro poi aggiungi la farina setacciata, tutta in un colpo, mescolate rapidamente ed energicamente fino a creare una crema piuttosto densa (che prende il nome di roux).\r\n\r\n2. Fai tostare leggermente la farina della crema per una besciamella delicata, falla scurire di più per una crema dal gusto più deciso. <br>\r\n\r\n3. Aggiungi a filo il latte stem <br>\r\n\r\n4. Se ti piace puoi aggiungere del pepe. <br>\r\n\r\n5. Porta il composto a leggera ebollizione e, mescolando sempre per evitare grumi, lascia che si addensi a fuoco dolce fino a prendere la consistenza di una crema. <br>\r\n\r\n', 'Usala per condire verdure al gratin, lasagne, pasta e crespelle al forno o secondo la tua fantasia.', 'https://i.imgur.com/Ne1o8Zx.jpg', 9),
(184, 'Besciamella light', 0, '1. In una ciotola versare la farina e un po\' di latte e mescolare con cura. <br>\r\n2. Prendere una pentola e mettere a scaldare il restate latte (non farlo bollire). <br>\r\n3. Togliere dal fuoco e aggiungere la farina e il latte fatto sciogliere all\'inizio e mescolare. <br>\r\n4. Aggiungere il sale e la noce moscata e lasciare sul fuoco per circa 10 minuti continuando a mescolare per evitare la formazione di grumi.', '', 'https://i.imgur.com/CMHsjoK.jpg', 9),
(185, 'Sandwich con insalata di uova', 1, '1. Immergi le uova in acqua fredda e portale a bollore a fiamma media. Falle cuocere per 9 minuti da bollore, poi spegni e immergile in acqua ghiacciata. Quando saranno tiepide, sgusciale e tagliale a pezzetti in modo grossolano. <br>\r\n\r\n2. Alle uova tagliate unisci la maionese, la senape, una presa di sale e un pizzico di pepe e mescola. Riponi in frigorifero, in un contenitore ermetico, e lascia riposare per qualche ora. <br>\r\n\r\n3. Imburra leggermente ciascuna fetta di pane su uno dei due lati e fai tostare le fette, fino a leggera doratura, su una piastra o una padella antiaderente ben calda. <br>\r\n\r\n4. Farcisci i panini con qualche foglia di insalata lavata e asciugata e l’insalata di uova. <br>\r\n\r\n5. A piacere, puoi aggiungere cipollotto o erba cipollina, se graditi, capperi, cetriolini sott’aceto a pezzetti e/o tabasco o salsa piccante.\r\n\r\n', '* senape: una punta di senape <br>\r\nRicetta a bassissimo sbattimento.', 'https://i.imgur.com/rPayFNq.jpg', 5),
(186, 'Pasta con crema di avocado', 2, '1. Lava un avocado maturo e taglialo a metà. Elimina il seme centrale e taglia le due metà a cubetti direttamente all’interno della buccia. <br>\r\n\r\n2. Estrai tutti i cubetti con un cucchiaio e mettili in un frullatore con il basilico lavato e asciugato, il succo di limone e il sale. Frulla tutto fino a ottenere una crema liscia. <br>\r\n\r\n3. Intanto cuoci la pasta in acqua leggermente salata. Scolala quando mancano circa 3 minuti e portala a cottura in un tegame in cui avrai versato la crema di avocado, aggiungendo poca acqua di cottura per volta e mescolando energicamente per mantecare. Gli amidi renderanno la crema ancora più vellutata. <br>\r\n\r\n4. Servila ancora calda decorando con foglie di basilico a piacere. <br>\r\n\r\n5. Se lo gradisci puoi aggiungere formaggio grattugiato o del grattugiato vegetale oppure scorza di limone grattugiata al momento.\r\n\r\n', '', 'https://i.imgur.com/0MZTEEd.jpg', 2),
(187, 'Salsa al Parmigiano Reggiano', 1, '1. Fai sciogliere il burro in una casseruola a fiamma molto bassa. Versaci dentro la farina tutta in un colpo e mescola fino ad ottenere una crema (che si chiama roux ed è la base anche della besciamella e di molte altre salse). <br>\r\n\r\n2. Aggiungi il latte e stemperalo con l’aiuto di una frusta per non creare grumi poi, appena questo si sarà scaldato ma prima che raggiunga il bollore, mettici un pizzico di sale, uno di noce moscata e il Parmigiano Reggiano grattugiato il più finemente possibile. Fai addensare a fiamma molto bassa, evitando che arrivi a bollore e mescolando fino a raggiungere una bella consistenza setosa. <br>\r\n\r\n3. Se devi conservarla mettila in una scodella e coprila con pellicola per alimenti a contatto, in questo modo eviterai il formarsi della antiestetica pellicola superficiale.', 'Uso spesso questa salsa per condire i tortellini (deve essere che li hanno inventati nella stessa terra, fatti proprio per stare insieme) ma è ottima anche usata per gratinare le verdure e riesce a dare una marcia in più anche ad panino con l’hamburger, o utilizzata come dip per verdure crude o per i nachos fatti in casa.', 'https://i.imgur.com/Jnn58Ns.jpg', 10),
(188, 'Mousse di tonno', 1, '1. In un mixer metti la ricotta, il tonno sgocciolato, i capperi risciacquati e una macinata di pepe. <br>\r\n\r\n2. Frulla fino a ottenere un composto liscio e cremoso, assaggia e regola di sale. <br>\r\n\r\n3. Fai riposare la mousse per qualche ora in un barattolo ermetico in frigorifero, questo aiuterà i sapori a riequilibrarsi. <br>\r\n\r\n4. Tieni la mousse fuori dal frigo per almeno 15 minuti prima di portarla in tavola. È perfetta per dei golosi crostini ma anche per sandwich, vol au vent o da mangiare con cruditè di verdura.', 'Per circa 500 g di mousse. <br>\r\nLa cosa ancora più figa di questa ricetta è che non solo puoi ma devi prepararla in anticipo, perché la mousse, per dare il suo meglio, deve riposare qualche ora. <br>\r\nServila con verdure fresche tagliate a bastoncini, con crostini di pane e grissini', 'https://i.imgur.com/3X4L2bx.jpg', 10),
(189, 'Gnocchi di zucca con salsa al gorgonzola', 4, '1. Disponi la polpa della zucca, tagliata in pezzi, sbucciata e senza semi, su una teglia rivestita di carta forno e falla cuocere a 180°C in forno statico già caldo per 30-40 minuti, fino a che non risulterà tenera.\r\n <br>\r\n2. Lascia raffreddare la zucca poi schiacciala con uno schiacciapatate e metti la purea ottenuta in una ciotola. Alla zucca unisci la farina, l’uovo, la noce moscata e una presa di sale e impasta rapidamente, senza lavorare troppo, fino a ottenere un composto abbastanza omogeneo. <br>\r\n\r\n3. Il composto risulterà morbido e umido, ti sconsiglio di aggiungere altra farina poiché gli gnocchi risulterebbero troppo duri una volta cotti. <br>\r\n\r\n4. Per lavorare l’impasto, spolvera il piano di lavoro con semola di grano duro e, un pezzo per volta, ricava dei salsicciotti. Da questi taglia pezzetti della dimensione di una nocciola e, aiutandoti con un rigagnocchi forma gli gnocchetti. Lasciali riposare su un tagliere cosparso di semola. <br>\r\n\r\n5. Una volta realizzati tutti gli gnocchi, cuocili in abbondante acqua bollente leggermente salata e scolali con una schiumarola quando verranno a galla.\r\nPuoi condire gli gnocchi di zucca come preferisci, sono ottimi anche solo con un condimento veloce di burro e salvia. Per servirli con gratinatura di salsa al gorgonzola, come ho fatto io, procedi come segue. <br>\r\n\r\n6. Togli la buccia dal gorgonzola e taglialo a pezzi. In un pentolino fai sciogliere il burro e versa, tutta in una volta, la fecola di patate. Mescola energicamente fino a ottenere una crema, poi unisci il formaggio, il latte e la noce moscata e regola di sale. <br>\r\n\r\n7. Cuoci il composto a fuoco dolcissimo, fino a che il formaggio non si sarà completamente sciolto e continua fino a vedere la salsa addensarsi leggermente. <br>\r\n\r\n8. Condisci gli gnocchi con la salsa ottenuta e servili subito, oppure falli gratinare in forno statico preriscaldato a 200°C per 10-15 minuti.\r\n\r\n\r\n', 'Dopo una lunga, estenuante, infinita e caldissima estate oggi è finalmente e ufficialmente autunno! Per chi, come me, aspetta questa stagione tutto l’anno arriva adesso la parte migliore dell’anno. <br>\r\n\r\nMesi di tazze bollenti, di vetri chiusi, di copertine, maglioncini e profumi confortevoli e soprattutto mesi in cui il forno acceso non è solo compagnia ma anche calore e il la cucina torna finalmente ad essere il luogo più bello e accogliente della casa. <br>\r\nCon la zucca – regina della stagione e del mio cuore – ho preparato una deliziosa teglia di gnocchi arricchiti da una salsa al gorgonzola da leccarsi i baffi, il piatto e pure l’ultima macchia sul cucchiaio. <br>\r\n\r\n\r\nPer realizzare gli gnocchi di zucca utilizzare i primi 6 ingredienti della ricetta. >br>\r\nGli altri ingredienti servono per realizzare la salsa al gorgonzola.', 'https://i.imgur.com/1UQrGCo.jpg', 2),
(191, 'Frittata di fiori di zucca', 2, '1. Pulisci delicatamente i fiori di zucca. Fai un taglio al fiore sulla lunghezza dei petali, elimina il pistillo e il fondo del fiore. Sciacqua delicatamente i petali e falli sgocciolare. <br>\r\n\r\n2. In una ciotola rompi le uova e sbattile leggermente con una frusta manuale. Unisci il formaggio, un pizzico di noce moscata grattugiata, un pizzico di sale e un pizzico di pepe. <br>\r\n\r\n3. In un tegame antiaderente scalda un cucchiaio di olio. Versa metà dell’uovo sbattuto, cuoci per un paio di minuti poi adagia sull’uovo i fiori aperti. <br>\r\n\r\n4. Copri con l’uovo rimasto e continua la cottura a fuoco dolce, coprendo con un coperchio. Quando l’uovo appare completamente rappreso gira la frittata. Io la faccio scivolare nel coperchio, copro con il tegame rovesciato e poi lo rimetto dritto con un colpo secco. <br>\r\n\r\n5. Cuoci per ancora 3-4 minuti e poi servila ancora calda.\r\n\r\n', 'Per questa ricetta ho usato solo i petali dei fiori in modo che il risultato fosse delle giusta consistenza: soffice, accogliente e profumata. Il segreto per un risultato perfetto è quello di stratificare, un po’ come si fa a primavera, che metti tutto, uno sull’altro e poi aggiusti via facendo.', 'https://i.imgur.com/4xJYTVD.jpg', 3),
(192, 'Preparato per risotto ai funghi - Idea regalo natalizia', 2, '1. Versa il riso in un barattolo o in un sacchetto trasparente per alimenti. <br>\r\n\r\n2. Separatamente mescola i funghi secchi ridotti in pezzi con la cipolla e lo zafferano e adagia tutto sul riso. Chiudi e aggiungi un nastro o un etichetta specificando la data di scadenza (utilizza quella dell’alimento con scadenza più breve), il tempo di cottura del riso e le modalità di preparazione che trovi nelle Note. <br>', 'MODALITÀ DI PREPARAZIONE DEL RISOTTO <br>\r\nPrepara un brodo vegetale. <br>\r\n\r\nIn un tegame fai sciogliere una noce di burro. Versa il preparato e fai tostare per 2-3 minuti a fiamma vivace. <br>\r\n\r\nBagna con il brodo, abbassa il fuoco e porta a cottura (indica qui i minuti di cottura del riso che hai scelto) a fuoco dolce, aggiungendo brodo ogni volta che ce ne sarà bisogno e riducendo la quantità di brodo verso la fine, in modo che a cottura risulti completamente assorbito. <br>\r\n\r\nManteca con Parmigiano grattugiato e porta in tavola con una spolverata di pepe nero.', 'https://i.imgur.com/uCVcIc2.jpg', 13),
(193, 'Preparato in barattolo per brownie - Idea regalo natalizia', 1, '1. Disponi gli ingredienti in un barattolo, io preferisco stratificarli in modo da ottenere un bell’effetto visivo, ma la ricetta funziona anche con gli ingredienti tutti rimescolati tra loro. <br>\r\n\r\n2. A piacere puoi aggiungere anche 35 g di gocce di cioccolato perché il risultato sia extra-goloso. <br>\r\n\r\n3. Chiudi il barattolo ermeticamente e impacchettalo, aggiungendo l’indicazione per la ricetta che trovi sotto il titolo della ricetta da scaricare e stampare. <br>\r\n\r\n4. Aggiungi la data di preparazione del barattolo in modo da ricordare a chi lo riceverà che deve utilizzarlo al più presto (indicativamente dura circa 6 mesi).', 'Se l’amore avesse un sapore, sarebbe senz’altro quello del cioccolato: ricco, scioglievole, denso e duraturo per essere il meglio. <br>\r\nCosì per Natale ho pensato che sarebbe stato bello mettere un po’ di amore in barattolo e regalarcelo con un bel fiocco ma, non potendolo proprio costringere a starsene lì chiuso, ho deciso di metterci dentro un preparato per infornare un brownie pazzesco. <br>\r\nQuattro strati profumati a cui vanno aggiunti solo uova e burro, una mescolatina e via in forno per sfornare un dolcetto davvero speciale e pieno di amore, ideale per una colazione o una merenda a cui serva una marcia in più. <br>\r\n', 'https://i.imgur.com/5RbR3U3.jpg', 13),
(194, 'Liquore allo zabaione (tipo \"VOV\") - Idea regalo natalizia', 1, '1. Incidi la bacca di vaniglia per il lungo e mettila in infusione nel latte caldo. Lasciali intiepidire. <br>\r\n\r\n2. Monta le uova con lo zucchero in modo da avere una massa soda e spumosa. Versa nella massa il latte ormai a temperatura ambiente (altrimenti l’uovo si rovinerà), poco per volta e mescolando, e tieni da parte la bacca di vaniglia. <br>\r\n3. Unisci l’alcool e il marsala, mescola e imbottiglia insieme alla bacca di vaniglia. Chiudi e conserva in frigorifero. Fai riposare il liquore per 4-5 giorni prima di servirlo, in questo modo gli aromi si amalgameranno alla perfezione.', 'Per questo Natale in cui le tradizioni sembrano un po’ volatilizzarsi, per tenercele più strette, ho pensato di rifare in casa il celebre “VOV”, il liquore allo zabaione che sa proprio di Natale degli anni 80, quel Natale che, uno dopo l’altro ci ha visti crescere abbastanza per poterlo assaggiare, ma solo un goccetto da sporcarti le labbra, mi raccomando. <br>\r\nMesso in una bella bottiglia o in 2 bottigliette più piccole, è perfetto per confezionare un pensiero carino ed economico, che ci tenga stretti e più vicini a quello che amiamo di certi profumi, anche ognuno a casa sua. E se avanza, meglio tenerne da parte un po’, perché, diciamocela tutta, sta bene pure sul panettone o sul pandoro, per concedersi un extra che a Natale c’è sempre spazio.\r\n', 'https://i.imgur.com/FWO1fUg.jpg', 13),
(195, 'La Nutella fatta in casa', 1, '1. Se necessario (cioè se non le hai comprate già tostate) tosta le nocciole in padella o in forno a 200°C per una decina di minuti, rigirandole a metà. Falle intiepidire e frullale finemente con lo zucchero, fino ad ottenere una pasta molto somigliante al burro di arachidi (ma potrebbe essere un po’ meno soda). <br>\n\n2. Più a lungo e accuratamente triterai le nocciole meno granulosa apparirà la crema una volta pronta. <br>\n\n3. Lascia la pasta di nocciole nel frullatore. <br>\n\n4. Spezzetta il cioccolato e scioglilo in un pentolino, insieme al latte e alla vaniglia, senza portare a bollore e rigirando spesso. Lascia intiepidire. <br>\n\n5. Aggiungi il latte alla pasta di nocciole insieme all’olio e frulla fino ad amalgamare tutto. <br>\n\n6. Versa la crema in un pentolino e falla sobbollire, a fiamma moderata, per circa cinque minuti o comunque fino ad addensarla secondo i tuoi gusti. Tieni presente che una volta fredda sarà più densa. <br>\n\n7. Metti la crema ancora calda in uno o più barattoli puliti, chiudi con il coperchio e mettila a testa in giù in modo che si formi il vuoto e la crema si conservi più a lungo. \n\nSi conserva in frigorifero e va consumata entro 45 giorni circa.', 'Per 350 g di crema di nocciole e cioccolato. <br>\nSi conserva in frigorifero e va consumata entro 45 giorni circa. <br>\nÈ in assoluto la più famosa delle creme spalmabili è considerata un simbolo di tutto ciò che ci da gioia e ci regala momenti felici: se dovessi descrivere la Nutella io lo farei così. <br>\nHo voluto provare anche a prepararla in casa, cercando di riequilibrarla secondo il mio gusto. Ovviamente il gioco vale la candela solo se la si prepara con ingredienti di prima scelta. Io ho usato nocciole IGP Piemonte (ma sono ottime anche quelle di Giffoni), cioccolato fondente al 70% di cacao e contenente esclusivamente burro di cacao e non oli vegetali sostitutivi, privo di coloranti e aromi artificiali. <br>\nPer questo motivo, conti alla mano, prepararsi la Nutella in casa non è un’operazione economica, il costo resta pressoché invariato rispetto a quello della nota crema industriale, quello che ci guadagna davvero è il sapore e forse anche un po’ la linea considerando che usando zucchero di canna, olio di riso e cioccolato al 50% ho contato circa 430 Kal per 100 g a fronte delle 530 Kal per 100 g di quella più famosa.\n', 'https://i.imgur.com/RVu7MLQ.jpg', 13),
(196, 'Croccante di mandorle al cioccolato - Idea regalo natalizia', 1, '1. Sciogliete il cioccolato a bagnomaria. <br>\r\n2. Toglietelo dal fuoco e aggiungete un cucchiaino d’olio. <br>\r\n3. Incorporate le mandorle nel cioccolato e mescolate. <br>\r\n4. Versate il composto in uno stampo da plumcake, foderato con carta forno, senza utilizzare alcun utensile per evitare di lasciare segni sul cioccolato. <br>\r\n5. Fate solidificare il cioccolato, poi con un coltello affilato tagliate il croccante di mandorle al cioccolato.', 'Ingredienti per uno stampo da plumcake. <br>\r\nSi lascia solidificare a temperatura ambiente. NON metterlo in frigorifero. <br>\r\nSi conserva per due settimane.', 'https://i.imgur.com/RmY7sSL.jpg', 13),
(197, 'Risotto alla zucca', 4, '1. Pulisci la zucca e tagliala a cubetti piccoli. <br>\r\n\r\n2. Trita finemente lo scalogno e fai rosolare in un tegame con 2 cucchiai d’olio. <br>\r\n\r\n3. Aggiungi la zucca e fai rosolare a fiamma vivace per qualche minuto. <br>\r\n\r\n4. Abbassa la fiamma, copri con un coperchio e lascia cuocere (la zucca deve diventare morbida). Se necessario, aggiungi un po\' di brodo o acqua.\r\nQuando la zucca sarà cotta, toglila dal fuoco, regola di sale e, con un frullatore ad immersione, frullane la metà. <br>\r\n\r\n5. Scalda il brodo vegetale. <br>\r\n\r\n6. Versa in una pentola capiente un cucchiaio d’olio e lo scalogno tritato e fai rosolare per qualche minuto. <br>\r\n\r\n7. Aggiungi il riso e fai tostare per qualche minuto a fiamma vivace. <br>\r\n\r\n8. Versa il vino bianco, mescola e fai cuocere per qualche minuto. <br>\r\n\r\n9. Aggiungi un mestolo di brodo caldo e porta a cottura il riso bagnandolo un po\' alla volta. <br>\r\n\r\n10. A metà cottura aggiungi la zucca, un po\' di rosmarino, un po\' di pepe nero e mescola bene. <br>\r\n\r\n11. A cottura ultimata, fai riposare il risotto per qualche minuto, prima di servire in tavola.', '', 'https://i.imgur.com/3lAOMN3.jpg', 2);
INSERT INTO `ricetta` (`id_ricetta`, `nome_ricetta`, `porzioni_ricetta`, `preparazione_ricetta`, `note_ricetta`, `image_path_ricetta`, `id_categoria`) VALUES
(198, 'Insalata di patate croccanti con asparagi e pomodorini', 2, '1. Lava le patate strofinando bene la buccia (io ho tenuto la buccia ma, se preferisci, sbucciale). Tagliale a cubetti e cuocile al vapore per 7-8 minuti, in modo che risultino tenere ma non disfatte. Trasferiscile in una teglia, aggiungi olio extravergine di oliva e sale, mescola, unisci uno spicchio d’aglio schiacciato e le erbe aromatiche e inforna in forno ventilato per 20 minuti a 200°C o in forno statico a 220°C. Le patate devono essere ben distribuite sulla teglia, in questo modo si croccheranno in fretta all’esterno senza perdere di consistenza. <br>\r\n\r\n2. Intanto lava gli asparagi, elimina la parte legnosa del gambo e tagliali in 2-3 parti. Cuocili al vapore per 8-9 minuti, in modo da lasciarli teneri ma compatti. <br>\r\n\r\n3. Lava e taglia i pomodorini e condiscili con un pizzico di sale, in modo che perdano parte del loro liquido di vegetazione che potrebbe “annacquare” l’insalata. <br>\r\n\r\n4. Una volta sfornate le patate riunisci tutti gli ingredienti, sgocciolando bene i pomodorini ed eliminando aglio ed erbe dalle patate, mescola e servi subito l’insalata in modo che risulti ancora tiepida e confortevole. È comunque ottima anche fredda, in quel caso si possono utilizzare le patate semplicemente cotte al vapore.', 'Per dare a questo piatto una nota ancora più personale, si può aggiungere un filo di aceto balsamico.', 'https://i.imgur.com/tzMYxqR.jpg', 11),
(199, 'Sformato di patate e asparagi', 2, '1. Lava gli asparagi, elimina l’estremità legnosa e tagliali a rondelle. Cuocili al vapore per 5-6 minuti e tienili da parte. <br>\r\n\r\n2. Lava le patate, sbucciale e tagliale a cubetti. Cuocile in acqua bollente salata per 7-10 minuti, in modo che risultino tenere se infilzate con una forchetta. <br>\r\n\r\n3. Scolale bene e schiacciale con uno schiacciapatate o con una forchetta. Lasciale intiepidire poi unisci l’uovo, la noce moscata, una presa di sale e il formaggio grattugiato e mescola per ottenere un composto uniforme. <br>\r\n\r\n4. Aggiungi gli asparagi al composto, tenendo da parte le punte e unisci anche la scamorza tagliata a dadini. <br>\r\n\r\n5. Mescola per amalgamare e poi versa in una cocotte leggermente oliata e spolverata di pan grattato (puoi usare dei pirottini in ceramica o alluminio per fare dei monoporzione). Livella in superficie, decora con le punte di asparago e spolvera di pan grattato. <br>\r\n\r\n6. Aggiungi un filo di olio e inforna a 200°C in forno ventilato per circa 35 minuti, fino a che lo sformato non si sarà ben dorato. Sforna e fallo riposare.  ', 'E\' ideale da preparare anche con un giorno di anticipo, ne guadagnerà in compattezza e sapore. <br>\r\nUno sformato vegetariano di patate e asparagi. Molto fresco e primaverile, quasi quasi ideale anche per Pasqua.\r\n', 'https://i.imgur.com/56eCjUR.jpg', 3),
(201, 'Orzo freddo con ceci, asparagi e pomodorini', 1, '1. Lava gli asparagi, elimina la parte più dura del gambo, in fondo e cuocili al vapore per 2-3 minuti, solo per intenerirli. Passali quindi su una piastra rovente in modo da scottarli. <br>\r\n\r\n2. Lava i pomodorini, tagliali a metà e scotta anche quelli, dal lato tagliato, sulla piastra. <br>\r\n\r\n3. Lava l’orzo perlato fino a che non otterrai acqua limpida quindi cuocilo in acqua bollente salata per 20 minuti (o per il tempo indicato sulla confezione) e scolalo. Aggiungi un filo d’olio e fai raffreddare. <br>\r\n\r\n4. Componi l’insalata riunendo in una ciotola capiente l’orzo, i ceci, gli asparagi tagliati a pezzetti, i pomodorini e condisci con sale, succo di limone e menta. Mescola e fai riposare al fresco per almeno un’ora prima di servire, in modo che i sapori risultino più armonici.', 'È ottima anche con un’aggiunta di tahina leggermente stemperato in acqua, come dressing.', 'https://i.imgur.com/3dNuZuM.jpg', 11),
(203, 'Mozzarella in carrozza', 4, '1. Fai sgocciolare la mozzarella tutta la notte, al coperto, in frigorifero poi tagliala in 4 fette e falle asciugare su carta assorbente. <br>\r\n\r\n2. Intanto sbatti l’uovo insieme al latte e aggiungi un pizzico di sale. Metti uno strato abbondante di pangrattato in un piatto piano o su un vassoio. <br>\r\n\r\n3. Sistema ogni fettina di mozzarella tra due fette di pane. <br>\r\n\r\n4. Passa il sandwich così ottenuto prima nell’uovo e latte, rapidamente ma bagnandolo bene e poi passalo nel pangrattato cercando di coprire accuratamente anche i bordi laterali. <br>\r\n\r\n\r\n5. Per la cottura in forno, disponi i sandwich impanati su una teglia rivestita di carta forno, aggiungi un filo di olio extravergine di oliva e cuoci a 200°C in forno statico già caldo per 15-20 minuti, fino a che i sandwich non saranno ben dorati. <br>\r\n\r\n6. Servi le mozzarelle in carrozza calde e filanti.', 'Si può preparare in anticipo ma meglio cuocerla all’ultimo momento, ci va davvero poco ma mangiarsela calda calda, con la mozzarella che fila, è uno dei piaceri della vita del quale non ci si dovrebbe mai privare.\r\n\r\n', 'https://i.imgur.com/2HK6Q3Z.jpg', 3),
(204, 'Polpette di ricotta ai funghi', 1, '1. In una ciotola metti la ricotta e lavorala con il formaggio grattugiato e con l’uovo. Unisci la noce moscata e una presa di sale poi aggiungi il pangrattato, un cucchiaio per volta, mescolando fino a ottenere un composto sodo ma morbido. Non eccedere con il pangrattato per evitare che le polpette, una volta cotte, risultino troppo dure. <br>\r\n\r\n2. Fai delle palline con l’impasto grandi come una noce e adagiale su una teglia rivestita di carta forno. Cuocile in forno caldo a 180°C per 10 minuti, in questo modo, una volta in padella le polpette terranno la forma senza sbriciolarsi. <br>\r\n\r\n3. Intanto in padella fai scaldare due cucchiai di olio con uno spicchio di aglio. Quando questo avrà preso leggermente colore eliminalo e unisci i funghi tagliati a fette. Aggiungi una presa di sale che li aiuterà a rilasciare la loro acqua di vegetazione. <br>\r\n\r\n4. Quando i funghi saranno morbidi unisci le polpette al tegame e mescola delicatamente per far insaporire. Unisci mezzo bicchiere d’acqua e fai cuocere con un coperchio. <br>\r\n\r\n5. Separatamente sciogli l’amido di mais in 1-2 cucchiai di acqua. Unisci questa cremina al fondo ancora liquido del tegame (se occorre aggiungi poca acqua) e cuoci senza coperchio, rigirando, fino a che il fondo non sarà diventato cremoso. Servi subito.\r\n\r\n', 'Ricetta per circa 20 polpettine. <br>\r\nUn piatto completo (secondo e contorno) e vegetariano, svelto e sfizioso. <br>\r\nLe polpette, con questo procedimento di cottura, si insaporiscono insieme ai funghi e saranno accompagnate da un gustosissimo sugo vellutato perfetto per fare scarpetta.', 'https://i.imgur.com/iBbOc4z.jpg', 3),
(205, 'Cotolette di melanzane al forno', 1, '1. In una ciotola rompi le uova e sbattile con un pizzico di sale. <br>\r\n\r\n2. Metti la farina in un piatto e il pangrattato in un altro. <br>\r\n\r\n3. Lava la melanzana e asciugala poi tagliala a fettine non troppo spesse, da circa mezzo centimetro. Se le tagli troppo spesse le melanzane faticheranno a cuocersi all’interno. <br>\r\n\r\n4. Passa ogni fetta di melanzana da entrambi i lati nella farina e scuoti via l’eccesso. Passa poi la melanzana nell’uovo sbattuto in modo che si inumidisca su tutta la superficie e infine sgocciola l’uovo, in modo da lasciarne un velo e passa la melanzana nel pangrattato facendo un po’ di pressione perché questo aderisca uniformemente su tutta la superficie. <br>\r\n\r\n5. Disponi le melanzane su una teglia rivestita di carta forno. <br>\r\n\r\n \r\n\r\n6. Per la cottura in forno (quelle che vedi in foto sono cotte così) dai un filo d’olio sulle melanzane e cuoci a 200°C in forno statico preriscaldato per 25-30 minuti, se hai un forno ventilato basteranno 15-20 minuti. <br>\r\n\r\n', 'Il doppio passaggio, prima con la farina e poi nell’uovo e pan grattato, le rende, anche nella loro versione più leggera, particolarmente gustose, con una crosticina croccante e consistente e un cuore morbido e scioglievole. All’uovo ci si potrebbe anche aggiungere un po’ di pecorino, o parmigiano oppure del prezzemolo, ma pure così, semplici semplici, nel loro gusto, ora che le melanzane sono di stagione e non tutta acqua, sono una delizia. Si preparano in pochissimi passaggi e sono perfette per potare in tavola le solite verdure con un twist extra di creatività e sapore.', 'https://i.imgur.com/jkDzVM3.jpg', 3),
(206, 'Mac and cheese, la pasta americana al formaggio', 3, '1. Taglia a pezzetti il cheddar. <br>\r\n\r\n2. In una pentola metti il burro e fallo sciogliere a fuoco dolcissimo. Unisci la farina tutta in un colpo e mescola energicamente con una frusta (io preferisco usare una frusta a spirale). Fai tostare leggermente il composto ottenuto a fuoco dolce, in modo che prenda appena colore. Unisci quindi il latte a filo, mescolando e un pizzico di noce moscata grattugiata. <br>\r\n\r\n3. Cuoci a fuoco dolce, continuando a mescolare fino a che la salsa non comincerà ad addensarsi. A quel punto unisci il cheddar e continua a mescolare fino a che non si sarà sciolto. Assaggia e regola di sale, poi spegni e tieni da parte, rigirando di tanto in tanto per evitare che si formi la classica pellicola sulla superficie. <br>\r\n\r\n4. Cuoci la pasta in acqua bollente salata per 3-4 minuti in meno del tempo di cottura previsto, questo eviterà che, dopo la cottura in forno, la pasta risulti scotta. <br>\r\n\r\n5. Scola la pasta e condiscila con tutta la salsa al formaggio. <br>\r\n\r\n6. Imburra generosamente una pirofila e cospargila di abbondante pan grattato. In cottura eviterà che la pasta si attacchi e formerà una gustosa crosticina anche sul fondo. <br>\r\n\r\n7. Versa la pasta dentro la pirofila e distribuiscila uniformemente. Cospargi di abbondante formaggio grattugiato (abbondante nel senso più americano del termine!) e inforna a 200°C in forno statico già caldo per circa 20-25 minuti, fino a che sulla pasta non si sarà formata una deliziosa crosticina dorata. <br>\r\n\r\n8. Sforna e fai riposare almeno 15 minuti prima di servire. Anche meglio (come tutti gli sformati di pasta e non) prepararlo in anticipo e scaldarlo al momento del servizio', 'Se non si trova il formaggio Cheddar si può utilizzare una toma, un provolone o comunque un formaggio fondente e non filante che sia molto saporito (anche un pecorino va benissimo). <br>\r\nMac and Cheese nient’altro è che una pasta al forno condita con una salsa al formaggio che si prepara in modo molto simile alla besciamella. <br>\r\nUna delizia da mettere nel forno per rallegrare queste domeniche da stare in casa e coccolarsi con il profumo di qualcosa di molto (molto!) buono.', 'https://i.imgur.com/NIyClia.jpg', 2),
(207, 'Victoria sponge cake', 1, 'Per la torta al latte caldo: <br>\r\n1. In una scodella sbatti le uova con lo zucchero fino a ottenere un bel composto chiaro e spumoso. <br>\r\n\r\n2. Scalda il latte, senza portarlo a bollore pieno, unisci l’estratto di vaniglia e aggiungili al composto di uova. <br>\r\n\r\n3. Sciogli il burro a bagnomaria o al microonde e uniscilo agli altri ingredienti. <br>\r\n\r\n4. Setaccia la farina con il lievito e aggiungili all’impasto lavorando rapidamente con le fruste. <br>\r\n\r\n5. Versa il composto in una teglia da 22 cm imburrata e infarinata (o spennellata con distaccante per teglie) e cuoci a 180°C per circa 40 minuti (verifica la cottura con uno stecchino). <br>\r\n\r\n6. Sforna la torta e lasciala raffreddare completamente su una gratella. <br>\r\n\r\nPer la bagna: <br>\r\n1. Porta a bollore l’acqua in cui avrai disciolto il miele e lascia raffreddare. <br>\r\n\r\nPer la crema: <br>\r\nMetti il mascarpone e la panna ben freddi in una ciotola capiente. Aggiungi lo zucchero a velo e monta il composto con le fruste elettriche fino a che sarà sodo e spumoso (ma senza esagerare o il composto potrebbe impazzire e separarsi). <br>\r\n\r\nComponi la torta: <br>\r\n1. Dividi la torta in due dischi e disponi il primo su un piatto da portata. Bagna il disco con lo sciroppo facendo molta attenzione ai bordi, che rischiano di restare più asciutti.\r\n\r\n2. Stendi la crema al mascarpone su tutta la superficie del disco e sopra la crema al mascarpone distribuisci la confettura. Bagna anche il secondo disco e con delicatezza adagialo sulla farcitura.', 'I primi 7 ingredienti servono per realizzare la torta al latte caldo: <br>\r\nI secondi 2 servono per realizzare la bagna. <br>\r\nGli ultimi 4 servono per realizzare la farcitura. <br>\r\nFai riposare la torta per 2-3 ore prima di servirla. Si conserva in frigorifero, sotto una campana per dolci, per 2-3 giorni.', 'https://i.imgur.com/rxMQIZB.jpg', 7),
(208, 'Ricotta al forno', 1, '1. Fai sgocciolare bene la ricotta, anche tutta la notte, se necessario, in modo che perda tutti i liquidi in eccesso e non rischi di sciogliersi in cottura. <br>\r\n\r\n2. Metti la ricotta su una teglia ricoperta di carta forno, spennellala con l’olio e aggiungi un pizzico di sale e una spolverata di pepe. A piacere puoi insaporirla anche con spezie diverse, erbe aromatiche. <br>\r\n\r\n3. Inforna la ricotta in forno statico già caldo a 200°C per circa un’ora e sfornala quando apparirà leggermente dorata in superficie. Servila subito accompagnandola con un contorno di verdure.', 'la ricotta è fresca e leggera, ideale sia nei dolci che nei salati ma, in effetti, poco sapida e interessante se non insaporita a modo e uno dei modi più golosi per servirla è quello di cuocerla al forno e portarla in tavola così, un po’ gratinata, con un profumino delizioso che ci farà dimenticare anche di tenere il conto delle calorie. <br>\r\nLa ricotta al forno è un secondo piatto velocissimo e versatile che può adattarsi, a seconda delle stagioni, a profumi e accompagnamenti sempre diversi. Prepararla è così semplice che ti verrà voglia di infornarla subito!\r\n\r\n', 'https://i.imgur.com/wVJZySk.jpg', 3),
(209, 'Ghiaccia reale per decorare i biscotti', 1, '1. Versa l’albume a temperatura ambiente in una ciotola e sbattilo leggermente con uno sbattitore elettrico. <br>\n\n2. Aggiungi lo zucchero setacciato, poco per volta. <br>\n\n3. Unisci infine il cremor tartaro e continua a sbattere fino a raggiungere la consistenza che desideri. <br>\n\nLa ghiaccia reale ha 3 tipi diversi di consistenze: <br>\n\n* SOFT PEAKS: è una ghiaccia di media consistenza, se tirata su forma punte morbide e ricurve a collo d’oca. È perfetta per i decori con la tecnica “pressure piping” (quella che utilizzo per i miei biscotti) e da spatolare. <br>\n\n* RUN OUT: è una ghiaccia morbida, adatta a ricoprire i biscotti (dopo aver tracciato un bordo con la ghiaccia off peaks) e le torte. Si ottiene aggiungendo poca acqua alla ghiaccia soft peaks. <br>\n\n* STIFF PEAKS: è la ghiaccia più consistente (spesso si realizza con una proporzione albume/zucchero di 1 a 6), se tirata su con il cucchiaio forma delle punte alte e resistenti. Si ottiene sbattendo maggiormente il composto o aggiungendo poco zucchero alla ghiaccia soft peaks e si utilizza soprattutto per realizzare decorazioni di zucchero (fiori, cuori, perle, etc…) con particolari beccucci. <br>\n\nLa ghiaccia può essere utilizzata con il suo colore bianco naturale o colorata con coloranti in gel o polvere. I coloranti liquidi ne cambierebbero la consistenza rendendola inutilizzabile. <br>\n\nConserva la ghiaccia in un contenitore con tappo ermetico coprendola prima con pellicola per alimenti a contatto, in modo che non si asciughi. Si mantiene in frigorifero per 4-5 giorni. <br>\n\nPer realizzare le decorazioni utilizza un sac a poche e un beccuccio della dimensione più utile. <br>\nLa ghiaccia reale è perfetta anche per incollare ai biscotti piccole decorazioni di zucchero.', 'Ora io lo so che quando arriverai a leggere la ricetta che ho in serbo per te oggi penserai: sì, vabbè, ma io dove la trovo tutta questa roba? Perciò partiamo da dove bisogna partire: dal supermercato. Sì, perché gli ingredienti di questa ricetta sembrano impossibili ma esistono, un po’ come Babbo Natale. <br>\n\nL’albume pastorizzato si acquista in brick, ormai è di gran moda grazie ai salutisti e alle diete proteiche (che a qualcosa dovevano pur servire e infatti sono utilissime per fare i biscotti). Si trova nel banco frigo. <br>\n\nIl cremor tartaro si trova nel reparto dei dolci da preparare su quegli espositori pieni di bustine. Se proprio il supermercato non ne fosse rifornito chiedilo in farmacia. L’utilizzo del cremor tartaro serve a stabilizzare la ghiaccia e renderla elastica e lucida. Qualcuno dice di utilizzare il succo di limone ma quello contiene acqua e l’ho già detto ieri, vero, che la pasticceria è una scienza?', 'https://i.imgur.com/xGOlyTl.jpg', 9),
(210, 'Cheesecake limone mirtilli', 7, '1. Fodera una teglia da 18-20 cm con la carta forno. Falla aderire spennellando con burro fuso o olio. <br>\r\n\r\n2. Frulla i biscotti finemente, in modo da ottenere quasi una farina. <br>\r\n\r\n3. Sciogli il burro a bagnomaria o al microonde e uniscilo ai biscotti. Mescola fino a ottenere un composto con la consistenza della sabbia bagnata. Distribuisci il composto di biscotti sul fondo di una teglia in modo da ricoprirne il fondo nel modo più uniforme possibile, aiutati con il dorso di un cucchiaio per compattarli. Riponi in frigorifero per almeno 30 minuti. <br>\r\n\r\n4. In una ciotola riunisci il formaggio spalmabile, lo zucchero, la buccia e il succo di limone e la panna e mescola con uno sbattitore elettrico fino a ottenere una crema liscia e senza grumi. <br>\r\n\r\n5. Unisci, una per volta, le uova continuando a lavorare con lo sbattitore. <br>\r\n\r\n6. Aggiungi circa 300 g di mirtilli lavati e mescola delicatamente, in modo da incorporarli all’impasto senza romperli. <br>\r\n\r\n7. Versa l’impasto nella teglia, sopra allo strato di biscotti. Inforna a 170°C in forno statico preriscaldato e cuoci per circa un’ora, la torta deve apparire ancora morbida e “traballante” nel centro. <br>\r\n\r\n8. Sforna e fai raffreddare completamente. È più buona se lasciata a riposare in frigorifero, coperta, per 24 ore. Servi cospargendo di zucchero a velo e aggiungendo i rimanenti mirtilli.', 'Primavera significa soprattutto cheesecake: quella cotta, che si scalda in forno e diventa scioglievole, vellutata e profumatissima e poi aspetta in frigorifero, fresca e delicata, ideale per questa stagione di temperature sempre meno certe. <br>\r\nUna torta al cucchiaio che profuma già di stagioni coi fiori. <br>\r\nLa preparazione è semplice e classica e non ha bisogno di grandi attenzioni. Servono solo ingredienti freschi e di qualità e un po’ di pazienza per aspettare i tempi di riposo. È ottima come dessert al cucchiaio, anche in monoporzione, se preparata in stampi più piccoli ed è deliziosa da servire anche all’ora del tè, per una merenda quasi all’inglese, accompagnata con ogni genere di frutta di stagione ma sta benissimo, lo abbiamo testato di persona, con un buon bicchiere di bollicine e soprattutto in compagnia delle persone che amate: che poi è l’ingrediente segreto delle ricette migliori.', 'https://i.imgur.com/daeULLC.jpg', 7),
(211, 'Crema al mascarpone per il pandoro', 1, '1. Metti in un tegame i tuorli con lo zucchero e la farina e montali con una frusta manuale o elettrica fino a ottenere un composto chiaro e spumoso. <br>\r\n\r\n2. Separatamente scalda il latte con la buccia d’arancia (o con la vaniglia, la cannella, o l’aroma che preferisci) a fuoco dolce fino a farlo bollire leggermente. <br>\r\n\r\n3. Versa il latte a filo sui tuorli montati, filtrando con un colino, se necessario, e mescolando per evitare di creare grumi o coaguli. <br>\r\n\r\n4. Metti il composto su un fuoco molto dolce e cuoci, continuando a mescolare fino a che non vedrai la crema addensarsi. Spegni subito, versa in una scodella, copri con pellicola per alimenti a contatto e fai raffreddare completamente. <br>\r\n\r\n5. Quando la crema sarà completamente fredda lavora velocemente il mascarpone con una frusta (senza esagerare o il formaggio si separerà) e uniscilo alla crema mescolando per ottenere un bel composto liscio e omogeneo. Conserva la crema in frigorifero e utilizzala per farcire o decorare al momento il pandoro leggermente riscaldato per creare un delizioso contrasto. \r\n\r\n', 'Questa crema è perfetta anche per creare delle coppette con una base di biscotti o pandoro e frutta fresca di stagione oppure per un delizioso rotolo al tiramisù. <br>\r\nOggi l’idea è dolce, di quelle un po’ classiche ma immancabili sulla tavola delle feste.\r\n\r\nUna preparazione semplice e versatile, che puoi, anzi devi, preparare in anticipo e che al momento giusto aggiungerà un tocco di meraviglia anche al dessert più classico. Con questa ricetta e pochi ingredienti sarai pronta per il tuo incantesimo Natalizio.\r\n\r\n', 'https://i.imgur.com/Z8xakBG.jpg', 9),
(212, 'Pasta al forno con pomodoro e ricotta', 4, '1. Trita la cipolla finemente e falla scaldare in un tegame con due cucchiai di olio EVO. Unisci la passata di pomodoro, un cucchiaio di aceto balsamico (che servirà a intensificare il sapore del sugo), il basilico e regola di sale. Fai cuocere a fuoco dolce per 25-30 minuti, girando di tanto in tanto. <br>\r\n\r\n2. Cuoci la pasta come indicato sulla confezione e scolala con un po’ di anticipo, in modo che sia un po’ più che al dente. <br>\r\n\r\n3. Metti la pasta in una ciotola e aggiungi il sugo di pomodoro, la ricotta e 2/3 del Parmigiano grattugiato. Mescola e disponi la pasta in una pirofila. Spolvera la superficie con il Parmigiano avanzato e ripassa in forno, a 200°C per 25-30 minuti, fino a che la superficie della teglia non si sarà leggermente dorata. Nel caso utilizzassi un forno di tipo ventilato la doratura potrebbe richiedere meno tempo (verifica per evitare che la pasta si bruci o asciughi eccessivamente).\r\n\r\n', 'La ricotta sostituisce la più calorica besciamella e aggiunge cremosità al piatto, il sugo è di solo pomodoro, ma profumato da cipolla e basilico. <br>\r\nIl risultato è golosissimo e questa pasta al forno con pomodoro e ricotta non ha davvero niente da invidiare a un pasticcio classico. È veloce da fare e quindi perfetta anche per chi ha poco tempo per stare in cucina e, se avanza, si può congelare già porzionata e tenerla da parte per pasti di emergenza. Insomma, non ha davvero punti a sfavore, è un piatto che va provato!', 'https://i.imgur.com/zX2n6ev.jpg', 2),
(213, 'Cheescake allo yogurt senza cottura', 11, '1. Fodera lo stampo a cerniera con la carta forno, sia sul fondo che sui bordi. Per far aderire la carta alle pareti della teglia usa poco olio o burro fuso spennellati. <br>\r\n\r\n2. Sciogli il burro a bagnomaria o al microonde, senza lasciarlo soffriggere, per non alterarne il sapore. <br>\r\n\r\n3. Trita i biscotti con un mixer riducendoli in polvere e a questa polvere unisci il burro sciolto. Mescola con un cucchiaio finché i biscotti avranno assorbito tutto il burro, devi ottenere un composto con la consistenza della sabbia bagnata. <br>\r\n\r\n4. Disponi questo composto sul fondo della teglia e, aiutandoti con il dorso di un cucchiaio, distribuiscilo uniformemente e compattalo. Fai riposare in frigorifero per circa 20 minuti. <br>\r\n\r\n5. Intanto prepara la crema. Metti a bagno la gelatina in acqua ben fredda. <br>\r\n\r\n6. In una ciotola riunisci il formaggio spalmabile, lo yogurt e lo zucchero e mescola con una frusta manuale o elettrica fino a ottenere una crema liscia e uniforme. <br>\r\n\r\n7. Quando la gelatina si sarà ammorbidita, strizzala con delicatezza e mettila in un pentolino. Scioglila a bagnomaria senza scaldarla troppo. <br>\r\n\r\n8. Versa la gelatina a filo nella crema di formaggio e yogurt, mescolando contemporaneamente per evitare che lo shock termico provochi la formazione di grumi. <br>\r\n\r\n9. Riprendi lo stampo con i biscotti sul fondo e versa la crema ottenuta, livellandola con un cucchiaio. <br>\r\n\r\n10. Copri e lascia rassodare in frigorifero per 4-6 ore. <br>\r\n\r\n11. Prima di servirla, decora la base neutra della cheesecake allo yogurt con frutta fresca o marmellata a piacere. In foto io ho utilizzato mirtilli freschi e foglie di menta.', 'Questa cheesecake allo yogurt è fatta più di attesa che di lavoro, non richiede cottura e non necessita di passaggi troppo complicati.  <br>\r\nPerfetta per il periodo, con il gusto acidulo del formaggio e dello yogurt risulta freschissima e non troppo pesante, ideale come dessert ma ottima anche per una colazione o una merenda sfiziosa. La crema è compatta ma vellutata, la base è compatta ma si scioglie al palato, la sensazione, più che quella di mangiare una torta, è quella di un dolce al cucchiaio. <br>\r\n\r\nLa base ha un gusto neutro, e per la decorazione si può scegliere qualsiasi frutto di stagione o semplicemente aggiungere una marmellata, così questa torta fredda può diventare un perfetto passepartout, sempre nuova e sempre golosissima.', 'https://i.imgur.com/VIpKoSM.jpg', 7),
(214, 'Frittata di zucchine e feta', 1, '1. Sbatti le uova con un pizzico di sale. <br>\r\n\r\n2. Lava le zucchine, elimina le estremità e grattugiale con uno grattugia a fori larghi. Sala leggermente e lasciale sgocciolare per 15-20 minuti su un panno pulito. Utilizzando il panno, strizzale per eliminare l’eccesso di acqua contenuto. <br>\r\n\r\n3. Unisci le zucchine alle uova sbattute e mescola poi versa in un tegame foderato di carta forno leggermente oliata. Distribuisci nell’impasto la feta a cubetti o sbriciolata grossolanamente. Non aggiungo sale alle uova in quanto già presente nelle zucchine e nella feta. <br>\r\n\r\n4. Cuoci in forno a 200°C per circa 20 minuti, sforna e servi con un contorno a scelta o come farcitura di un goloso panino.', 'Una sola cottura per tutto, per un risultato goloso e sfizioso e un piatto unico che diventa in un attimo protagonista anche di panini e tramezzini. Con le zucchine di stagione, piccole, tenere e dolci, il risultato sarà davvero speciale. <br>\r\nLa feta aggiunge un gusto intenso e insolito e, con la cottura al forno, diventa leggermente croccante, così da giocare anche con le consistenze. Non c’è piatto, anche il più semplice, che non sappia come stupirci. <br>\r\nSi può cuocere anche  in padella, per evitare l’accensione del forno nelle giornate più calde.\r\n', 'https://i.imgur.com/KkYSaka.jpg', 3),
(215, 'Lasagne con melanzane e scamorza', 1, '1. Per il sugo alle melanzane pulisci le melanzane, sbucciale e tagliale a dadini. Trita la cipolla. <br>\r\n\r\n2. In un tegame fai appassire la cipolla a fuoco dolce con 2-3 cucchiai di olio EVO, quando la cipolla sarà morbida, aggiungi le melanzane a cubetti e falle dorare su tutti i lati. Quando le melanzane saranno dorate, aggiungi la passata di pomodoro, l’aceto balsamico, una presa di sale e qualche foglia di basilico e lascia cuocere per 30-45 minuti, a fuoco dolce e rigirando spesso. <br>\r\n\r\n3. Intanto prepara la besciamella. In un tegame fai sciogliere il burro a fuoco dolce, senza farlo soffriggere. Quando sarà completamente sciolto aggiungi la farina tutta in una volta e mescola rapidamente fino a formare una crema. Aggiungi il latte a filo, continuando a mescolare, aggiungi sale e un pizzico di noce moscata e continua a cuocere a fuoco dolce e mescolare fino a che la besciamella non si addenserà. <br>\r\n\r\n4. Taglia la scamorza a cubetti. <br>\r\n\r\n5. Ora componi la lasagna. In una teglia metti qualche cucchiaio di sugo poi adagia uno strato di sfoglia. Aggiungi altro sugo per coprire, qualche cucchiaio di besciamella e qualche cubetto di scamorza. Continua così, alternando sfoglia, sugo, besciamella e scamorza. Concludi con sugo, besciamella e scamorza e inforna a 180°C per circa 30 minuti, fino a vedersi formare una crosticina dorata in superficie. <br>\r\n\r\n6. Lascia riposare per 25-30 minuti prima di servire, oppure preparala in anticipo e scaldala nuovamente in forno al momento di portarla in tavola. <br>', 'Alle melanzane ho abbinato la scamorza affumicato, che aggiunge una nota interessante e intensifica tutto, ma sarà perfetta anche con del fiordilatte o con il provolone. Secondo gusto, si può arricchire con pancetta o prosciutto cotto per un piatto unico sostanzioso e dal gusto pazzesco.', 'https://i.imgur.com/MZGEJA4.jpg', 2),
(216, 'Sbriciolata di ricotta e mele', 10, '1. Lava il limone e spremilo, filtra il succo e tienilo da parte. Sbuccia le mele e tagliale a cubetti, irrorale con il succo di limone per evitare che anneriscano. <br>\r\n\r\n2. In un tegame fai scaldare una noce di burro, unisci le mele sgocciolate, un pizzico di cannella e due cucchiai di zucchero e cuoci a fuoco dolce fino a che le mele non saranno tenere e il fondo di cottura asciutto. Tieni da parte e fai intiepidire. <br>\r\n\r\n3. In una ciotola mescola la farina, l’amido, la granella di nocciole, il lievito, la buccia di limone e lo zucchero e 120 g di burro a dadini. Lavora in punta di dita o con il gancio a foglia della planetaria fino a che il composto non avrà la consistenza della sabbia bagnata. Unisci l’uovo e lavora rapidamente fino a che non otterrai un composto a briciole. Tienilo da parte e fallo riposare in frigorifero per 30 minuti. <br>\r\n\r\n4. Prepara la farcia alla ricotta mescolando la ricotta con 2 cucchiai di zucchero e 1 uovo, fino a ottenere un composto uniforme. <br>\r\n\r\n5. Fodera uno stampo da 22 cm con la carta da forno bagnata e strizzata. Dividi l’impasto realizzato in precedenza e distribuisci circa la metà sul fondo poi schiaccia con le mani in modo da foderare uniformemente il fondo e i bordi dello stampo. <br>\r\n\r\n6. Riempi con la crema di ricotta e poi aggiungi le mele spadellate distribuendole uniformemente. <br>\r\n\r\n7. Copri con l’impasto rimasto, aggiungendo briciole di varie dimensioni, fino a coprire completamente la superficie della torta. Non servirà pigiare. <br>\r\n\r\n8. Fai riposare in frigorifero per circa un’ora e poi inforna il crumble di mele e ricotta a 180°C in forno statico già caldo per 40-45 minuti, fino a che la superficie non apparrà leggermente dorata. <br>\r\n\r\n9. Fai raffreddare completamente prima di servire.', 'Per una teglia da 22 cm. <br>\r\nI primi 8 ingredienti servono per realizzare il crumble. <br>\r\nGli altri 3 per realizzare la crema di ricotta. <br>\r\nGli ultimi 5 servono per realizzare la farcia alle mele. <br>\r\nQuesto dolce è un gioco di strati, contrasti e consistenze, è semplicissimo da preparare (la frolla qui si sbriciola, non serve nemmeno saperla stendere) e l’unica vera complicazione è aspettare che si raffreddi, avvolti dal suo profumo pazzesco, perché da davvero il massimo quando si sarà freddata. <br>\r\n\r\nLo strato esterno, croccante e friabile, con una nota di nocciole, abbraccia alla perfezione un ripieno cremoso e corposo, pieno di gusto, con note acidule e fresche, perfetta da mangiare così o da accompagnare con una crema morbida e calda, nelle grandi occasioni.\r\n\r\nIl ripieno può essere ulteriormente arricchito con mirtilli rossi essiccati o uva passa per un extra di sapore che potrebbe essere perfetto per le feste che si avvicinano in fretta.', 'https://i.imgur.com/OYnaOkG.jpg', 7),
(217, 'Patate al forno alla pizzaiola', 1, '1. Lava le patate strofinandole accuratamente e sbucciale (se lo desideri). <br>\r\n\r\n2. Tagliale a pezzi e mettile in ammollo in acqua fresca per 30 minuti circa, risciacquale e asciugale tamponando con un panno pulito. <br>\r\n\r\n3. Disponile in una pirofila e condiscile con la passata di pomodoro, l’olio, una presa di sale, erbe aromatiche e uno spicchio d’aglio e mescola in modo da distribuire uniformemente in condimento. <br>\r\n\r\n4. Aggiungi le olive e inforna a 180°C in forno statico già caldo per circa un’ora, se vuoi mescolarle, fallo a metà cottura scuotendo la teglia, senza toccarle per evitare di sbriciolarle. Le patate devono risultare croccanti all’esterno e tenere all’interno.', 'Sono un contorno classico, di quelli che tutti amano, grandi alleate in cucina per mille ricette anche se poi finiscono sempre fritte, al forno o in purea. Cucinare le patate è semplice ma alla lunga può risultare un po’ noioso, così mi piace cercare sempre nuove varianti per restare sul semplice e continuare a giocare col gusto.\r\n\r\nPer esempio le patate al forno si possono aggiustare in mille modi e per preparare le patate al forno alla pizzaiola basta aggiungere alle solite patate di sempre qualche cucchiaio di passata di pomodoro, un po’ di olive, profumi e via in forno per tirarne fuori un contorno nuovo e sfizioso con gli ingredienti di sempre. Perfette da servire con la carne', 'https://i.imgur.com/f8FU0sm.jpg', 4),
(218, 'Lasagne ai funghi', 6, '1. Monda i funghi eliminando ogni residuo di terra con un pennellino, sciacquali con acqua fresca e tamponali con un panno pulito. <br>\r\n\r\n2. In un tegame fai scaldare a fuoco dolce due cucchiai di olio extravergine con uno spicchio d’aglio e quando questo avrà preso colore rimuovilo e aggiungi i funghi. Falli sfrigolare e poi aggiungi un pizzico di sale e pepe e copri con un coperchio. In questo modo diventeranno morbidi in 4-5 minuti. A quel punto riapri il coperchio e porta a cottura a fuoco dolce, fino a che il fondo non si sarà ritirato. <br>\r\n\r\n3. Per la besciamella metti in un tegame il burro e fallo sciogliere a fuoco dolce. Appena sarà sciolto togli il tegame dal fuoco e unisci, tutta in una volta, la farina. Mescola energicamente con una frusta o un cucchiaio fino a formare una cremina (che si chiama roux). <br>\r\n4. Fai tostare leggermente il roux a fiamma minima e poi aggiungi il latte a filo, continuando a mescolare per evitare la formazione di grumi. Regola di sale e pepe e aggiungi un pizzico di noce moscata grattugiata. <br>\r\n\r\n5. Alza leggermente il fuoco e cuoci, continuando a mescolare, fino a che la besciamella non si sarà rappresa.>br>\r\n\r\n6. Versa 1-2 cucchiai di besciamella in una pirofila e disponi un primo strato di sfoglia per lasagna senza sovrapporla. Copri con uno strato generoso di besciamella, distribuisci qualche cucchiaio di funghi, poi una manciata di dadini di mozzarella e parmigiano grattugiato. Procedi con un nuovo strato e uno ancora. Sull’ultimo strato di pasta aggiungi besciamella abbondante, mozzarella, funghi e formaggio grattugiato. <br>\r\n\r\n7. Inforna a 180°C in forno statico già caldo per 20-25 minuti, la lasagna deve risultare leggermente dorata in superficie. Se la prepari il giorno prima e la scaldi poco prima di servirla è anche meglio, perché avrà avuto tempo di compattarsi e risulterà assai più gustosa.\r\n', 'Le lasagne ai funghi sono un primo piatto ideale per un pranzo di Natale vegetariano. Sono ricche, sontuose e saporite eppure non c’è un solo grammo di carne a renderle tali. <br>\r\nSono preparate in bianco, così da lasciare intatti tutti i sapori e si possono riproporre e riprodurre anche con ortaggi diversi di stagione (mi viene subito in mente il cavolfiore, ma anche con il radicchio, la verza o gli spinaci saranno deliziose). Io ho utilizzato una classica mozzarella ma si può sostituirla anche con formaggi più gustosi come la fontina, il gorgonzola o un provolone per un abbinamento ancora più intenso. <br>', 'https://i.imgur.com/Xoknazm.jpg', 2),
(222, 'Ghiaccioli allo yogurt con vaniglia e lamponi', 6, '1. Lava i lamponi e asciugali tamponandoli delicatamente. <br>\r\n\r\n2. Prepara una coulis utilizzando circa 150g di lamponi. Ponili in un tegame con un cucchiaio di zucchero (se lo desideri) e falli appassire a fuoco moderato fino a ridurli in salsa. Fai raffreddare e mescola a questa salsa i lamponi rimasti. <br>\r\n\r\n3. Aromatizza lo yogurt con i semi di mezza bacca di vaniglia oppure con l’estratto di vaniglia, se di tuo gradimento aggiungi un cucchiaio di zucchero. <br>\r\n\r\n4. Quando gli ingredienti saranno ben freddi versa negli stampini da ghiacciolo o in semplici bicchieri di plastica prima i lamponi e poi lo yogurt, copri, inserisci i bastoncini e riponi in freezer (in posizione verticale) per almeno 24 ore prima di servirli.', 'Buoni per la merenda ma anche per il fine pasto, d’estate niente è meglio di un ghiacciolo. Al bando quelli tutti zucchero e aromi artificiali che si trovano in commercio, preparare in casa stecchi sani e golosi è semplicissimo. <br>\r\n\r\nTra gli ingredienti che meglio si prestano ad essere congelati mantenendo inalterato il gusto c’è lo yogurt, che con la sua nota acidula conferisce al risultato finale anche una maggiore freschezza. <br>\r\n\r\nSe vuoi un risultato assai goloso sciogli del cioccolato e glassali quando saranno già ben freddi. Provali anche con il cioccolato bianco che con i lamponi crea un’accoppiata perfetta.', 'https://i.imgur.com/oYfGQXY.jpg', 7),
(223, 'Cous cous con le verdure', 2, '1. Lava le verdure e taglia i funghi a fettine, le carote a fiammifero e melanzana e peperone a tocchetti. Trita la cipolla.<br>\r\n\r\n2. Taglia i pomodorini a metà e tienili da parte. <br>\r\n\r\n3. In un tegame fai appassire la cipolla con le erbe aromatiche che preferisci poi aggiungi le altre verdure e falle rosolare a fiamma media per 15-20 minuti circa, in modo che siano dorate. Se il fondo dovesse asciugarsi bagna con poca acqua. Regola di sale. <br>\r\n\r\n4. Metti il cous cous in una ciotola e coprilo con l’acqua bollente leggermente salata. Copri e fai riposare per 5 minuti, poi sgrana con una forchetta. <br>\r\n\r\n5. Unisci il cous cous con le verdure cotte, aggiungi un filo d’olio, i pomodorini ed erbe aromatiche fresche e servilo tiepido o freddo.', '', 'https://i.imgur.com/pulCYre.jpg', 2),
(224, 'Champignon trifolati', 2, '1. Pulisci i funghi: recidi con un coltello la base a cui resta attaccato il terriccio e con un pennello o un canovaccio strofinali per rimuovere l’eventuale terra rimasta. Sciacquali con abbondante acqua fresca e tamponali con un panno pulito o della carta da cucina. <br>\r\n\r\n2. Affettali spessi qualche millimetro oppure riducili a pezzetti. <br>\r\n\r\n3. In un tegame fai scaldare un cucchiaio abbondante di olio EVO con lo spicchio d’aglio pelato e schiacciato. Per evitare di ritrovarmelo nel piatto io lo infilzo con uno stecchino così da poterlo eliminare facilmente a fine cottura. Se lo gradisci aggiungi anche del peperoncino. <br>\r\n\r\n4. Quando l’aglio comincerà appena a dorarsi aggiungi i funghi, un pizzico di sale e copri. I funghi saranno cotti in 10-15 minuti. Durante questo tempo assicurati che ci sia sempre del liquido di cottura, in caso contrario aggiungi acqua poco per volta e lascia ridurre io fondo solo quando saranno pronti: teneri e consistenti. <br>\r\n\r\n5. Elimina lo spicchio d’aglio, regola di sale se necessario e aggiungi una manciata di prezzemolo tritato prima di servire.\r\n\r\n', 'E\' già autunno e io amo pazzamente questa stagione. Fresca, frizzante e piena di colori e sapori. Uno su tutti quello dei funghi, che adoro. <br>\r\nricetta facilissima che faccio spesso con i funghi coltivati ma che è perfetta anche per quelli selvatici, anche misti. <br>\r\n\r\nIl tempo di preparazione è minimo e il risultato molto gustoso. I funghi preparati in questo modo sono un ottimo contorno per piatti di carne e pesce o anche per condire pasta, panini e crostini.', 'https://i.imgur.com/BFAXBnj.jpg', 4),
(226, 'Torta salata \"gusto pizza\"', 1, '1. Fai asciugare il fiordilatte tenendolo in un colino e in frigorifero per una notte oppure usa, in sostituzione una scamorza dolce o un formaggio fondente che ami. <br>\r\n\r\n2. Prepara la pasta. Fai una fontana con la farina in una scodella. Aggiungi acqua, olio e sale, mescola grossolanamente con una forchetta e termina l’impasto lavorando con il palmo delle mani fino ad ottenere una pasta soda ed elastica. <br>\r\n\r\n3. Avvolgi l’impasto ottenuto nella pellicola per alimenti e lascialo riposare per circa mezz’ora. <br>\r\n\r\n4. Scalda il forno a 180°C in modalità statica. Stendi l’impasto con l’aiuto di un matterello e adagialo delicatamente nella teglia precedentemente oliata e infarinata. <br>\r\n\r\n5. Aggiungi la polpa o la passata di pomodoro, il fiordilatte a dadini, il basilico, un pizzico di sale ed eventuali altri condimenti di tuo gusto. Richiudi la pasta arrotolandola sui bordi per fare un effetto “cornicione” e inforna per 30-40 minuti fino a leggera doratura.', 'Per una teglia da 22 cm. <br>\r\nI primi 4 ingredienti servono per realizzare la pasta mentre con gli ultimo 5 la farcitura. <br>', 'https://i.imgur.com/kdRpNeY.jpg', 3),
(227, 'Plumcake \"tutto cioccolato\" allo yogurt', 1, '1. Scalda il forno a 180°C in modalità statica. <br>\r\n\r\n2. Rivesti lo stampo da plumcake con carta forno bagnata e strizzata. <br>\r\n\r\n3. Trita a pezzi piuttosto grossi il cioccolato. <br>\r\n\r\n4. In un scodella capiente mescola farina, cacao e lievito setacciati, caffè, zucchero e un pizzico di sale. <br>\r\n\r\n5. In una seconda ciotola batti le uova e unisci yogurt, latte e olio. <br>\r\n\r\n6. Versa i liquidi nelle polveri e mescola fino ad ottenere una pastella omogenea, quindi aggiungi il cioccolato a pezzetti e continua a mescolare per distribuirlo nell’impasto. <br>\r\n\r\n7. Versa la pastella al cioccolato nello stampo foderato in precedenza e inforna per circa un’ora (verificando la cottura con uno stecchino).', 'Per uno stampo da plumcake con base 8,5cm x 22,5cm. <br>\r\nÈ la certezza che se voglio farlo posso farlo, che non è troppo tardi anche se ho sempre faticato a crederci. Due uova, il fondo del sacchetto di zucchero e quello del cacao, Una barretta di fondente già mangiata per metà e l’ultimo yogurt in fondo al frigorifero non sono troppo poco: sono il giusto per cominciare e se ci credi il giusto (e un po’ ti impegni) eccolo lì, un plumcake pieno pieno che sa di nuovi inizi e pure (evviva!) di cioccolato ❤.', 'https://i.imgur.com/PYXbS0y.jpg', 7),
(228, 'Torta salata di zucca e feta', 10, '1. Prepara la pasta. Fai una fontana con la farina in una scodella. Aggiungi acqua, olio e sale, mescola grossolanamente con una forchetta e termina l’impasto lavorando con il palmo delle mani fino ad ottenere una pasta soda ed elastica. <br>\r\n\r\n2. Avvolgi l’impasto ottenuto nella pellicola per alimenti e lascialo riposare per circa mezz’ora. <br>\r\n\r\n3. Mentre la pasta riposa fai soffriggere appena in un tegame un trito fine di cipolla, unisci la zucca tagliata a dadini e, a fiamma bassa, falla cuocere, bagnando di tanto in tanto con poco brodo vegetale, fino a che diventerà abbastanza tenera da poter essere schiacciata con la forchetta. <br>\r\n\r\n4. Riducila così in purea, aggiungi un pizzico di cannella, fai asciugare il fondo di cottura e togli dal fuoco lasciando che intiepidisca. <br>\r\n\r\n5. Taglia a dadini anche la feta. <br>\r\n\r\n6. Alla zucca tiepida aggiungi il formaggio, e l’uovo battuto con un pizzico di noce moscata grattugiata. <br>\r\n\r\n7. Stendi la pasta in un disco di qualche mm di spessore e adagialo nella teglia precedentemente oliata e infarinata (se necessario). <br>\r\n\r\n8. Riempi la teglia con il composto di zucca, formaggio e uovo e ripiega e livellalo, poi rifila o ripiega il bordo di pasta. <br>\r\n\r\n9. Inforna in forno statico preriscaldato a 180°C per 40 minuti. Servila tiepida o fredda.', 'Per una teglia da 22 cm. <br>\r\nI primi 4 ingredienti servono per realizzare la pasta mentre tutti gli altri servono per realizzare la farcitura. <br>\r\nÈ autunno (finalmente) e (finalmente) è tornata la zucca. Allora ci ho fatto una torta perchè è autunno (finalmente) e avevo voglia di festeggiare.', 'https://i.imgur.com/nsobwW6.jpg', 3),
(230, 'Orecchiette con pesto di rucola, pomodoro e parmigiano', 4, '1. Lava la rucola e asciugala grossolanamente quindi frullala con gli anacardi, l’aglio e il Parmigiano grattugiato aggiungendo a filo l’olio fino a ottenere una crema densa e corposa. <br>\r\n\r\n2. Taglia i pomodorini in quarti e condiscili con un pizzico di sale. <br>\r\n\r\n3. Cuoci la pasta e scolala al dente. Unisci il pesto di rucola regolando con poca acqua di cottura. Servi aggiungendo pomodorini e scaglie di Parmigiano.', 'Il pesto, se necessario, si conserva per un paio di giorni in frigo, meglio se in barattolo chiuso e coperto d’olio, oppure più comodamente già porzionato in freezer.\r\n\r\nOgni (schifosa, maledetta, orribile) estate mi sembra sempre un po’ peggio di quelle precedenti, il caldo è sempre più appiccicoso e difficile da tollerare, la voglia di cucinare fare qualunque cosa va a suicidarsi lanciandosi di panza nel lavandino pieno fino all’orlo e la sola idea di mangiare piatti caldi si presenta come l’immagine dell’Inferno in terra. <br>\r\n\r\nL’alternativa tiepida alle tante insalatone per me sta nel pesto. Questo è freschissimo e gradevolmente pizzicoso, di rucola e dolce di anacardi (perfetti per riequilibrare l’eventuale amaro dell’insalata) ed è perfetto per condire una pasta corta e un po’ spessa insieme ai pomodorini e alle scaglie di parmigiano per un piatto unico, di rapidissima preparazione ed estrema soddisfazione :)', 'https://i.imgur.com/0TfGMIL.jpg', 2),
(235, 'Pop corn di cavolfiore', 2, '1. Monda il cavolfiore eliminando le foglie esterne. Lavalo e dividilo in piccole cimette, della dimensione al massimo di una noce. Taglia anche il gambo a dadini. <br>\r\n\r\n2. Metti tutto il cavolfiore tagliato in una scodella ampia e condiscilo con l’olio e una presa di sale. Mescola bene per condire tutto uniformemente. <br>\r\n\r\n3. Mescola il pan grattato e il curry, aggiungilo alla ciotola del cavolfiore e mescola in modo che il pan grattato aderisca il più possibile alla verdura. <br>\r\n\r\n4. Disponi tutto il cavolfiore, senza sovrapporlo, su una teglia coperta di carta da forno (aggiungendo anche l’eventuale pan grattato rimasto sul fondo della ciotola). Se necessario aggiungi ancora un filo di olio. <br>\r\n\r\n5. Inforna a 180°C in forno ventilato già caldo per circa 20 minuti fino a leggera doratura.\r\n\r\n6. Servi i popcorn di cavolfiore caldi, come aperitivo o contorno aggiungendo prezzemolo o coriandolo tritato, se gradito. Accompagnali con una maionese di soia o con del ketchup se li gradisci.\r\n\r\n', 'Il cavolfiore, ridotto in piccoli popcorn e impreziosito dalle spezie e dal pan grattato diventa scrocchiarello e profumato in forno ed è un piacere da mangiare, ancora caldo oppure a temperatura ambiente. <br>\r\nÈ perfetto come antipastino ma anche da servire in un piatto vegetale sfizioso, accompagnato da qualche verdura cotta e cruda, una manciata di cereali e una bella porzione di hummus di ceci. E ovviamente va benissimo come contorno originale.', 'https://i.imgur.com/FXiczVY.jpg', 4),
(236, 'Melanzane in agrodolce', 2, '1. Lava la melanzana, elimina il torsolo e affettala. Per questa ricetta io preferisco sbucciarla, la buccia aggiunge croccantezza, lasciala se ti piace. Tagliala a bastoncini. <br>\r\n\r\n2. Schiaccia lo spicchio d’aglio e fallo scaldare in un tegame con un paio di cucchiai di olio, a fuoco dolce, aspettando che prenda un leggero colore, senza bruciarlo. <br>\r\n\r\n3. Aggiungi i bastoncini di melanzana, elimina l’aglio e falli rosolare agitando spesso il tegame, in modo che le melanzane si arrostiscano un po’ sull’esterno. Aggiungi il sale, abbassa la fiamma e copri in modo che le melanzane rilascino la propria acqua e si inteneriscano. <br>\r\n\r\n4. Intanto mescola l’aceto con lo zucchero e mescola per scioglierlo bene. <br>\r\n\r\n5. Quando le melanzane appariranno quasi cotte scoprile e bagna con l’agrodolce, facendo sfumare a fiamma vivace. Quando sono ancora calde, ma fuori dal fuoco, aggiungi le erbe aromatiche tenendo da parte qualche foglia per la decorazione. <br>\r\n\r\n6. Lascia riposare le melanzane in agrodolce per qualche ora. Sono perfette se preparate in anticipo di un giorno e ottime anche a temperatura ambiente. Si conservano in frigorifero.', 'La preparazione è rapida e si può abbondare perché, conservato in frigorifero, questo è un contorno che dura anche 2-3 giorni e si adatta anche a diventare farcitura per un panino o ad accompagnare i pranzi da ufficio, quindi comodo e versatile per questo periodo di rientri. <br>\r\nPer questa preparazione ho utilizzato delle melanzane tonde, che tendono ad essere più dolci, ma andranno benissimo anche le lunghe con la buccia scura o quelle bianche e le melanzane perlina, in base alla disponibilità sul territorio delle diverse varietà. La vera differenza qui la fa l’aceto: meglio sceglierne di buona qualità – io preferisco quello di mele – che sia aromatico e poco pungente, in grado di esaltare i sapori senza coprirli.', 'https://i.imgur.com/fPmlQe3.jpg', 4);
INSERT INTO `ricetta` (`id_ricetta`, `nome_ricetta`, `porzioni_ricetta`, `preparazione_ricetta`, `note_ricetta`, `image_path_ricetta`, `id_categoria`) VALUES
(237, 'Calze di biscotto per la befana', 0, '1. Metti lo zucchero con la vaniglia nel mixer e frulla per renderlo fine. Aggiungi la farina, il cacao, il burro a temperatura ambiente tagliato a pezzetti e le uova, aziona il mixer a velocità media e lascialo andare fino a che non si formerà una “palla” di impasto. <br>\r\n\r\n2. Staccalo tutto dal contenitore e dalle lame, compattalo, avvolgilo nella pellicola per alimenti e fallo riposare per un’ora in frigorifero prima di utilizzarlo. <br>\r\n\r\n3. Stendi la frolla a uno spessore di 3-4 mm e, utilizzando il template da scaricare per ricavare la forma della calzine. Adagia i biscotti su una placca ricoperta di carta forno e falli riposare in frigorifero per almeno 15 minuti. <br>\r\n\r\n4. Cuocili in forno statico preriscaldato a 180°C per 12 minuti e falli raffreddare completamente. <br>\r\n\r\n5. Utilizza il cioccolato fuso a bagnomaria e uno stuzzicadenti per incollare ai biscotti bonbon, caramelle e decorazioni secondo le tue preferenze. Io ne ho realizzata anche qualcuna con la frutta secca, golosa e benaugurante.', 'I primi 6 ingredienti servono per realizzare la pasta frolla al cacao. <br>\r\nTutti gli altri ingredienti servono per la decorazione. <br>\r\nBasta una base di pasta frolla, del cioccolato fuso e una bella manciata di piccoli bonbon e decorazioni di zucchero e cioccolato. Sono facilissime, con un forellino in un angolo, anche da utilizzare come decorazione o chiudipacco e un’idea assai carina da servire con il caffè, dopo la cena di queste feste. Le apprezzeranno i piccoli e anche i grandi, scommettiamo?\r\n', 'https://i.imgur.com/x8AHbcO.jpg', 7),
(242, 'Toast con avocado e salmone', 1, '1. Lava l’avocado, rimuovi il nocciolo centrale e la buccia, taglialo a dadini e schiaccialo con una forchetta (o passalo al mixer) con un pizzico di sale e il succo e la buccia grattugiata di mezzo limone. <br>\r\n\r\n2. Scalda il pane su una piastra e aggiungi la salsa all’avocado e una fetta di salmone affumicato. È ottimo sia caldo che freddo', 'Aggiungere una scodella di insalata verde come accompagnamento e questa primavera diventa quasi estate.', 'https://i.imgur.com/VWph89g.jpg', 3),
(244, 'Torta allo yogurt e mirtilli', 8, '1. Sbattete le uova con lo zucchero poi aggiungete l’olio, succo e scorza di limone e lo yogurt. <br>\r\nUnite poco a poco la farina ed il lievito continuando a mescolare bene fino ad ottenere una crema liscia. <br>\r\n\r\n2. Imburrate ed infarinate la tortiera e versate sopra l’impasto poi cospargete la superficie della torta con i mirtilli senza farli sprofondare e poi spolverate con un cucchiaio di zucchero di canna. <br>\r\n\r\n\r\n3. Fate cuocere in forno ventilato caldo a 170° circa 45 minuti . <br>\r\n4. Sfornate e lasciate raffreddare prima di gustare', 'INGREDIENTI TORTIERA DA 20 CM', 'https://i.imgur.com/55SrOB9.jpg', 7),
(245, 'Plumcake allo yogurt con gocce di cioccolato', 10, '1. Infarinate leggermente le gocce di cioccolato e mettetele in freezer per almeno 15 minuti.<br>\r\n\r\n2. Sbattete le uova con lo zucchero con le fruste elettriche più aggiungete l’olio e lo yogurt. <br>\r\n\r\n3. Setacciate sul composto la farina con la fecola ed il lievito.\r\nContinuate a mescolare bene ed infine aggiungete le gocce e mescolate con una spatola. <br>\r\n\r\n4. Ungete ed infarinate uno stampo classico da plumcake e versate l’impasto. <br>\r\n5. Ungete una spatola con olio extravergine e praticate un taglio al centro del plumcake (per creare il classico taglio). <br>\r\n\r\n\r\n6. Fate cuocere in forno caldo statico a 180 gradi per 30 minuti poi spostate in modalità ventilata e cuocete a 160 gradi per circa 15 minuti.\r\n7. Sfornate e lasciate raffreddare completamente prima di togliere dallo stampo.', 'Per uno stampo da 26x11 cm circa.', 'https://i.imgur.com/93py4qi.jpg', 7),
(248, 'Riso alla cantonese', 4, '1. Prima di tutto portare a bollore una pentola piena di acqua e sale. <br>\r\n\r\n2. Cuocere il riso basmati controllando i tempi di cottura della confezione e cuocere per circa la metà del tempo indicato! Dovrete tirarlo fuori super al dente, mezzo duro, scolarlo e lasciarlo raffreddare in una ciotola e ogni tanto dovrete mescolarlo con le mani. <br>\r\n\r\n3. Essendo il riso abbastanza duro, non si attaccherà, pur continuando leggermente a cuocersi! <br>\r\n\r\n4. Lasciate raffreddare il riso completamente per circa 20 – 30 minuti. <br>\r\n\r\n5. Nel frattempo potete preparare il condimento:\r\nin una padella antiaderente o wok, scaldate 2 – 3 cucchiai di olio e aggiungete le uova leggermente sbattute con un pizzico di sale, ponete su fuoco medio e stracciate le uova con una forchetta pochi secondi. <br>\r\nLe uova strapazzate devono risultare chiare non dorate e non scure! <br>\r\n\r\n6. In una padellina a parte scaldate 1 cucchiaio di olio, il cipollotto affettato sottile e fate scaldare 1 minuto, aggiungete quindi i pisellini, fate cuocere a fuoco medio finché non risultano teneri. <br>\r\n\r\n7. Unite i pisellini alle uova, scaldate e aggiungete quindi il riso freddo. <br>\r\n\r\n8. Saltate il riso alla cantonese su fuoco medio, a questo punto aggiungete 1 cucchiaio di salsa di soia. <br>\r\n\r\n9. Aggiungete infine il prosciutto cotto e lasciate amalgamare ancora pochi secondi. Il prosciutto non deve cuocersi! <br>\r\n\r\n10. Ecco pronto il Riso alla cantonese! ', 'Il riso alla cantonese si conserva in frigo per circa 2 giorni, basterà scaldarlo saltandolo su fuoco e tornerà buono come appena fatto! ', 'https://i.imgur.com/0BFLRmE.jpg', 2),
(249, 'Treccia di pan brioche con ricotta e gocce di cioccolato', 6, '1. In una ciotola prepariamo la farina e aggiungiamo il Lievito di Birra con Pasta Madre disidratati per dolci lievitati PANEANGELI. Mescoliamo bene con le mani. <br>\r\n\r\n2. In un’altra ciotola rompiamo un uovo e aggiungiamo 100 grammi di zucchero e la Vanillina PANEANGELI. <br>\r\n\r\n3. Aggiungiamo l’olio di semi di girasole, il latte tiepido e iniziamo a mescolare con una forchetta. <br>\r\n\r\n4. Cominciamo ad aggiungere anche la farina un po’ alla volta continuando a mescolare. <br>\r\n\r\n5. Quando l’impasto avrà preso consistenza, continuiamo a lavorarlo con le mani fino a terminare la farina. <br>\r\n\r\n6. Infariniamo il piano di lavoro e continuiamo a lavorare l’impasto lì fino a ottenere una consistenza omogena ed elastica. Sistemiamo l’impasto in una ciotola, incidiamolo a croce, copriamo con pellicola e lasciamolo lievitare fino al raddoppio del volume. Ci vorranno circa 2 ore. <br>\r\n\r\n7. Passiamo alla farcitura. Mescoliamo in una ciotola la ricotta con 100 grammi di zucchero e la buccia grattugiata di un limone. <br>\r\n\r\n8. Aggiungiamo le Gocce di Cioccolato PANEANGELI e mescoliamo bene. <br>\r\n\r\n9. Riprendiamo l’impasto lievitato e stendiamolo con il mattarello su un foglio di carta forno ben infarinato. Dobbiamo ottenere un rettangolo dello spessore di circa mezzo centimetro. <br>\r\n\r\n10. Distribuiamo sopra la farcitura di ricotta e cioccolato. <br>\r\n\r\n11. Arrotoliamo il pan brioche aiutandoci con la carta forno e compattiamolo con le mani. <br>\r\n\r\n12. Dividiamo il rotolo in tre “code” e con queste formiamo una treccia. Lasciamo lievitare la nostra treccia ancora per 20 minuti prima di infornare. <br>\r\n\r\n13. Trascorso il tempo, sistemiamo il dolce in una teglia, inforniamo e cuociamo in forno preriscaldato ventilato a 170 °C per 35-40 minuti, oppure in forno statico a 180 °C per lo stesso tempo. <br>\r\n\r\nUna volta cotta, lasciamola raffreddare completamente prima di tagliarla. Vedrete che bontà!', '', 'https://i.imgur.com/5dugtrB.jpg', 7),
(250, 'Pomodori ripieni di salsa tonnata', 4, '1. Preparate le 2 uova sode (cottura 9 minuti da quando bolle l’acqua). <br>\r\n\r\n2. Tagliate la parte superiore dei pomodori, scavate la parte interna e tenetela da parte. <br>\r\n\r\n3. Frullate insieme le due uova sode, aggiungete il tonno, i capperi, il prezzemolo, la polpa del pomodoro e regolate di sale e pepe, infine unite un generoso filo di olio evo.<br>\r\nRiempite tutti i pomodori con questa salsa e decorate con qualche foglia di maggiorana o prezzemolo.', '', 'https://i.imgur.com/oVFhO7E.jpg', 3),
(256, 'Patate in padella', 4, '1. Per prima cosa, su un tagliere tagliamo a cubetti le patate. Mi raccomando: facciamo pezzi piccolini, così si cuoceranno più velocemente. <br>\n2. Trasferiamo le patate a cubetti in una teglia aggiungendo olio d’oliva, sale e uno spicchio d’aglio. <br>\n3. Portiamo le patate sul fuoco a fiamma bassa unendo anche mezzo bicchiere d’acqua. Lasciamole cuocere per circa 10-12 minuti, coperte con un coperchio. <br>\n4. Quando le patate saranno più morbide e anche il colore sarà più chiaro, scoperchiamole e lasciamole abbrustolire girandole ogni tanto. <br>\n5. Le patate sono pronte quando saranno ben dorate. \n', '', 'https://i.postimg.cc/XJpsjZHB/Patate-in-padella.jpg', 4),
(257, 'Torta furba red velvet', 8, '1. La Red Velvet originale prevede l’uso del latticello ma non è sempre facile da trovare. Allora prepariamo un finto latticello mescolando yogurt bianco, latte e succo di limone fino a ottenere un liquido omogeneo. <br>\r\n\r\n2. In una ciotola rompiamo le uova e iniziamo a frullare aggiungendo lo zucchero, poi l’olio, il latticello, la farina poco per volta, infine il cacao amaro, estratto di vaniglia, e colorante rosso in gel. <br>\r\n\r\n3. Il colorante rosso non ha sempre lo stesso effetto, io ne ho messo un cucchiaio, ma dovrete regolarvi a seconda dell’intensità che volete ottenere perché non colorano tutti allo stesso modo. <br>\r\n\r\n4. Infine aggiungiamo 1 cucchiaio di aceto e un cucchiaino di bicarbonato per la lievitazione. Non vi preoccupate per l’aceto perché il sapore e l’odore scompariranno completamente dopo la cottura. <br>\r\n\r\n5. Una volta mescolato il tutto versiamo il composto in una teglia quadrata 35×35 cm foderata con carta forno. <br>\r\n\r\n6. Mettiamo in forno statico a 180 °C per 15-20 minuti, oppure in forno ventilato a 170 °C per lo stesso tempo. <br>\r\n\r\n7. Una volta pronto il pan di Spagna, sforniamo e lasciamo raffreddare. <br>\r\n\r\n8. In una ciotola versiamo il mascarpone e la panna già zuccherata, con un cucchiaino di estratto di vaniglia. Montiamo a neve ferma. <br>\r\n\r\n9. Prendiamo il pan di Spagna freddo e tagliamo in 4 quadrati uguali aiutandoci con un righello. <br>\r\n\r\n10. In questa torta la bagna non serve perché la base è già umida e soffice.\r\nIn un piatto alterniamo un quadrato di pan di Spagna con uno strato di crema al formaggio. Arrivati al quarto strato ricopriamo tutta la torta con la crema rimasta. <br>\r\n\r\n11.  Con una spatola livelliamo bene tutta la torta per renderla liscia. Per decorare possiamo fare delle righe in superficie usando un pettine per dolci. <br>\r\n\r\n12. Per la decorazione ho scelto i nastrini rossi e i fiocchetti da poggiare semplicemente sulla panna. Visto che l’ho preparata per San Valentino, ho aggiunto dei cuoricini ricavati dalla pasta di zucchero. <br>\r\n\r\n13. La torta furba Red Velvet è pronta, vedrete che spettacolo al taglio della prima fetta, con gli strati alternati di pan di Spagna e crema. Assaggiatela e sentirete il morbido ripieno che si scioglie in bocca, una vera delizia!', 'La torta furba red velvet, sofisticata ed elegante, ha un ripieno di mascarpone e panna che la rende delicata e buonissima. Questa ricetta ci permetterà di realizzare la torta in meno di mezz’ora, infatti è una versione più semplice da fare rispetto alla torta red velvet tradizionale. <br>\r\n\r\nPer realizzarla faremo il latticello fatto in casa e la farciremo con una crema fatta con mascarpone e panna. \r\n\r\n', 'https://i.postimg.cc/t4DrCcwZ/Torta-furba-red-velvet.jpg', 7),
(258, 'Crespelle al forno con ricotta e spinaci', 12, '1. In una ciotola rompiamo le uova, aggiungiamo un pizzico di sale e iniziamo a mescolare. Versiamo il burro fuso e incorporiamo la farina un po’ alla volta: otterremo una pastella molto densa. A questo punto continuiamo a mescolare e versiamo il latte un po’ alla volta. <br>\r\n\r\n2. Prendiamo un’altra ciotola e passiamo la pastella attraverso un colino per evitare eventuali grumi. <br>\r\n\r\n3. Per la cottura scaldiamo una padella antiaderente, imburriamo leggermente il fondo e togliamo l’eccesso con un foglio di carta assorbente. Versiamo il composto un po’ alla volta. Lasciamo cuocere a fiamma media per un minuto e poi giriamo la crespella sull’altro lato per un altro minuto. <br>\r\n\r\n4. Una volta preparate tutte le crespelle iniziamo a farcirle (in alternativa possiamo coprirle con la pellicola per alimenti e tenerle in frigo un paio di giorni). <br>\r\n\r\n5. In una ciotola schiacciamo la ricotta con una forchetta e aggiungiamo gli spinaci cotti e strizzati, il parmigiano, la mozzarella, un pizzico di sale e la noce moscata. Mescoliamo per bene e teniamo da parte. Quindi prepariamo la besciamella. <br>\r\n\r\n6. Prendiamo una pirofila e cospargiamo il fondo con un po’ di besciamella. Ora spalmiamo la besciamella anche su 6 crespelle. Spalmiamo un cucchiaio di ripieno su ognuna delle crespelle. Richiudiamo le crespelle e sistemiamole sulla pirofila. <br>\r\n\r\n7. Facciamo lo stesso con un altra pirofila e altre 6 crespelle. Quindi versiamo la besciamella rimasta per ricoprire il tutto e terminiamo con formaggio grattugiato. <br>\r\n\r\n8. Mettiamo in forno una pirofila a 180-190 °C per circa 30 minuti. L’altra pirofila la copriamo con pellicola per alimenti e la conserviamo in freezer. ', 'Con le dosi di questa ricetta otteniamo circa 12 crespelle, io ho pensato di preparare 2 pirofile da forno di 20 x 28 cm con 6 crespelle l’una. In questo modo ne inforno subito una e l’altra la tengo in freezer dove si può conservare per ben tre mesi!', 'https://i.postimg.cc/MTMFv9GG/Crespelle-al-forno-ricotta-e-spinaci.jpg', 2),
(259, 'Ciambellone bicolore', 8, '1. Per prima cosa rompiamo le uova in una ciotola e iniziamo a mescolare con le fruste elettriche. <br>\r\n\r\n2. Incorporiamo lo zucchero e continuiamo a mescolare. Aggiungiamo poi la scorza di mezzo limone. <br>\r\n\r\n3. Sempre continuando a mescolare, versiamo l’acqua e l’olio di semi di girasole. <br>\r\n\r\n4. Ora versiamo la farina un po’ alla volta, continuando ad amalgamare. <br>\r\n\r\n5. Uniamo anche la bustina di LIEVITO PANE DEGLI ANGELI. <br>\r\n\r\n6. Ungiamo e infariniamo uno stampo per ciambelloni da 26 cm di diametro e versiamo all’interno metà dell’impasto. <br>\r\n\r\n7. Nella metà di impasto rimasta, aggiungiamo il cacao amaro e mescoliamo bene. Versiamo poi il composto con il cacao nello stampo a ciambella. <br>\r\n\r\n8. Portiamo il ciambellone a cuocere in forno statico, preriscaldato a 180 °C per 40-45 minuti, oppure in forno ventilato preriscaldato a 170 °C per 40-45 minuti circa. Vale la prova stecchino. Controllate i tempi di cottura perché possono variare in base al vostro forno. <br>\r\n\r\n9. Una volta cotto, facciamolo raffreddare, estraiamolo dallo stampo e gustiamolo a colazione, magari inzuppato in una bella tazza di latte!', '', 'https://i.postimg.cc/v8pprpgM/Ciambellone-bicolore.jpg', 7),
(260, 'Danubio salato', 10, '1. Mescoliamo le farine manitoba e 00 in una ciotola. <br>\r\n\r\n2. In un’altra ciotola versiamo il latte tiepido e sbricioliamo il lievito di birra. Aggiungiamo zucchero, olio d’oliva e uovo. Mescoliamo e aggiungiamo un po’ di farina, uniamo anche il sale poco dopo e amalgamiamo bene. <br>\r\n\r\n3. Continuiamo a impastare aggiungendo farina e spostiamo l’impasto sul piano di lavoro, in questa fase bisogna impastare energicamente almeno 4-5 minuti. L’impasto dovrà essere liscio ed elastico. <br>\r\n\r\n4. Formiamo una palla e mettiamola in una ciotola pulita e infarinata, facciamo un’incisione a croce sull’impasto e copriamo con pellicola per alimenti e con un panno. <br>\r\n\r\n5. Lasciamo lievitare 2 ore, alla fine l’impasto avrà raddoppiato il suo volume. Trascorso il tempo ricominciamo a lavorare per ammorbidire la pasta, bastano pochi secondi. <br>\r\n\r\n6. Dividiamo l’impasto in 4 parti uguali, formiamo dei filoncini e poi facciamo delle palline che devono avere la stessa dimensione. Aiutiamoci con una bilancia per verificare che abbiano tutte lo stesso peso, dovremmo ottenere circa 20 palline. <br>\r\n\r\n7. Ungiamo e infariniamo una teglia di 30 cm di diametro. <br>\r\n\r\n8. Prepariamo prosciutto cotto e scamorza tagliati a cubetti. <br>\r\n\r\n9. Con un mattarello lavoriamo le palline per formare dei dischi, mettiamo un po’ di ripieno a piacere e richiudiamo cercando di formare nuovamente la pallina. Quindi posizioniamo tutte le palline sulla teglia una vicino all’altra. Dovremmo averne una al centro e le altre posizionate in cerchio. <br>\r\n\r\n10. Copriamo la teglia con una pellicola e con un panno e lasciamo lievitare per 30 minuti. <br>\r\n\r\n11. Alla fine spennelliamo con il tuorlo e spolverizziamo con i semi di papavero. <br>\r\n\r\n12. Inforniamo a 180 °C per 35-40 minuti in forno statico. Il nostro danubio salato è pronto da sfornare! Bello dorato in superficie è proprio invitante!', 'Oggi vi propongo una ricetta semplice ma di grande effetto: il danubio salato fatto in casa. È una torta salata rustica con ripieno di salumi e formaggio, una vera delizia a cui è impossibile resistere. La sua forma caratteristica è molto bella nella presentazione, inoltre è perfetta da assaggiare ancora calda: il danubio salato fuori è croccante e fragrante, mentre all’interno il suo impasto è morbidissimo e il formaggio fuso è davvero goloso.\r\n\r\nQuesto pan brioche è una preparazione tipica delle feste di Pasqua ed è perfetta da mangiare all’aperto e da portare nel cestino del picnic. In generale è una torta salata l’ideale da preparare per il pranzo della domenica e per le feste. <br>\r\n\r\nSostituiamo il lievito di birra con mezza bustina di lievito secco.', 'https://i.postimg.cc/Hxr0WWgy/Danubio-salato.jpg', 6),
(261, 'Tiramisù con uova pastorizzate', 8, '1. Mettere i tuorli in un pentolino, aggiungere lo zucchero e la maizena e mescolare con un cucchiaio di legno.  <br>\r\n\r\n2. Aggiungere il latte precedentemente intiepidito e poi portare a bollore continuando a mescolare anche con una frusta a mano per non formare grumi. <br>\r\n\r\n3. Versare la crema ottenuta in una ciotola di vetro e farla intiepidire. <br>\r\n\r\n4. Aggiungere alla cremina ormai intipidita la panna fresca, il mascarpone e l\'estratto di vaniglia e frullare il tutto. <br>\r\n\r\n5. In una teglia fare uno strato di savoiardi bagnati precedentemente nel caffè (o latte) dal lato con lo zucchero e posizionarli nella teglia con la parte liscia in superficie, mettere uno strato di crema e spolverizzare con il cacao amaro. Continuare fino ad esaurimento degli ingredienti. Nell\'ultimo strato mettere le gocce di cioccolato. <br>\r\n\r\n6. Riporre in frigo per tutta la notte e prima di servirlo spolverizzarlo con il cacao amaro.', 'Con metà dose di tutti gli ingredienti si possono preparare 4 coppette di dessert.', 'https://i.postimg.cc/HkmhCXMF/Tiramis.jpg', 7),
(262, 'Medaglioni di patate con prosciutto e mozzarella', 4, '1. Sbucciate le patate, tagliatele a pezzi grossolani e cuocetele in pentola a pressione per 20 minuti. Scolatele, trasferitele in una ciotola e schiacciatele con una forchetta o con lo schiacciapatate. <br>\r\n\r\n2. Una volta tiepide, incorporate l’uovo leggermente sbattuto, il parmigiano grattugiato e la farina. Infine, regolate di sale e di pepe. <br>\r\n\r\n3. Ora, con l’aiuto di un coppapasta, formate i medaglioni: ponete una parte di impasto alla base del coppapasta, farcite con del prosciutto cotto e della mozzarella e ricoprite con un’altra parte di impasto. Poi, fatti i medaglioni, passateli da entrambi i lati nel pangrattato, facendolo aderire bene. <br>\r\n\r\n4. Trasferiteli infine su una teglia rivestita di carta forno, conditeli con olio a piacere e fateli cuocere per circa 20- 25 minuti a 180°C, girandoli a metà cottura. ', 'Gorgonzola e radicchio o verdure grigliate e taleggio per una versione vegetariana, speck e brie per chi ama i sapori della tradizione o, ancora, funghi e scamorza per un piatto raffinato. <br>\r\nCon queste dosi vengono fuori 9 medaglioni usando il coppapasta più piccolo. <br>\r\nI medaglioni di patate sono una ricetta economica, molto gustosa e facile da preparare.   Cotti in forno o, se ce l’avete, nella friggitrice ad aria, in ogni caso vanno serviti caldi. E, per un piatto completo, accompagnati da un’insalata fresca e leggera.', 'https://i.postimg.cc/9QHps7SK/Medaglioni-di-patate-con-prosciutto-cotto-e-mozzarella.jpg', 3),
(263, 'Pizzette rosse del forno', 16, '1. In una ciotola uniamo la farina, lo zucchero e il lievito di birra secco. Mescoliamo bene con una forchetta. <br>\r\n\r\n2. Aggiungiamo il latte tiepido e mescoliamo, uniamo anche il sale e continuiamo a mescolare. A questo punto versiamo nella ciotola l’acqua tiepida un po’ alla volta, fino a ottenere un panetto morbido e appiccicoso. <br>\r\n\r\n3. Uniamo l’olio extravergine di oliva e lavoriamo bene il panetto nella ciotola fino a farlo assorbire completamente dall’impasto. <br>\r\n\r\n4. Copriamo con pellicola l’impasto, molto morbido, e lasciamolo lievitare per 3 ore in un luogo caldo. <br>\r\n\r\n5. Trascorso il tempo di lievitazione, dividiamo l’impasto in 16 pezzi. Prendiamone uno alla volta, formiamo una pallina e con le mani e l’aiuto della farina, stendiamolo sul tagliere formando una pizzetta tonda molto fina. <br>\r\n\r\n6. Partiamo dal centro della pallina e allarghiamola verso i bordi con i polpastrelli delle mani. <br>\r\n\r\n7. Possiamo anche fare delle forme diverse, ad esempio lingue allungate. Man mano che facciamo tutte le pizzette, sistemiamole su una teglia con carta forno. <br>\r\n\r\n8. Stendiamo ancora una volta le pizzette sulla carta forno per renderle molto fini e piuttosto grandi. Condiamole con la salsa di pomodoro e un filo d’olio d’oliva. <br>\r\n\r\n9. Inforniamo le pizzette in forno ventilato a 180 gradi per 20 minuti circa, oppure in forno statico a 190 gradi per lo stesso tempo. <br>\r\n\r\n10. Le nostre pizzette rosse sono pronte, ottime sia calde che fredde! Anche il giorno dopo, riscaldate!', 'Pizzette rosse del forno: facilissime e croccanti, una tira l’altra! Sono le pizzette che mangiavo sempre prima di andare a scuola o per la merenda: sottili, sugose al centro e croccantine sui bordi. <br>\r\n\r\nSi preparano con pochissimi ingredienti e senza bisogno di stampi; la forma la daremo con le mani. <br>\r\n\r\nCon questa ricetta otterremo 16 pizzette rosse, possiamo anche congelarle cotte e riscaldarle al momento. Vediamo subito insieme come realizzarle!', 'https://i.postimg.cc/KYd3kWVR/Pizzette-rosse-del-forno.jpg', 6),
(264, 'Peperoni in agrodolce', 3, '1. Laviamo bene i peperoni, poi tagliamoli a metà nel senso della lunghezza. Togliamo il torsolo, i filamenti bianchi e rimuoviamo tutti i semi. Quindi tagliamoli prima a listarelle e poi tagliamo ancora le listarelle a metà. <br>\r\n\r\n2. In una padella antiaderente facciamo soffriggere dell’olio con l’aglio, in camicia o sbucciato a seconda di quanto sapore vogliamo dare. Aggiungiamo i peperoni, facciamo insaporire, quindi aggiustiamo di sale e lasciamo cuocere con il coperchio per qualche minuto, mescolando ogni tanto. <br>\r\n\r\n3. A questo punto togliamo il coperchio aggiungiamo l’aceto e lo zucchero, mescolando nuovamente. Abbassiamo la fiamma, copriamo nuovamente la padella e lasciamo cuocere per circa 15 minuti a fuoco basso, finché i peperoni non saranno teneri e il sughetto di cottura non si sarà ristretto. <br>\r\n\r\n4. Se il sughetto si è ristretto troppo in fretta basta aggiungere un cucchiaio d\'acqua! <br>\r\n\r\n5. Quando sono praticamente cotti, spegniamo la fiamma e lasciamo la padella chiusa con il coperchio ancora qualche minuti. I peperoni in agrodolce si insaporiranno ancora di più. Possiamo portarli in tavola tiepidi oppure freddi, magari decorati con qualche foglia di basilico fresco. ', 'I peperoni in agrodolce sono un contorno perfetto per l’estate, quando i peperoni sono di stagione, dolci e colorati. Molto semplici da preparare, si sposano benissimo con le ricette di carne, soprattutto di pollo e di maiale, ma anche con un buon tagliere di salumi e formaggi. E il sughetto è buonissimo raccolto con il pane! <br>\r\n\r\nI peperoni in agrodolce sono buoni da gustare sia a temperatura ambiente sia freddi. E possiamo anche utilizzarli per preparare degli sfiziosi crostini da antipasto, oppure come condimento di una pasta fredda ricchissima. <br>\r\n\r\nPossiamo conservare i peperoni in barattolo per l’inverno, così da averli a disposizione sempre per tante ricette.', 'https://i.postimg.cc/90cHFGdr/Peperoni-in-agrodolce.jpg', 4),
(265, 'Brownies al cioccolato con ovetti', 6, '1. Mettiamo le uova e lo zucchero in una ciotola e montiamo fino ad avere un composto spumoso e chiaro. Spezzettiamo il cioccolato fondente e facciamolo sciogliere nel microonde per 90 secondi, oppure a bagnomaria. <br>\r\n\r\n2. Setacciamo la farina e uniamola al composto di uova. Mescoliamo con una spatola. <br>\r\n\r\n3. Setacciamo insieme il cacao amaro e il lievito e incorporiamoli agli altri ingredienti. <br>\r\n\r\n4. Aggiungiamo l’olio di semi e il latte e mescoliamo. <br>\r\n\r\n5. Infine uniamo il cioccolato fondente fuso e amalgamiamo tutti gli ingredienti con una spatola. <br>\r\n\r\n6. Versiamo l’impasto in uno stampo rettangolare foderato con la carta da forno. Cuociamo la torta in forno preriscaldato a 180° C per 30-35 minuti. Prima di sfornare, facciamo la prova dello stecchino. <br>\r\n\r\n7. Sforniamo la torta, facciamola raffreddare e rifiliamo i bordi con un coltello. <br>\r\n\r\n8. Mettiamo sulla torta due cucchiai di crema di nocciole e stendiamola con un coltello. Posizioniamo sopra gli ovetti di cioccolato come preferiamo e poi serviamo il nostro dolce! Possiamo decidere di tagliarlo a quadrotti oppure portarlo in tavola intero. ', 'Lievito per dolci 5 g e crema spalmabile alle nocciole 40 g. <br>\r\n\r\nHo preparato una base per brownies soffici al cioccolato. Ho rifilato i bordi e poi aggiunto un velo di crema di nocciole per far aderire gli ovetti. In alternativa si può usare la marmellata o un altro tipo di crema. <br>\r\nLa decorazione l’ho fatta con un mix di ovetti di cioccolato di vari gusti e dimensioni: ho usato quelli confettati, quelli ripieni, fondenti e al latte. Alcuni li ho spezzettati e altri li ho lasciati interi. <br>\r\nQueste morbide tortine sono davvero buone ma anche piuttosto leggere, dato che non c’è burro né panna, ma solo del buon cioccolato fondente al 70%, quindi povero di zucchero.\r\n\r\n', 'https://i.postimg.cc/nckWb3HD/Brownies-al-cioccolato-con-ovetti.jpg', 7),
(266, 'Ciambellone al cacao ♥ Rospetto ♥', 8, '1. Prima di tutto setacciate il cacao e unitelo alla farina e al lievito anch’esso setacciato. <br>\r\n\r\n2. Montate con le fruste elettriche le uova con lo zucchero e la vanillina fino ad ottenere un composto spumoso e leggero. <br>\r\n\r\n3. Poi incorporate piano piano anche l\'olio a filo, sempre montando a velocità alta. <br>\r\n\r\n4. Intanto preriscaldate il forno a 170° statico. <br>\r\n\r\n5. Aggiungete la farina setacciata con il lievito e il sale, alternandola con il latte, sempre mescolando ma questa volta a velocità bassa. Ci vorranno pochi secondi e otterrete un impasto liscio e vellutato. <br>\r\n\r\n6. Una volta realizzato l\'impasto, aggiungete le gocce di cioccolato (o i quadrotti), lasciandone da parte un po\' per la superficie. <br>\r\n\r\n7. Mescolate bene e versate l\'impasto al cacao in uno stampo a ciambella imburrato ed infarinato e aggiungete le gocce restanti. <br>\r\n\r\n8. Cuocete in forno a 170°  nella parte medio bassa per 35 minuti poi fare la prova stecchino e abbassare la temperatura a 160° e cuocerlo per altri 5/10 minuti e rifare la prova stecchino. Lo stecchino dovrà uscire asciutto! <br>\r\n\r\n9. Sfornate e lasciate intiepidire almeno 30 minuti poi sformate e lasciate raffreddare a temperatura ambiente su una griglia. ', 'Al posto delle gocce di cioccolato si possono usare i quadrotti per un gusto super cioccolatoso!', 'https://i.postimg.cc/tJ75wZ4J/Ciambellone-al-cacao-rospetto.jpg', 7),
(267, 'Pasta al forno con pomodoro e mozzarella', 5, '1. Per prima cosa preparare il sugo di pomodoro mettendo olio, aglio e basilico. <br>\r\n\r\n2. Cuocere la pasta e scolarla. Condirla con il sughetto e aggiungere la mozzarella. <br>\r\n\r\n3. Prendere una pirofila e ungerla con del burro, versare la pasta, aggiungere ancora mozzarella, grana e fiocchetti di burro. <br>\r\n\r\n4. Cuocere in forno statico a 200° per 15 minuti e poi ventilato finchè non si forma una leggera crosticina.', 'Si può usare anche la mozzarella alla julien.', 'https://i.postimg.cc/cCQ7tVT7/Pasta-al-forno-con-mozzarella.jpg', 2),
(268, 'Pasta e ceci', 2, '1. Prima di tutto mettere a bagno i ceci secchi con un cucchiaino di bicarbonato per circa 12h ( 1 notte) passaggio che potete saltare se utilizzate i ceci in scatola. <br>\r\n\r\n2. Poi soffriggete in una pentola capiente gli spicchi d’aglio precedentemente sbucciati e schiacciati con l’olio per 1 minuto. <br>\r\n\r\n3. Aggiungete i ceci, lasciate rosolare nel soffritto a fiamma vivace girando 1 minuto. Aggiungete il prezzemolo tritato. <br>\r\n\r\n4. Se avete utilizzato i ceci secchi, allungate con 3 bicchieri d’acqua e lasciate cuocere per circa 40 – 50 minuti con coperchio finché non risultano morbidi. <br>\r\n\r\n5. Se avete utilizzato i ceci lessati aggiungete 1 solo bicchiere d’acqua e lasciate cuocere per 5 minuti a fuoco basso con coperchio. <br>\r\n\r\n6. Infine prelevate 1 mestolo colmo di ceci e ponete da parte. <br>\r\n\r\n7. Poi aggiungete alla pentola circa 2 bicchieri d’acqua, fate bollire e aggiungete la pasta che avete scelto. <br>\r\n\r\n8. A questo punto fate cuocere a fuoco bassissimo il tempo necessario che richiede la pasta. Cambia a seconda della grandezza e del formato! per le casarecce ci vorranno circa 12 minuti, ma controllate bene e soprattutto girate spesso, in modo che la pasta non si attacchi al fondo e risulti cremosa. <br>\r\n\r\n9. Il risultato finale dev’essere una pasta con i ceci cremosa e avvolgente. <br>\r\n\r\n10. A pochi minuti dalla fine, eliminate l’aglio;  aggiungete il sale, il mestolo di ceci messo da parte e un’altra manciata di prezzemolo tritato. Girate e completate la cottura. <br>\r\n\r\n11. Ecco pronta la Pasta e ceci . Servitela calda!', '', 'https://i.postimg.cc/tC2hL0Sf/Pasta-e-ceci.jpg', 2),
(270, 'Rotolo alle zucchine e prosciutto cotto', 4, '1. Per preparare il rotolo alle zucchine e prosciutto cotto, tagliate le zucchine a rondelle e saltatele per 10 minuti in una padella antiaderente in cui avrete fatto insaporire l\'olio con l\'aglio schiacciato. Aggiustate di sale e pepe e fate raffreddare. Stendete la pasta sfoglia sul piano di lavoro direttamente sulla sua carta forno. Adagiatevi le fette di prosciutto cotto arrivando a 1 cm dai bordi. <br>\r\n\r\n2. Distribuitevi sopra le rondelle di zucchine ormai giunte a temperatura ambiente e completate con le fette di scamorza. <br>\r\n\r\n3. Aiutandovi con il foglio di carta forno arrotolate il tutto iniziando da un lato corto e procedendo verso l\'altro. Quando avrete ottenuto un rotolo, disponetelo con la parte della saldatura verso il basso, piegate le due estremità laterali e richiudetele verso l\'alto in modo da evitare la fuoriuscita del ripieno. Praticate 3 tagli obliqui con un coltello affilato. Spennellate con l\'uovo sbattuto e cospargete con i semi. <br>\r\n\r\n4. Cuocetelo nel forno già caldo a 180° per circa 30 minuti. Sfornate il rotolo alle zucchine e prosciutto cotto e servite tiepido.', '', 'https://i.postimg.cc/x1ybCmpC/Rotolo-alle-zucchine-e-prosciutto-cotto.jpg', 3),
(271, 'Carrot Cake', 11, '1. In una ciotola capiente grattugia le carote (non frullarle, la consistenza grattugiata darà maggiore texture e umidità alla torta). <br>\r\n\r\n2. Aggiungi le uova e mescola con una frusta manuale. Unisci l’olio, gli zuccheri e le spezie. <br>\r\n\r\n3. Setaccia la farina con il lievito per dolci e uniscila a poco a poco alle uova, mescolando con una frusta manuale per evitare di formare grumi. <br>\r\n\r\n4. Versa la pastella in uno stampo da 22 cm oliato e infarinato oppure spennellalo con il distaccante per teglie fatto in casa. Cuoci per 40 minuti in forno statico già caldo a 180°C sul ripiano centrale del forno. Fai sempre la prova stecchino al centro per controllare la cottura prima di sfornare. <br>\r\n\r\n5. Fai intiepidire la torta nel suo stampo e poi sformala delicatamente e falla raffreddare del tutto su una griglia per dolci. <br>\r\n\r\n6. Quando la torta sarà ben fredda tagliala in due dischi. <br>\r\n\r\n7. Prepara la crema lavorando il formaggio cremoso con lo zucchero a velo. Separatamente monta la panna ben ferma e mescola delicatamente con il formaggio, aiutandoti con una spatola per non smontare il composto. <br>\r\n\r\n8. Farcisci l’interno della torta con circa 2/3 della crema ottenuta, utilizza il terzo restante per spatolare l’intera superficie. <br>\r\n\r\n9. Sbriciola le mandorle e decora la superficie della torta. Lasciala riposare almeno una notte in frigorifero prima di servirla. In questo modo la crema si rassoderà e i sapori saranno meglio equilibrati.', 'Noce moscata la punta di un cucchiaino. <br>\r\nSi possono aggiungere le mandorle in superficie. <br>\r\nLa Carrot Cake è una torta inglese deliziosa: alta, umida, profumata e avvolgente. Le torte britanniche sono notoriamente montagne di burro e zucchero da scalare, per questa mia versione ho preferito invece usare yogurt e olio che mantengono la torta morbidissimo anche senza bagnarla e anche in frigorifero. Come farcitura – fondamentale per questa torta – ho sostituito la classica buttercream, che ammetto di non amare troppo, con un frosting corposo di panna e formaggio morbido. È fondamentale, per godersi questo dolce al meglio, non omettere proprio nulla, spezie comprese che servono a darle quel profumo inconfondibile. Nella mia versione è già molto ridotto lo zucchero ma posso garantire che non se ne sente la mancanza: è giusto per non sentire solo il suo sapore ma godersi la leggera acidità del frosting e gli altri gusti presenti. <br>\r\n\r\nLe carote abbondanti si vedono e si sentono, aggiungono una texture deliziosa e tengono la torta umida, le mandorle nella decorazione fanno anche da parte croccante e sono davvero irrinunciabili.', 'https://i.postimg.cc/XNc5nJxx/Carrot-Cake.jpg', 7),
(272, 'Girelle di sfoglia alla Nutella', 8, '1. Srotoliamo la pasta sfoglia tenendola sulla carta forno in dotazione e tagliamola a metà. <br>\r\n\r\n2. Su uno dei due rettangoli che abbiamo ottenuto, spalmiamo uno strato abbondante di Nutella. <br>\r\n\r\n3. Aiutandoci con la carta forno, sovrapponiamo i due rettangoli di sfoglia e facciamo pressione sui bordi per farli aderire l’uno all’altro. <br>\r\n\r\n4. Con la rotella tagliapasta, ricaviamo 8 strisce di larghezza uniforme. <br>\r\n\r\n5. Attorcigliamo ciascuna striscia su sé stessa e poi diamo forma alle girelle, arrotolando le strisce a spirale. <br>\r\n\r\n6. Man mano che sono pronte, sistemiamole ben distanziate su una placca foderata con carta forno e spennelliamole con il tuorlo d’uovo sbattuto. <br>\r\n\r\n7. Completiamo con una spolverata di granella di nocciole su ciascuna girella. Cuociamo in forno ventilato preriscaldato a 170 °C per 20 minuti. <br>\r\n\r\n8. Sforniamo e serviamo le nostre girelle di sfoglia alla Nutella calde e friabili!', 'Si possono anche creare tante versioni alternative da servire in un buffet di dolci: ne possiamo preparare con marmellate e confetture o con tutte le creme che ci piacciono di più. <br>\r\nLe girelle di pasta sfoglia alla Nutella si gustano al meglio calde e appena fatte. Consigliamo di prepararle sul momento, anche perché la ricetta è velocissima. Ad ogni modo, se ce ne restano, possiamo metterle in un contenitore per alimenti e conservarle in frigo, dove restano buone per uno o due giorni.', 'https://i.postimg.cc/bNjnY907/Girelle-di-sfoglia-alla-Nutella.jpg', 7),
(273, 'Pasta frolla ', 1, '1. Prendiamo una ciotola capiente e iniziamo rompendo all’interno le uova e aggiungendo lo zucchero. <br>\n2. Uniamo l’olio di semi e la scorza di limone (potete aromatizzarla con l’aroma che più vi piace, come arancia o vaniglia). <br>\n3. Aggiungiamo anche il lievito. Iniziamo a mescolare bene gli ingredienti con le mani. <br>\n4. Aggiungiamo la farina poco alla volta. <br>\n5. Quando l’impasto sarà diventato più sodo, trasferiamolo su una spianatoia infarinata e continuiamo a lavorarlo con le mani aggiungendo la farina un po’ alla volta. Lavoriamo molto bene l’impasto sulla spianatoia, e se è ancora appiccicoso aggiungiamo altra farina. <br>\n6. La nostra pasta frolla è pronta quando non si attacca più alle dita e l’impasto è elastico e omogeneo. Possiamo utilizzarla come base per le nostre crostate o per dei golosi biscotti!', 'Se ne avanza, o se vogliamo fare doppia dose, possiamo avvolgerla con la pellicola per alimenti e conservarla in frigo oppure congelarla. Così la avremo sempre pronta per ogni evenienza!', 'https://i.postimg.cc/cJ8wTxQ3/Pasta-frolla-di-Benedetta.jpg', 9),
(274, 'Pasta frolla al cacao ', 1, '1. Prendiamo una ciotola capiente e iniziamo rompendo all’interno le uova. <br>\n2. Aggiungiamo lo zucchero bianco. <br>\n3. Uniamo l’olio di semi di girasole, usando l’olio al posto del burro la frolla non avrà bisogno di tempi di riposo in frigo e la potremo utilizzare subito. <br>\n4. A questo punto aggiungiamo anche il cacao. <br>\n5. Uniamo metà bustina di lievito per dolci. <br>\n6. Infine, aggiungiamo la farina un po’ alla volta. <br>\n7. Quando l’impasto sarà diventato più sodo, trasferiamolo su una spianatoia infarinata e continuiamo a lavorarlo con le mani aggiungendo la farina un po’ alla volta. <br>\n8. Lavoriamo l’impasto fino a quando sarà ben sodo. <br>\n9. La nostra pasta frolla è pronta quando non si attacca più alle dita e l’impasto è elastico e omogeneo. Possiamo utilizzarla come base per le crostate o per fare golosi biscotti! Questa dose va benissimo per uno stampo da 26-28cm di diametro.', '', 'https://i.postimg.cc/rwdzShkZ/Pasta-frolla-al-cacao-di-Benedetta.jpg', 9),
(275, 'Pasta e zucca', 3, '1. In un tegame dal fondo spesso fate imbiondire l\'aglio con l\'olio e il peperoncino, aggiungete la zucca tagliata a cubetti, ed il prezzemolo tritato, fate insaporire per circa 5 minuti, mescolando di tanto in tanto. <br>\r\n2. Eliminate l\'aglio ed aggiungete circa 250 ml di acqua, insaporite con il sale e fate cuocere con il coperchio a fiamma moderata per circa 20 minuti fino a quando la zucca è ben cotta, mescolate di tanto in tanto. <br>\r\n3. Quando la zucca è cotta, schiacciatela un po\' con il mestolo, aggiungete circa 200 ml di acqua, subito bollirà, unite la pasta. Portate a cottura la pasta seguendo le indicazioni riportate sulla confezione, aggiustate di sale. Girate ogni tanto con il mestolo di legno in modo da non far attaccare la pasta sul fondo della pentola e controllate se l\'acqua aggiunta è giusta o ne serve un altro goccio. Il risultato finale deve essere una pasta umida ma non acquosa, cremosa quasi come un risotto. Spegnete la fiamma, aggiungete un po\' di parmigiano grattugiato e mescolate bene, completate con prezzemolo fresco e servite.', 'Le indicazioni dell\'acqua sono indicative ma se usate una buona pasta trafilata a bronzo che mantiene la cottura, queste dosi sono perfette.  <br>\r\nVi consiglio di guardare la video-ricetta in modo da capire bene quanta acqua aggiungere ed il risultato finale. <br>\r\nNon uso brodo vegetale ma semplice acqua di rubinetto che non riscaldo perché cuocendo tutto ad alte temperature appena si aggiunge l\'acqua a temperatura ambiente raggiunge subito la temperatura di ebollizione. <br>\r\nLa pasta zucca è buonissima appena preparata ma se avanza è ottima anche il giorno dopo.', 'https://i.postimg.cc/k4FW07fp/Pasta-e-zucca.jpg', 2),
(276, 'Toast al forno ripieni di mozzarella e pomodoro', 6, '1. Prendiamo la passata di pomodoro e mettiamola in una ciotola, aggiungiamo olio, sale, pepe ed origano, mescoliamo. Prendiamo il pane per toast e mettiamolo in una teglia oleata bene. Dobbiamo formare una fila di 6 fette di pane. <br>\r\n\r\n2. Aggiungiamo un po\' di passata di pomodoro, mozzarella tagliata in cubetti, altro olio e copriamo con una fila di pane per toast. <br>\r\n\r\n3. Uniamo il pomodoro coprendo tutta la superficie, ancora mozzarella, olio ed origano. Uniamo una spolverata di parmigiano. <br>\r\n\r\n4. Inforniamo a 200° per 15 – 20 minuti. <br>\r\n\r\n5. Una volta pronti sforniamoli e serviamoli.', 'Oltre ai toast potete utilizzare il pan bauletto oppure il pane casereccio leggermente bagnato.', 'https://i.postimg.cc/xC1nGRJF/Toast-al-forno-ripieni-di-mozzarella-e-pomodoro.jpg', 5),
(277, 'Torta al cioccolato senza zucchero e uova', 8, '1. Cominciamo la preparazione della nostra torta versando il latte in una ciotola, aggiungiamo il miele e l’olio così da montare gli ingredienti insieme, usiamo fin da subito lo sbattitore elettrico. <br>\r\n\r\n2. Aggiungiamo poi poco alla volta la farina ben setacciata e lo stesso facciamo sia con il cioccolato che con il lievito in polvere. Dobbiamo ottenere un impasto super cremoso per poi passare alla cottura. <br>\r\n\r\n3. Trasferiamo l’impasto in una teglia rotonda a cerniera, imburrata e infarinata. <br> \r\n\r\n4. Infornare la torta a 180° forno statico per circa 50 minuti.', '', 'https://i.postimg.cc/rmtGyvMS/Torta-al-cioccolato-senza-zucchero-e-uova.jpg', 7),
(278, 'Crostata a spirale bigusto', 8, '1. Stendete la base di frolla e fatela aderire alla teglia o allo stampino. <br>\r\n\r\n2. Bucherellate il fondo con i rebbi della forchetta. <br>\r\n\r\n3. Formare due spirali e metterli come in figura. <br>\r\n\r\n4. Riempire con le due composte. <br>\r\n\r\n5. Con la restante frolla formare un fiorellino da posizionare al centro della crostata. <br>\r\n\r\n6. cuocete a 180 gradi per circa 20/25 minuti.', '', 'https://i.postimg.cc/kXP9Xqgg/Crostata-spirale-bigusto.jpg', 7),
(279, 'Trecce pan brioche dolce', 2, '1. In una ciotola unisci le uova, l’acqua, lo zucchero, il burro sciolto e il lievito. mescola con un mestolo. Unisci le farine e mescola ancora, infine unisci il sale.  Mescolare fino a ottenere un impasto omogeneo. Lavora il panetto su un piano di lavoro leggermente infarinato per qualche minuto. Copri la ciotola con una pellicola per alimenti e lascia lievitare per almeno 2 ore o fino al raddoppio a temperatura ambiente. <br>\r\n\r\n2. Riprendi l’impasto, dividilo in due parti uguali su un piano leggermente infarinato, da ogni pezzo ricava 3 palline di impasto, quindi 6 palline in tutto. Con ognuna modella dei filoncini lunghi, che andrete poi ad intrecciare tra di loro, realizzando una treccia. Procedi in ugual modo per la seconda treccia. <br>\r\n\r\n3. Sistema le trecce su una teglia, rivestito di carta da forno.  Lascia lievitare in ambiente caldo per almeno 1 ora. Riscalda il forno a 180°C. <br>\r\n\r\n4. n una ciotolina versa il latte e spennella la superficie della brioche. Cospargi di granella di zucchero e inforna a 180°C per 25-30 minuti, finchè non è dorato.', 'Ottimo anche tostato il giorno dopo spalmato di confettura o crema di nocciole. <br>\r\nIl pan brioche si conserva a temperatura ambiente, in un sacchetto di carta per alimenti o sotto a una campana di vetro, per 2-3 giorni massimo. <br>\r\nA piacere puoi arricchire il pain brioche con un pizzico di cannella, gocce di cioccolato, gherigli di noci tritati, oppure puoi modellarlo a mo’ di ciambella o dei piccoli panini darai così vita a uno scenografico buffet di festa.', 'https://i.postimg.cc/XqTH7XK1/Trecce-di-Pan-Brioche.jpg', 7),
(281, 'Cheesecake zebrata', 8, '1. Tritiamo i biscotti in un tritatutto, mettiamoli in una ciotola e aggiungiamo il cacao amaro. Mescoliamo, poi aggiungiamo anche il burro fuso e amalgamiamo bene il composto. <br>\r\n\r\n2. Prendiamo uno stampo a cerniera da 24 cm di diametro col fondo rivestito di carta forno e formiamo la base della cheesecake, versando dentro il composto, compattandolo e livellandolo con l’aiuto di un cucchiaio. Mettiamo in frigo a solidificare per circa 10 minuti. <br>\r\n\r\n3. Nel frattempo separiamo i tuorli dagli albumi, mettendoli in due ciotole diverse. Montiamo a neve gli albumi e uniamo ai tuorli lo zucchero e la vanillina. <br>\r\n\r\n4. Uniamo anche il mascarpone, la ricotta, la panna da cucina e mescoliamo con le fruste elettriche. <br>\r\n\r\n5. Ora dividiamo il composto in due metà uguali, in due ciotole diverse, e aggiungiamo la farina: 4 cucchiai per l’impasto chiaro e 2 per l’impasto scuro, aggiungendo a questo anche il cacao amaro. Mescoliamo entrambi. <br>\r\n\r\n6. Dividiamo gli albumi montati a metà e aggiungiamoli ai due impasti, mescolando delicatamente dal basso verso l’alto. <br>\r\n\r\n7. Prendiamo la base dal frigo e versiamo sopra 3 cucchiai di impasto alla volta, mettendoli al centro, alternando i colori e disponendoli uno sopra l’altro. Continuiamo fino a terminare i due impasti (che si allargheranno verso i bordi dello stampo). <br>\r\n\r\n8. Inforniamo in forno preriscaldato ventilato a 165 °C per circa 50 minuti, oppure in forno statico a 175 °C per lo stesso tempo.', 'I primi tre ingredienti sono per la base mentre i restanti per la crema. Il cacao amaro è per la crema scura.', 'https://i.postimg.cc/QdPg1Sft/Cheescake-zebrata.jpg', 7);
INSERT INTO `ricetta` (`id_ricetta`, `nome_ricetta`, `porzioni_ricetta`, `preparazione_ricetta`, `note_ricetta`, `image_path_ricetta`, `id_categoria`) VALUES
(282, 'Pizza in teglia millegusti', 8, 'I primi 7 ingredienti sono per l\'impasto. <br>\r\nI 5 ingredienti successivi sono per la pizza pomodoro e mozzarella. <br>\r\nGli altri 4 ingredienti sono per la pizza bianca con verdure. <br>\r\nGli ultimi 2 ingredienti sono per la pizza bianca con rosmarino. <br>\r\n\r\n1. In una ciotola mettiamo le farine e aggiungiamo il lievito. <br>\r\n\r\n2. Uniamo anche due cucchiaini di zucchero per attivarlo, poi diamo una bella mescolata con le mani. <br>\r\n\r\n3. Versiamo l’acqua tiepida in una ciotola capiente. <br>\r\n\r\n4. Aggiungiamo il sale e l’olio e iniziamo a mescolare con una forchetta. <br>\r\n\r\n5. Poco per volta incorporiamo le polveri, continuando a mescolare. Man mano l’impasto prenderà consistenza. <br>\r\n\r\n6. A questo punto prendiamo una spatola e giriamo l’impasto dentro la ciotola ogni 10 minuti per due o tre volte. Noteremo che via via diventerà sempre più liscio. <br>\r\n\r\n7. Copriamo l’impasto con la pellicola e lasciamolo lievitare fino al raddoppio del volume. Occorrerà circa un’ora e mezza (ma potrebbe volerci un po’ di più o un po’ di meno in base alle temperature). <br>\r\n\r\n8. Una volta lievitato l’impasto, prendiamo una teglia da forno da 35×35 cm e ungiamola con abbondante olio, distribuendolo su tutta la superficie. <br>\r\n\r\n9. Rovesciamo l’impasto nella teglia, ungiamoci le mani e allarghiamolo per bene fino a ricoprirla tutta. Poi lasciamolo lievitare ancora per circa 20 minuti. <br>\r\n\r\nUna volta trascorsa la seconda lievitazione, siamo pronti per scegliere che pizza preparare! <br>\r\n\r\nPizza pomodoro e mozzarella: <br>\r\n\r\n1. Con l’aiuto di un cucchiaio distribuiamo la passata di pomodoro su tutta la base, poi cospargiamo con un po’ di sale. La passata di pomodoro non va messa fredda di frigo ma anzi è meglio scaldarla leggermente prima di usarla. <br>\r\n\r\n2. Mettiamo in forno preriscaldato ventilato e cuociamo a 200 °C per 30 minuti. Quando mancano 5 minuti alla fine della cottura, aggiungiamo la mozzarella a pezzetti e poi finiamo di cuocere. <br>\r\n\r\n3. Sforniamo e aggiungiamo un filo d’olio e qualche foglia di basilico. <br>\r\n\r\n4. La nostra pizza in teglia pomodoro e mozzarella è pronta da gustare! <br>\r\n\r\nPizza bianca con le verdure: <br>\r\n\r\n1. Tagliamo a fettine zucchina, patata e cipolla. Per ottenere delle fette sottili e uniformi usiamo una mandolina. <br>\r\n\r\n2. Disponiamo le verdure sulla base della pizza (già condita con olio). Io ho fatto 3 strisce ciascuna di un solo tipo di verdura, ma naturalmente possiamo distribuirle come preferiamo. <br>\r\n\r\n3. Aggiungiamo il sale e inforniamo in forno ventilato a 200 °C per 30 minuti. <br>\r\n\r\n4. Sforniamo ed eccola pronta! Fragrante e bella da vedere! <br>\r\n\r\nPizza bianca con il rosmarino. <br>\r\n\r\n1. Sulla base già condita con olio cospargiamo il sale grosso e il rosmarino spezzettato. Mettiamo in forno ventilato e cuociamo sempre a 200 °C per 30 minuti. <br>\r\n\r\n2. Ed eccola pronta, dorata e profumatissima! <br>\r\n\r\n3. Questa pizza è già ottima così, ma se la tagliamo e la farciamo con un bel po’ di mortadella diventa la fine del mondo! <br>\r\n\r\nQualche consiglio in più. <br>\r\n\r\nQuesta pizza soffice in teglia è deliziosa mangiata calda appena sfornata, naturalmente, ma vi assicuro che è buonissima anche a temperatura ambiente. Si mantiene benissimo anche il giorno dopo e quello dopo ancora, proprio grazie alla sua morbidezza. <br>\r\n\r\nSe vogliamo scaldarla, possiamo farlo nel forno, nel microonde o, se l’abbiamo, nella friggitrice ad aria. Bastano un paio di minuti per farla tornare super fragrante. Se invece la lasciamo qualche minuto in più, risulterà “biscottata” e sarà ancora più irresistibile, vedrete! <br>\r\n\r\nQuesto tipo di pizza è perfetta per una cena tra amici, per la pausa ricreazione o la merenda dei bambini, o per una festa di compleanno. Ma è l’ideale anche per un bell’aperitivo all’aperto con gli amici: possiamo prepararla con diverse farciture e tagliarla a quadrotti servendola in un bel tagliere. Andrà a ruba e faremo un figurone!\r\n', 'Avete presente quei bei tranci di pizza, alti e sofficissimi, che si trovavano spesso nei forni di una volta e che mangiavamo da ragazzini? Be’, credo proprio di aver trovato la ricetta giusta per preparali in casa! La mia pizza in teglia millegusti è semplice e veloce e per realizzare l’impasto ci occorrerà solo una ciotola bella capiente e una forchetta. Non dovremo faticare impastando a lungo e una volta sfornata avremo una pizza fragrante, sofficissima e da leccarsi i baffi! <br>\r\n\r\nPrepareremo insieme una pizza alta e soffice da condire e farcire come più ci piace: con la stessa base, infatti, possiamo realizzare mille pizze diverse cambiando solo la farcitura: bianca, rossa, con verdure, con salumi… insomma, possiamo sbizzarrirci con la fantasia! <br>\r\n\r\nCome detto, preparare l’impasto è davvero semplicissimo e ci costerà poco tempo e poca fatica. La prima cosa da fare è mescolare la farina (ci serviranno 800 grammi di farina in tutto, di cui metà 00 e metà manitoba) con il lievito di birra disidratato e con due cucchiaini di zucchero che ne permettono l’attivazione. <br>\r\n\r\nDopodiché versiamo l’acqua tiepida nella ciotola grande che conterrà l’impasto, aggiungiamo il sale e l’olio e iniziamo a sbattere con una forchetta. Poco per volta, cominciamo a versare la farina e la incorporiamo ai liquidi mescolando. Man mano l’impasto acquisterà consistenza, ed è a questo punto che dovremo girarlo nella ciotola aiutandoci con una spatola. Facciamolo per due o tre volte a intervalli di una decina di minuti. Questa operazione semplicissima serve a fargli prendere forza e a dargli struttura. In questo modo lieviterà perfettamente e la nostra pizza, una volta sfornata, risulterà bella alta e soffice! <br>\r\n\r\nDopo averlo rigirato con la spatola, l’impasto sarà più liscio e omogeneo. A questo punto copriamolo con pellicola e lasciamolo lievitare fino al raddoppio del suo volume. Ci vorrà un’ora e mezzo circa, ma molto dipende dalla temperatura che c’è in casa. Se siamo in inverno e fa freddo, mettiamolo a lievitare nel forno con la lucina accesa. <br>\r\nTrascorsa la prima lievitazione, ungiamo bene una teglia (io vi consiglio di usarne una quadrata da 35×35 cm, ma anche la placca del forno andrà bene) e sistemiamoci sopra l’impasto, allargandolo con le mani unte, così non si appiccicherà. A questo punto lasciamolo lievitare ancora per circa 20 minuti e poi la nostra pizza in teglia soffice sarà pronta da condire e infornare! <br>\r\n\r\nUn solo impasto per mille pizze diverse\r\nCon questa base possiamo preparare tantissimi tipi di pizze diverse: insieme vedremo come farne una classica margherita con pomodoro, mozzarella e basilico, poi una pizza bianca con verdure e infine una semplicissima quanto irresistibile pizza bianca con il rosmarino!\r\n\r\nMa in questi giorni ne ho provate tante altre: con olive, con pomodorini, con prosciutto e funghi, con peperoni, con salsiccia, con carciofini… una più appetitosa dell’altra! È davvero buonissima in ogni versione e il limite è solo la nostra fantasia. <br>\r\n\r\n\r\n', 'https://i.postimg.cc/RFqGyBmL/Pizza-in-teglia-millegusti.jpg', 5),
(283, 'Insalata di patate e tonno', 4, '1. Facciamo bollire le patate e lasciamo raffreddare. Poi puliamole e tagliamole a pezzetti in una ciotola. <br>\r\n\r\n \r\n\r\n2. Aggiungiamo il tonno spezzettato. Se usiamo il tonno in scatola eliminiamo parte dell’olio prima di aggiungerlo all’insalata. <br>\r\n\r\n3. Puliamo e tagliamo a fettine sottili il cetriolo. <br>\r\n\r\n4. Tritiamo finemente, o spezzettiamo con le mani, un ciuffo di prezzemolo. Condiamo a piacere con un po’ di sale, olio extravergine di oliva e aceto e mescoliamo tutti gli ingredienti. <br>\r\n\r\n5. Lasciamo insaporire per qualche minuto prima di servire.', 'Ottima come contorno per piatti di carne o di pesce o come piatto unico, è un’insalata davvero gustosa e perfetta per la bella stagione. <br>\r\n\r\nVediamo insieme come preparare in un battibaleno l’insalata di patate e tonno, una ricetta facile per una gustosa insalata fredda estiva. Adatta da servire come contorno per piatti di carne o di pesce, l’insalata di patate e tonno può essere anche un ottimo piatto unico per una cena veloce, da preparare qualche ora in anticipo e tenere in frigo fino a pochi minuti prima di gustarla.\r\n\r\nLe insalate estive sono semplici da preparare e ci permettono di risparmiare tempo in cucina perché si possono fare in anticipo. <br>\r\n\r\nPer la preparazione possiamo usare il tonno in scatola sgocciolato oppure il tonno al naturale. Inoltre, se vogliamo arricchirla possiamo aggiungere le uova sode oppure la maionese o una salsa allo yogurt. Che ne dite, la prepariamo insieme? Vediamo subito come fare!', 'https://i.postimg.cc/RFf4c2YX/Insalata-di-patate-e-tonno.jpg', 4),
(284, 'Muffin allo yogurt', 12, '1. In una ciotola montiamo le uova con le fruste elettriche: dobbiamo ottenere un composto spumoso e chiaro. Aggiungiamo lo zucchero e continuiamo a montare. <br>\r\n\r\n2. Uniamo l’olio di semi e lo yogurt, mescolando sempre con le fruste elettriche. Infine aggiungiamo la farina, la fialetta di Aroma Vaniglia Paneangeli e la bustina di lievito Pane degli Angeli. Mescoliamo bene il nostro impasto perché anche le polveri si integrino perfettamente. <br>\r\n\r\n3. Prendiamo uno stampo da muffin con 12 pirottini di carta. Versiamo il nostro impasto in 9 pirottini e alla parte restante uniamo il cacao amaro per una versione al cioccolato. Versiamo anche questo impasto nei ultimi pirottini. <br>\r\n\r\n4. Decoriamo ogni fila di muffin con le gocce di cioccolato. <br<\r\n\r\n5. Inforniamo a 180 gradi in forno ventilato per circa 20 minuti, oppure in forno statico a 190 gradi per lo stesso tempo. Una volta cotti, lasciamoli raffreddare prima di estrarli dallo stampo. <br>\r\n\r\nSi conservano per 4-5 giorni ben chiusi in un sacchetto per alimenti.', 'Consigli <br>\r\nIo ho usato gocce di cioccolata ma diamo spazio alla fantasia, possiamo usare anche lamponi, crema di nocciole, pistacchio, gocce di cioccolata bianca, gocce di cioccolato al caramello, marmellata, cacao amaro e mirtilli. <br>\r\n\r\nHo montato le uova con le fruste: questo passaggio renderà il nostro impasto super spumoso e soffice, ma se andiamo di fretta possiamo anche solo mescolare gli ingredienti con una forchetta, verranno benissimo lo stesso.<br>\r\n\r\nA piacere possiamo aromatizzare l’impasto con vaniglia, scorza di limone, arancia, rum o quello che più ci piace.', 'https://i.postimg.cc/1308hCrg/Muffin-allo-yogurt.jpg', 7),
(285, 'Cinnamon rolls', 12, 'Una versione facile, veloce e altrettanto golosa delle tradizionali girelle alla cannella, perfette per la colazione, per una pausa caffè o anche come dolcetto di fine pasto. <br>\r\n\r\n\r\n1. Prepariamo l’impasto: in una ciotola versiamo il latte e l’olio. <br>\r\n\r\n2. Aggiungiamo lo zucchero e il lievito quindi iniziamo a mescolare con una forchetta. <br>\r\n\r\n3. A questo punto uniamo la farina poca alla volta e continuiamo a mescolare con la forchetta e poi, quando l’impasto diventa consistente, proseguiamo con le mani. <br>\r\n\r\n4. Trasferiamo l’impasto sul piano infarinato e continuiamo a lavorarlo con le mani fino a ottenere un panetto liscio, omogeneo e non appiccicoso. <br>\r\n\r\n5. Stendiamo l’impasto con il mattarello fino a ottenere un rettangolo dello spessore di circa mezzo cm. Ed ecco pronta la nostra base. <br>\r\n\r\n6. Passiamo alla farcitura: in una ciotola mescoliamo lo zucchero di canna con la cannella in polvere. <br>\r\n\r\n7. Spennelliamo con il burro fuso metà della superficie dell’impasto. <br>\r\n\r\n8. Cospargiamola con il mix di zucchero e cannella. <br>\r\n\r\n9. Ora copriamo la parte farcita con l’altra metà dell’impasto, poi spennelliamo la superficie con il burro fuso e spolverizziamo nuovamente con il mix di zucchero e cannella. <br>\r\n\r\n10. Arrotoliamo bene l’impasto su sé stesso, rifiliamo le estremità e suddividiamolo in 12 parti uguali. <br>\r\n\r\n11. Inseriamo i cinnamon rolls in dei pirottini di carta forno e cuocere a 170 °C per circa 20 minuti. \r\n\r\n', 'Possiamo conservare i nostri cinnamon rolls in friggitrice ad aria per un paio di giorni a temperatura ambiente, ben coperti da pellicola o in un sacchetto per alimenti. Oppure possiamo anche congelarli, poi toglierli dal freezer la sera prima e scaldarli in friggitrice ad aria o nel microonde per pochi secondi prima di gustarli.', 'https://i.postimg.cc/MHGJpY4m/Cinnamon-rolls.jpg', 7),
(286, 'Zucchine ripiene di tonno', 4, '1. Sciacqua le zucchine, quindi elimina le due estremità. <br>\r\n\r\n2. Dividi a metà le zucchine per il senso della lunghezza. <br>\r\n\r\n3. Immergile in acqua bollente leggermente salata e sbollentale per circa 5 minuti. <br>\r\n\r\n4. Trascorso il tempo necessario, scolale. <br>\r\n\r\n5. Intaglia la polpa con la punta di un coltello, poi prelevala con un cucchiaio facendo attenzione a non intaccare la parte esterna. <br>\r\n\r\n6. Metti da parte i gusci delle zucchine, quindi sminuzza la polpa con la lama di un coltello. <br>\r\n\r\n7. Sbriciola la mollica di pane raffermo in una ciotola. <br>\r\n\r\n8. Versa un goccino di acqua e lascia reidratare la mollica per circa 5 minuti. <br>\r\n\r\n9. Raccogli in una ciotola capiente la polpa delle zucchine, la mollica di pane ammollata e ben strizzata, poi aggiungi anche il tonno scolato dall\'olio di conservazione e sminuzzato. <br>\r\n\r\n10. Sbatti un uovo e versalo nella ciotola con gli altri ingredienti. <br>\r\n\r\n11. Mescola accuratamente con un cucchiaio così da amalgamare il ripieno. <br>\r\n\r\n12. Sistema le zucchine su una teglia foderata di carta forno. <br>\r\n\r\n13. Farcisci tutti i gusci con qualche cucchiaio di composto al tonno. <br>\r\n\r\n14. Spolverizza la superficie di abbondante pangrattato. <br>\r\n\r\n15. Distribuisci un filo generoso di olio extravergine di oliva su ogni zucchina e cuocile in forno statico preriscaldato a 200 °C per 15-20 minuti. <br>\r\n\r\n16. Sforna le zucchine quando saranno ben gratinate e dorate in superficie. \r\n\r\n', '', 'https://i.postimg.cc/7P0yqm6D/Zucchine-ripiene-di-tonno.jpg', 3),
(287, 'Torta salata con rose di verdure (zucchine e carote)', 6, '1. In una terrina inserite la farina, il sale, il lievito, l\'olio e l\'acqua; mescolate con un cucchiaio fino ad avere un impasto morbido e ben amalgamato. Imburrate e infarinate una teglia da 28 e stendete con le mani l\'impasto. <br>\r\n\r\n2. In una ciotola amalgamate la ricotta con l\'uovo, i formaggi grattugiati, un pizzico di sale e pepe. Farcite la crostata con il ripieno. <br>\r\n\r\n3. Pulite le carote e le zucchine e affettatele sottilissime per il senso della lunghezza usando una mandolina o un pelapatate; per ammorbidire le fette di zucchine e carote potete cuocerle per 1 minuto a massima potenza nel microonde. Arrotolate la prima fetta di verdura su se stessa, girate intorno un\'altra fetta e continuate così fino a formare un bocciolo, affondate man mano le rose nella crema di ricotta alternando i colori. Spennellate con olio extra vergine di oliva, salate e infornate. Forno preriscaldato, funzione ventilato 190° per 50-55 minuti. Coprite con alluminio se vedete che le verdure si colorano troppo. Servite tiepida.', 'Potete prepararla in anticipo e cuocerla poco prima di servirla, è buona anche fredda.\r\n', 'https://i.postimg.cc/FRVn8vw1/20240430-190347.jpg', 3),
(288, 'Torta salata agli asparagi', 6, '1. Lava gli asparagi sotto l\'acqua corrente fredda e, con l\'aiuto di un coltello, elimina la parte finale più dura e legnosa. <br>\r\n\r\n2. Taglia gli asparagi nel senso della lunghezza e dividili a metà. <br>\r\n\r\n3. Immergili in una casseruola con abbondante acqua fredda e lasciali cuocere per una decina di minuti a partire dal bollore. Al termine, scolali e lasciali intiepidire. <br>\r\n\r\n4. Una volta tiepidi, taglia la metà degli asparagi a rondelle e lascia intera la metà rimanente. <br>\r\n\r\n5. Raccogli in una ciotola la ricotta ben scolata dal siero. <br>\r\n\r\n6. Unisci gli asparagi tagliati a rondelle. <br>\r\n\r\n7. Aggiungi l\'uovo. <br>\r\n\r\n8. Versa il parmigiano grattugiato. <br>\r\n\r\n9. Aggiusta di sale. <br>\r\n\r\n10. Profuma con una macinata di pepe. <br>\r\n\r\n11. Amalgama bene tutti gli ingredienti mescolando con un cucchiaio fino a ottenere un composto cremoso e omogeneo. <br>\r\n\r\n12. Rivesti uno stampo da 22 cm di diametro con un foglio di carta forno e foderala con il rotolo di pasta sfoglia. Quindi bucherella la superficie con i rebbi di una forchetta. <br>\r\n\r\n13. Versa il ripieno nel guscio di sfoglia e livella bene la superficie con il dorso di un cucchiaio. <br>\r\n\r\n14. Sistema sul ripieno gli asparagi interi tenuti da parte; disponili a spirale partendo dal centro della torta e lasciando 1 cm di spazio dal bordo. <br>\r\n\r\n15. Sigilla bene i bordi richiudendoli sul ripieno 15 e lascia cuocere in forno a 180 °C, in modalità ventilata, per circa 25 minuti. <br>\r\n\r\n16. Trascorso il tempo di cottura, sforna la torta e lasciala intiepidire; quindi sformala, porta in tavola e servi.\r\n\r\n', '', 'https://i.postimg.cc/5NdJQ5Mm/Torta-salata-agli-asparagi.jpg', 3),
(289, 'Sfogliatine dolci con crema e mirtilli', 6, '1. Come prima cosa accendete il forno ventilato a 200°. <br>\n\n2. Prendete il  vostro rotolo di pasta sfoglia e tagliatelo in quadrati uguali di 7cm x 7cm circa. <br>\n\n\n\n3. Lasciate sei di questi interi e vi serviranno come basi. <br>\n\n4. Praticate sugli altri un foro rotondo con un tagliabiscotti o con una bocchetta liscia per sac a poche. <br>\n\n5. Spolverizzate con zucchero a velo e infornate per 15/20 minuti. <br>\n\n6. Dopo qualche minuto quando le basi iniziano a gonfiarsi bucherellatele con uno stuzzicadenti o con una forchetta. <br>\n\nNel frattempo preparate la crema: <br>\n\n1. Mescolate con una frusta  il tuorlo con lo zucchero in un pentolino, aggiungete la farina e mescolate ancora. <br>\n\n2. Unite il latte sempre mescolando un pizzico di sale e della scorza di limone intera. <br>\n\n3. Mettete sul fuoco e senza smettere di mescolare portate a bollore e continuate a cuocere per un paio di minuti. <br>\n\n4. Lasciate raffreddare la crema prima di riempire le sfogliatine aiutandovi con una sacca da pasticceria. <br>\n\n5. Decorate con i mirtilli lavati e asciugati. <br>\n\n6. Tagliatele dei piccoli spicchi da una fetta di limone e inseriteli nei dolcetti. <br>\n\n7. Spolverizzate con abbondante zucchero a velo prima di sistemare i dolcetti su una vassoio o su un’alzatina.', '', 'https://i.postimg.cc/mkM2jN34/Sfogliatine-dolci-con-crema-e-mirtilli.jpg', 7),
(291, 'Muffin allo yogurt greco', 12, '1. All’interno di una ciotola inserite le uova e lo zucchero. Mescolate con lo sbattitore elettrico fino ad ottenere un composto chiaro e spumoso. Ci vorranno circa tre minuti. <br>\r\n\r\n2. Aggiungete lo yogurt greco e mescolate. <br>\r\n\r\n3. Aggiungete e incorporate anche l’olio di semi. <br>\r\n\r\n4. Infine aggiungete la farina e il lievito. Mescolate bene il tutto stando attenti a non creare grumi. <br>\r\n\r\n5. Aggiungete l’impasto nei pirottini di carta, riempiteli per 2/3. <br>\r\n\r\n\r\n\r\n6. Infornate in forno caldo, statico a 180°. Lasciate cuocere per circa 20-25 minuti. Fate sempre la prova stecchino per verificare la cottura, ma mi raccomando non prolungate troppo la cottura altrimenti i muffin allo yogurt greco tenderanno ad indurire. <br>\r\n\r\n7. Una volta cotti, sfornate, lasciate raffreddare e se gradite spolverizzate con lo zucchero a velo. \r\n\r\n', 'Mi raccomando per questa ricetta non sostituite assolutamente lo yogurt greco.', 'https://i.postimg.cc/76D6bKfj/Muffin-allo-yogurt-greco.jpg', 7),
(292, 'Torta di patate farcita ♥ rospetto ♥', 5, '1. Lavate bene le patate con la buccia e mettetele in acqua fredda accendete il fuoco e fatele cuocere fino a che risulteranno morbide punzecchiandole con una forchetta. <br>\r\n\r\n2. Schiacciate le patate mentre sono ancora calde con lo schiacciapatate e mettetele in una ciotola insieme alle uova, il parmigiano grattugiato, un pizzico di sale e mescolate bene con un cucchiaio in modo da amalgamare il composto. <br>\r\n\r\n3. Prendete una teglia e rivestitela con carta forno. <br>\r\n\r\n4. Mettete metà dell’impasto di patate sulla base della tortiera e livellatelo bene mettete sopra allo strato di patate e prosciutto cotto e il formaggio a fette lasciando 1 cm dal perimetro. <br>\r\n\r\n5. Coprite prosciutto e formaggio con il restante composto di patate e compattatolo bene con le mani inumidite. <br>\r\n\r\n6. Cospargete tutta la superficie della torta di patate farcita con parmigiano grattugiato e pangrattato. <br>\r\n\r\n7. Fate un giro abbondante di olio extravergine di oliva e cuocete la torta di patate farcita in forno preriscaldato ventilato a 200° per circa 30 minuti. <br>\r\n\r\n8. Per gli ultimi cinque minuti mettete il grill e lasciate la superficie gratinare.', 'Se volete potete aggiungere erbe romantiche al composto di patate. <br>\r\n\r\nPotete sostituire prosciutto e formaggio con gli ingredienti che preferite anche con zucchine passate in padella oppure bollite o altri tipi di formaggi. <br>\r\n\r\nSe non volete mettere la carta forno potete imburrare abbondantemente la tortiera.', 'https://i.postimg.cc/Qt5dvyK6/222222222222.jpg', 3),
(293, 'Christmas decorated chocolate', 0, '1. Metti diverse barrette di cioccolato sulla teglia, alternando i colori. <br>\r\n\r\n2. Falle sciogliere in forno a 50°C per 10 minuti. <br>\r\n\r\n3. Usa uno spiedino per creare delle forme astratte. <br>\r\n\r\n4. Cospargi le decorazioni sul cioccolato e fallo solidificare per un\'ora. <br>\r\n\r\n5. Rompi il cioccolato a pezzi e mettilo in dei sacchetti regalo.\r\n\r\n', 'Conservazione: <br>\r\n\r\nIl cioccolato decorato, se tenuto in frigo, può rimanere intatto a lungo, anche più di una settimana.\r\n\r\n', 'https://i.postimg.cc/7hN9nDD0/11111111111.jpg', 13),
(294, 'Stella di tramezzini', 6, 'Tramezzini con prosciutto cotto <br>\r\n1. Partiamo dai tramezzini con prosciutto cotto: spalmiamo il formaggio su due fette di pane e appoggiamo sopra le fette di prosciutto cotto. <br>\r\n2. Chiudiamo con le altre fette di pane e poi tagliamole per ricavare 8 spicchi, e teniamoli da parte. <br>\r\n\r\nTramezzini con zucchine grigliate <br>\r\n1. Proseguiamo con i tramezzini con zucchine grigliate: spalmiamo il formaggio su due fette di pane, poggiamo sopra le fette di zucchine grigliate. <br>\r\n2. Chiudiamo con le altre fette di pane e tagliamo i tramezzini per ricavare 8 spicchi. <br>\r\n\r\nTramezzini con salmone affumicato <br>\r\n1. Prepariamo ora i tramezzini con salmone affumicato: anche qui spalmiamo il formaggio su due delle fette di pane e appoggiamo sopra le fette di salmone, poi chiudiamo con le altre due fette di pane, e infine tagliamo per ottenere 8 spicchi di tramezzini. <br>\r\n\r\nTramezzini tonno e maionese <br>\r\n1. Infine facciamo i tramezzini tonno e maionese: per prima cosa, in una ciotola mescoliamo il tonno ben sgocciolato con la maionese. <br>\r\n2. Spalmiamo la salsa ottenuta su due fette di pane. <br>\r\n3. Chiudiamo con le altre fette e tagliamo per ricavare 8 spicchi. <br>\r\n\r\nAssembliamo la stella di tramezzini <br>\r\n1. Ora assembliamo e decoriamo la nostra stella: prendiamo un piatto da portata e prima creiamo al centro un quadrato di spicchi. <br>\r\n2. Poi posizioniamo le varie punte e infine facciamo sopra un altro strato identico al primo. <br>\r\n3. Per decorare, mettiamo un pomodorino e una fogliolina di basilico in degli stecchini e infilziamoli nelle pile di tramezzini. \r\n\r\n \r\n\r\n', 'Per dei tramezzini di Natale con i fiocchi il limite è solo la fantasia! Personalizziamo la farcitura a piacere e usiamo tutti gli ingredienti che vogliamo. Al posto del formaggio spalmabile, si può usare robiola o stracchino, che hanno un sapore più delicato. Se invece cerchiamo un gusto più intenso, possiamo aromatizzarlo in tanti modi adattandolo alla farcitura, abbinando spezie ed erbe. <br>\r\n\r\nPer conservare i tramezzini al meglio consiglio di tenerli in frigo coperti da un tovagliolo umido, così il pane  non si seccherà e i nostri stuzzichini si manterranno umidi e sfiziosi.\r\n\r\n', 'https://i.postimg.cc/SxnTdxq6/8888888888888888888888888888888.jpg', 1),
(296, 'Alberelli di Natale', 6, '1. In una ciotola schiacciamo la ricotta con una forchetta per ammorbidirla. Quindi uniamo un cucchiaio di pesto per formare una crema. <br>\r\n\r\n2. Spalmiamo metà della crema al pesto su una fetta di pane per tramezzini. Sovrapponiamo l’altra fetta di pane e spalmiamo l’altra metà sulla superficie. <br>\r\n\r\n3. Tagliamo il pane a fette formando dei triangoli per creare la forma ad alberello. Alla base di ogni alberello inseriamo delicatamente un salatino. Quindi aggiungiamo le decorazioni. Uno lo prepariamo con la granella di pistacchio, un altro con pomodorini a pezzetti, uno con le olive a rondelle e l’ultimo con i chicchi di mais. <br>\r\n\r\n4. Ecco pronti i nostri alberelli di Natale, simpatici e colorati!', 'Alberelli di Natale di Pancarrè <br>\r\n\r\nGli Alberelli di Natale sono tramezzini preparati con il pancarrè e sono antipasti di Natale semplicissimi da fare! <br>\r\n\r\nSono una alternativa validissima, e soprattutto più veloce, rispetto al panettone gastronomico. Gli alberelli infatti sono realizzati con il pane per tramezzini e con i salatini, sono facilissimi da preparare e si farciscono come preferiamo. <br>\r\n\r\nCome farcia useremo ricotta e pesto di basilico, ma possiamo farcirli anche la mousse di salmone oppure di tonno. Infine, possiamo prepararli in anticipo e lasciarli in frigo fino al momento di servirli.', 'https://i.postimg.cc/9MnLWMht/Alberelli-di-Natale.jpg', 1),
(297, 'Tigelle', 20, '1. In una ciotola uniamo la farina con il lievito sciolto nell’acqua, lo zucchero, l’acqua frizzante, diamo qualche mescolata e poi versiamo anche il latte. <br>\r\n\r\n2. Mescoliamo e quando il composto avrà assorbito i liquidi aggiungiamo anche l\' olio e il sale. <br>\r\n\r\n3. Una volta amalgamato grossolanamente con il cucchiaio, spostiamo l’impasto su un piano da lavoro infarinato e impastiamo a mano finché non risulta omogeneo. <br>\r\n\r\n4. Formiamo la classica palla, lasciamola riposare per un’ora circa coperta da un canovaccio pulito e poi ricaviamo 20 palline, tutte dello stesso peso. <br>\r\n\r\n5. Dopo aver fatto riposare le palline per 30 minuti, sempre sotto un canovaccio, diamo forma alle tigelle. Schiacciamo le palline leggermente con la mano e lasciamole riposare ancora una volta per 30 minuti. <br>\r\n\r\n6. Trascorso il tempo di riposo possiamo cuocere le tigelle. Ungiamo con poco olio d’oliva una padella piatta o una piastra, scaldiamola e cuociamo a fiamma medio-bassa le tigelle, tre o quattro alla volta, girandole una sola volta con l’aiuto di una spatola. Ci vorranno circa 3 minuti a tigella. <br>\r\n\r\n7. Serviamole tiepide accompagnate da lardo, pesto, salumi o formaggi a piacere.\r\n\r\n', 'Come si mangiano le tigelle? Si aprono a metà con un coltello e si farciscono con quello che ci piace di più! Salumi e formaggi, magari accompagnati da confetture e creme spalmabili, sono una scelta classica. Se abbiamo ospiti vegetariani possiamo servirle con verdure grigliate e formaggi cremosi.', 'https://i.postimg.cc/ydk81ywJ/Tigelle.jpg', 1),
(298, 'Petto di pollo (marinatura per renderlo morbido)', 0, 'RENDERE LA COTOLETTA DI POLLO MORBIDA è molto semplice. <br>\r\n\r\n1. Sistemate le fette di petto di pollo in una ciotola e copritele con del latte. <br>\r\n\r\n2. Potete utilizzare qualsiasi tipo di latte: intero, scremato, parzialmente scremato, fresco, senza lattosio… <br>\r\n\r\n3. Dopo insaporite il tutto con un pizzico di sale, di pepe nero e un’aroma a piacere: rosmarino, miscela per arrosto già pronto, scorza di limone… <br>\r\n\r\n4. Coprite la ciotola con della pellicola trasparente e trasferitela in frigorifero. Fate marinare la carne per almeno un’ora. Se avete tempo a disposizione, potete farla marinare dalla mattina per preparare le cotolette di pollo la sera. Saranno ancora più tenere. <br>\r\n\r\n5. Trascorso il tempo di risposo, riprendete le fette di pollo e scolatele velocemente dal liquido di marinatura. <br>\r\n\r\n6. A questo punto potete panarle direttamente con del pangrattato aromatizzato, senza utilizzare l’uovo. <br> \r\nLa panatura resterà ugualmente attaccata alla carne. In questo caso, cuocete le cotolette di pollo al forno ( con un filo di olio di oliva) a 180° per 15/20 minuti oppure sulla bistecchiera.', '', 'https://i.postimg.cc/CKTn5Xw3/Impaginazione-ricette.jpg', 3),
(299, 'Girelle di sfoglia alla pizzaiola', 4, '1. Per iniziare la preparazione delle girelle di sfoglia alla pizzaiola dovete partire dalla realizzazione del condimento. Come prima cosa prendete una padella antiaderente ben capiente e mettete a scaldare dell’olio extravergine d’oliva e fate soffriggere uno spicchio d’aglio lasciandolo intero. <br>\r\n\r\n2. Quando l’aglio inizierà a diventare dorato aggiungete la passata di pomodoro, aggiustate di sale e pepe e condite con dell’origano. Fate proseguire la cottura per qualche minuto giusto il tempo che la passata si rapprenda e spegnete la fiamma. Dedicatevi a questo punto alla mozzarella, che dovrà essere tritata molto finemente così da ridurla in cubetti piccolissimi. <br>\r\n\r\n3. Fatto questo tutti gli ingredienti sono pronti per passare alla realizzazione delle vostre girelle di sfoglia. Prendete la pasta sfoglia ed apritela sul piano di lavoro. Per questa preparazione sarà ben utilizzare una pasta sfoglia rettangolare così da non sciuparne delle parti ed avere un risultato perfetto. <br>\r\n\r\n4. Disponete su tutta la superficie della vostra pasta sfoglia il condimento precedentemente preparato de i cubetti di mozzarella, distribuendoli in maniera uniforme. Aggiungete un filo di olio extravergine d’oliva ed arrotolate la vostra pasta sfoglia dal lato più lungo. Quando avrete ottenuto un rotolo dovrete avvolgerlo alla pellicola trasparente o nella carta forno e mettere in frigorifero a compattarsi per circa mezz’ora. In questo modo realizzare le fette risulterà più semplice. Per agevolare ancora di più in questa operazione potete mettere il vostro rotolo direttamente in freezer per circa mezz’ora. <br>\r\n\r\n5. Prendete di nuovo il vostro rotolo e tagliatelo in fette di circa 2 cm di spessore. Le fette così ottenute andranno disposte su una teglia precedentemente coperta con carta da forno con il condimento rivolto verso l’alto. Disponete tutte le girelle di sfoglia alla pizzaiola così ottenuta distanziandole tra loro di qualche centimetro perché aumenteranno di volume durante la cottura e cospargete con dell’altro olio extravergine d’oliva. <br>\r\n\r\n6. Le girelle di sfoglia alla pizzaiola sono quindi pronte per essere messe in forno preriscaldato a 180°C per circa 10 minuti o fino a quando saranno dorate e cotte. Una volta pronte andranno servite ben calde a temperatura ambiente.', 'Le girelle di sfoglia alla pizzaiola si conservano per al massimo un paio di giorni in un contenitore ermetico. <br>\r\n\r\nPotete arricchire ancora di più il vostro sugo aggiungendo delle acciughe. Queste dovranno essere aggiunte insieme all\'olio ed all\'aglio in padella e successivamente si potrà proseguire la preparazione aggiungendo la passata di pomodoro. Per un sapore ancora più intenso potete sostituire la mozzarella con un formaggio a pasta filata. È ideale utilizzare la mozzarella per pizza che contiene un quantitativo di liquidi minore e che quindi non bagnerà troppo la vostra sfoglia garantendo un risultato perfetto.', 'https://i.postimg.cc/GhcS43LC/Girelle-di-sfoglia-alla-pizzaiola.jpg', 1),
(300, 'Torta ricotta e cioccolato', 8, '1. Mescoliamo con le fruste elettriche le uova e lo zucchero per qualche minuto, fino a ottenere un composto alto, biancastro e spumoso. <br>\r\n\r\n2. Incorporiamo la fecola di patate e la vanillina mescolando a velocità moderata, fino a completo assorbimento. <br>\r\n\r\n3. Versiamo e amalgamiamo la ricotta. <br>\r\n\r\n4. Aggiungiamo le gocce di cioccolato e distribuiamole uniformemente nel composto con le fruste elettriche. <br>\r\n\r\n5. Versiamo il composto all’interno di una tortiera del diametro di 23 centimetri, foderata con carta forno. Cuociamo in forno preriscaldato ventilato a 170° C per circa 50 minuti. <br>\r\n\r\n6. Sforniamo, lasciamo intiepidire e poi gustiamo la nostra deliziosa torta ricotta e cioccolato!\r\n\r\n\r\n\r\n', 'La torta di ricotta e cioccolato si può preparare anche usando l’amido di mais al posto della fecola di patate, la dose da usare è la stessa. <br>\r\n\r\nÈ bene tenere sotto controllo il dolce alla ricotta durante la cottura: se la superficie dovesse scurirsi troppo, ricopriamola con carta di alluminio. <br>\r\n\r\nLa torta con ricotta e cioccolato andrà a ruba presto, ma se ce ne rimane possiamo conservarla a temperatura ambiente, coperta con la pellicola per alimenti. Si mantiene ottima per circa tre giorni, ma se fa caldo è bene conservarla in frigo.', 'https://i.postimg.cc/Z5Vrw3yf/Impaginazione-ricette.jpg', 7),
(301, 'Torta salata zucchine e ricotta', 4, '1. Prendiamo una teglia da 24-26 cm e sistemiamo all’interno la pasta sfoglia. Lasciamo i bordi abbastanza alti. Uniamo anche la ricotta e stendiamola bene su tutta la sfoglia. <br>\r\n\r\n2. A questo punto uniamo le zucchine tagliate alla julienne e condite con olio d’oliva, sale ed erba cipollina. Possiamo usare anche pepe, peperoncino o origano. <br>\r\n\r\n3. Abbassiamo e pieghiamo i bordi verso l’interno formando un cordoncino. <br>\r\n\r\n4. Cuociamo in forno ventilato a 180 gradi per 25-30 minuti oppure in forno statico a 190 gradi per lo stesso tempo. <br>\r\n\r\n5. Una volta pronta, possiamo portarla in tavola sia calda che fredda. È buonissima anche il giorno dopo.\r\n\r\n\r\n\r\n', 'Torta salata zucchine e ricotta, una torta salata vegetariana salvacena che si prepara con pochi ingredienti. Perfetta per quando abbiamo ospiti all’improvviso o vogliamo preparare una cena veloce. <br>\r\n\r\nPossiamo realizzarla in anticipo e mangiarla sia fredda che leggermente riscaldata. Questa torta rustica di zucchine si prepara con una base di pasta sfoglia o pasta brisé e un gustoso ripieno di ricotta e zucchine tagliate alla julienne. <br>\r\n\r\nPossiamo arricchirla con le spezie che più ci piacciono: per esempio l’erba cipollina, il pepe, il peperoncino o l’origano. Vediamo subito insieme come realizzarla! <br>', 'https://i.postimg.cc/5ywqxRKg/Torta-ricotta-e-zucchine.jpg', 3),
(303, 'Uova di quaglia: come cucinarle', 0, 'Qual è la cottura giusta? <br>\r\nDalle uova sode alle zuppe e minestre fino alla carbonara e le preparazioni a base di uova come la pasta fresca: come cucinare le uova di quaglia segue la falsariga delle preparazioni a base delle uova di gallina (in proporzione di 5 a 1). <br>\r\n\r\nLe uova di quaglia possono essere consumate anche a crudo, in un ottimo zabaione da gustare al cucchiaio o una golosa crema al mascarpone con cui farcire tantissime torte per tutte le occasioni. Per quanto riguarda il sapore, invece, troverete le uova più gustose e allo stesso tempo delicate. <br>\r\n\r\nSe decidete di cuocere le uova di quaglia dovreste avere già un\'idea precisa della pietanza che intendete realizzare, perché solo così riuscirete a calcolare la cottura giusta. In linea di massima, però, possiamo dire che le uova di quaglia richiedono cotture molto brevi in grado di mantenere le loro caratteristiche distintive. <br>\r\n\r\nPer esempio, se volete preparare queste uova di quaglie alla coque per colazione, dovreste tuffarle in acqua bollente per 2-3 minuti. Toglietele dall\'acqua, passatele sotto un getto di acqua corrente, asciugatele e rimuovete la parte superiore guscio picchiettando con un coltello. I bianchi saranno cotti mentre i tuorli rimarranno liquidi. <br>\r\n\r\nPer le uova di quaglia sode, invece, dovete bollirle le uova in acqua per 3-4 minuti dal momento del primo bollore. Anche in questo caso, come per le uova di gallina sode, ricordatevi di passarle in acqua fredda subito dopo per fermare la cottura. Un trucchetto che può sempre servire: se non avete calcolato bene il tempo di cottura, potete far rotolare le uova su un piano e interrompere il movimento con un dito: sono crude se tornano a muoversi. <br>\r\n\r\nPer sgusciare le uova senza difficoltà vi conviene toccare le uova su ogni lato e rotolarle una per volta tra i palmi delle mani fino a quando il guscio non si frantuma. Dopodiché prendete un pezzetto di involucro a cui è ancora attaccata la membrana e rimuovete il guscio come se fosse una spirale. <br>\r\n\r\nE ancora, se desiderate cuocere le uova di quaglia all\'occhio di bue dovreste romperle e cuocerle in padella per 2-3 minuti, giusto il tempo necessario che l\'albume si rapprenda e il tuorlo resti morbido e cremoso. Il trucco per rompere le uova di quaglia senza frantumare il guscio in tanti pezzetti è incidere il guscio a metà con un coltello dalla lama seghettata e aprirle lungo la spaccatura.\r\n\r\nValgono le stesse indicazioni anche per le piccole uova in camicia: la tecnica del vortice di acqua bollente e aceto e i tempi di cottura di 2-3 minuti delle uova di quaglia restano gli stessi delle uova di gallina in camicia.', '', 'https://i.postimg.cc/C1rNK20p/Impaginazione-ricette.jpg', 9),
(304, 'Fettine di vitello', 4, '1. Per preparare le fettine di vitello, che avrete fatto tagliare piuttosto sottili, passatele nella farina ricoprendole uniformemente. <br>\n\n2. Scrollatele leggermente per eliminare la farina in eccesso. In una larga padella fate rosolare in olio caldo uno spicchio d\'aglio in camicia e un rametto di rosmarino. <br>\n\n3. Adagiate le fettine di carne in padella e cuocetele 2-3 minuti senza muoverle troppo in modo che risultino ben rosolate e dorate. Giratele con attenzione, quindi sfumate con il vino bianco lasciandolo evaporare a fiamma vivace. <br>\n\n4. Fate evaporare bene il vino e dopo 1-2 minuti ritirate dal fuoco. Salate, completate con una macinata di pepe e servite subito le fettine di vitello.', '', 'https://i.postimg.cc/9fPpTp3z/Fettine-di-vitello.jpg', 3),
(305, 'Bevanda con Orzoro', 1, '1. Versa sul fondo del bicchiere l’Orzoro e aggiungi l\'acqua e mescola <br>\r\n2. Aggiungi lo zucchero di canna e continua a mescolare fino a farlo sciogliere, successivamente aggiungi il latte scremato <br>\r\n3. Mescola ancora e aggiungi il ghiaccio.', '', 'https://i.postimg.cc/T1R92WhF/Bevanda-con-orzoro.jpg', 12),
(306, 'Polpette di zucchine e ricotta', 9, 'Con queste dosi otterrete 9 crocchette di zucchine e ricotta, adatte per 2-3 persone. <br>\r\n\r\n1.  Grattugiate le zucchine con una grattugia a fori larghi: in tal caso consiglio di strizzarle bene perché produrranno molta acqua di vegetazione. <br>\r\n\r\n2. Mettete le zucchine in una ciotola, unite la ricotta ben sgocciolata. Mescolare i due ingredienti con un cucchiaio o una spatola.  <br>\r\n\r\n3. Aggiungete la mollica di pane che avrete sbriciolato finemente (anche in un mixer, se necessario).\r\n\r\n4. Unite anche il parmigiano grattugiato, sale e pepe. Amalgamate tutti gli ingredienti in modo da ottenere un composto morbido e non troppo molle, se necessario potete unire altra mollica di pane oppure pangrattato. <br>\r\n\r\n\r\n5. Dividete l’impasto in 9 porzioni e schiacciatele formando delle crocchette. Passatele nel pangrattato aromatizzato (vedere ricetta) e adagiatele su carta forno. <br>\r\n\r\nCOTTURA POLPETTE DI ZUCCHINE IN FORNO\r\nAdagiatele su una leccarda da forno , spruzzatele con olio di oliva e cuocetele a 200° con grill per 25-30 minuti, senza girarle ma cuocendole per metà del tempo nel ripiano in basso e metà nel ripiano in alto. <br>\r\n\r\nCOTTURA IN PADELLA\r\nSpennellate il fondo di una padella antiaderente con olio di oliva e cuocetela per 10 minuti girandole a metà cottura.', 'CONSIGLI\r\nPotete aromatizzare le crocchette di zucchine e ricotta con aromi come maggiorana, timo, prezzemolo o quelli che più preferite. Si conservano per 3-4 giorni in un contenitore ermetico in frigorifero.', 'https://i.postimg.cc/T1BFFsy9/Crocchette-di-zucchine-e-ricotta-senza-uova.jpg', 3),
(307, 'Panatura al parmigiano (per carne, pesce e verdure)', 0, 'COME FARE LA IMPANATURA SENZA UOVA <br>\r\n1. In una ciotolina mettete il pangrattato, poi aggiungete il parmigiano grattugiato, le erbe aromatiche, il sale e l’olio di oliva. <br>\r\n\r\n2. Mescolate bene tutti gli ingredienti in modo da amalgamarli perfettamente: l’olio dovrà essere ben distribuito su tutta la panatura. <br>\r\nNOTE: Le erbe aromatiche possono essere fresche o secche. Se usate quelle fresche abbiate cura di usarla al momento o nei giorni successivi. <br>\r\n\r\n3. La panatura al parmigiano è pronta per essere usata nelle vostre pietanze: per gratinare o impanare. <br>\r\n\r\nMETOFO FURBO e VELOCE <br>\r\nMettete tutti gli ingredienti in un barattolo con chiusura ermetica. Chiudete il barattolo con tappo o il coperchio e agitate velocemente per qualche secondo in modo che tutti gli ingredienti si saranno ben distribuiti. Ecco pronta la panatura in pochi secondi senza il rischio che il pangrattato voli via ovunque! ', 'COME CONSERVARE LA PANATURA SENZA UOVA <br>\r\n\r\nIn caso vogliate preparare la panatura senza uova per conservarla in frigorifero consiglio: <br>\r\n\r\n– di usare erbe aromatiche secche: in questo modo potrete tenerla per oltre una settimana in frigorifero oppure congelarla in freezer: non sarà necessario scongelarla! <br>\r\n\r\n– di non mettere olio di oliva per evitare che possa indurire. Potete aggiungere olio a filo o con un nebulizzatore direttamente sulle pietanze', 'https://i.postimg.cc/wBz0GmVn/Panatura-al-parmigiano-senza-uova-per-carne-pesce-e-verdure.jpg', 9),
(308, 'Ciambella soffice', 8, '1. In una ciotola capiente rompiamo le uova e aggiungiamo subito la buccia di limone grattugiata. Iniziamo a mescolare con le fruste elettriche. <br>\n\n2. Aggiungiamo lo zucchero continuando a mescolare, poi l’olio di semi di mais. <br>\n\n3. Sempre mescolando, aggiungiamo anche il latte e poi la farina un po’ alla volta. <br>\n\n4. Infine uniamo il Lievito Pane degli Angeli e mescoliamo bene fino a ottenere un composto liscio. <br>\n\n5. Versiamo il nostro impasto in uno stampo a ciambella da 26 cm di diametro, ben unto e infarinato. Aggiungiamo sopra la granella di zucchero.  <br>\n\n6. Inforniamo in forno preriscaldato ventilato a 170° C per circa 40 minuti oppure a 180° C, sempre per 40 minuti, in forno statico. <br>\n\n7. Una volta sfornata la nostra ciambella e dopo che si sarà leggermente intiepidita, togliamola dallo stampo e adagiamola su una alzatina.', 'Conservazione <br>\nSe lo conserviamo ben avvolto nella carta d’alluminio, anche fuori dal frigo, questo dolce mantiene la sua morbidezza e fragranza per giorni, ed è perfetto anche per la pausa spuntino a lavoro o a scuola! <br>\n\nQuesto ciambellone dalla consistenza sofficissima e che si scioglie in bocca è ideale per la colazione o la merenda di tutti i giorni, accompagnato da una bella tazza di caffellatte o di tè caldo. <br>\n\nMa può anche diventare in men che non si dica un dolce da fine pasto molto goloso: basta servirne una bella fetta su un piattino, accompagnata da qualche crema golosa. Qualche esempio? Abbiniamolo a una crema pasticcera al cacao, oppure a una golosissima crema zabaione, o magari a una profumata e delicata crema al limone.', 'https://i.postimg.cc/N0VQ9jC0/Ciambellone-soffice.jpg', 7),
(309, 'Crema pasticcera al cioccolato', 10, '1. Iniziamo versando il latte in una pentola, aggiungiamo la scorza di limone e lasciamolo riscaldare bene sul fuoco. <br>\r\n\r\n2. Prendiamo una pentola abbastanza capiente e iniziamo a rompere le uova. <br>\r\n\r\n3. A questo punto uniamo lo zucchero e la farina. <br>\r\n\r\n4. Con l’aiuto di una frusta, mescoliamo bene tutti gli ingredienti fino a ottenere un composto liscio e senza grumi. <br>\r\n\r\n5. Quando il latte è bollente, spegniamo il fuoco, togliamo la scorza di limone e uniamolo un po’ alla volta nella pentola, continuando a mescolare con la frusta. <br>\r\n\r\n6. Quando il composto è ben amalgamato portiamo la pentola sul fuoco e sempre mescolando portiamo a ebollizione fino a che la crema si sarà ben addensata. <br>\r\n\r\n7. A questo punto, spegniamo il fuoco e uniamo due cucchiai di cacao amaro, mescoliamo bene fino a quando non si sarà ben amalgamato. <br>\r\n\r\n8. La nostra crema al cioccolato è pronta per essere utilizzata!', 'Se non la utilizzate subito, copritela con la pellicola per alimenti a contatto con la crema e riponetela in frigo, durerà un paio di giorni.', 'https://i.postimg.cc/YCDr5hCq/Crema-pasticcera-al-cioccolato.jpg', 9),
(310, 'Crema allo zabaione', 4, '1. Mettiamo in una ciotola 4 tuorli e pesiamoli con la bilancia per verificare che pesino 74 grammi. In una ciotolina mettiamo 74 grammi di zucchero e infine mettiamo la stessa quantità di marsala in un bicchiere o una piccola brocca. <br>\r\n\r\n2. Versiamo ora lo zucchero sui tuorli e montiamo con le fruste elettriche fino ad avere un composto chiaro e spumoso. <br>\r\n\r\n3. Aggiungiamo metà del marsala e mescoliamo con le fruste elettriche. <br>\r\n\r\n4. Versiamo il marsala rimasto e continuiamo a montare fino ad avere un composto gonfio e chiaro. <br>\r\n\r\n5. Mettiamo un po’ di acqua in un pentolino e portiamolo sul fuoco, posizioniamo sopra la ciotola con la nostra crema e cuociamo a bagnomaria, mescolando in continuazione dal basso verso l’alto con una frusta. <br>\r\n\r\n6. Per creare una crema zabaione a regola d’arte, monitoriamo la temperatura della crema con un termometro da cucina. Lo zabaione è pronto quando raggiunge gli 84° C. Se non abbiamo il termometro, facciamo attenzione alla consistenza: deve addensarsi ma restare fluida e non “ferma”, come la crema pasticcera. <br>\r\n\r\n7. Spegniamo il fuoco, mescoliamo qualche minuto e poi serviamo la nostra deliziosa crema zabaione da sola oppure come guarnizione di qualche fetta di torta o ciò che preferiamo.\r\n\r\n\r\n\r\n', 'La crema zabaione è una preparazione base della pasticceria classica. Un dolce senza tempo che fa sempre piacere portare in tavola. Gli ingredienti dello zabaione sono solo 3 e si usano tutti nella stessa quantità: tuorli d’uovo, zucchero e marsala. <br>\r\n\r\nLa ricetta è semplicissima e si prepara in un attimo con le fruste elettriche. La cottura si fa a bagnomaria, a fuoco bassissimo e mescolando continuamente con una frusta. <br>\r\n\r\nPotrebbe sembrare una ricetta complessa, ma in realtà basta seguire poche e facili indicazioni per avere un risultato perfetto in meno di mezz’ora. Per rendere la preparazione ancora più semplice, consigliamo di usare uova freschissime e a temperatura ambiente; non fredde di frigorifero.', 'https://i.postimg.cc/rpnvyPdS/Crema-allo-zabaione.jpg', 9),
(311, 'Crema al limone', 6, '1. Per la nostra crema al limone, versiamo il latte in un pentolino, aggiungiamo una scorzetta di limone e portiamo sul fuoco. <br>\n\n2. A parte prendiamo un altro pentolino e rompiamo le uova, aggiungiamo lo zucchero e l’amido di mais. Iniziamo a mescolare con una frusta amalgamando perfettamente tutti gli ingredienti. <br>\n\n3. Quando il latte è bollente eliminiamo la buccia del limone e lo versiamo a filo nel pentolino continuando a mescolare con la frusta. <br>\n\n4. Portiamo il pentolino sul fuoco e continuiamo a mescolare fino a quando la crema si addensa, ci vorranno cinque minuti circa. <br>\n\n5. Spegniamo il fuoco. Spremiamo il succo di mezzo limone e aggiungiamolo alla crema. <br>\n\n6. Per aromatizzare possiamo aggiungere mezza fialetta di aroma al limone (questo passaggio è facoltativo). <br>\n\n7. La crema al limone è pronta: possiamo usarla subito per altre ricette!', 'Conservazione <br>\nSe non dovessimo usarla subito, possiamo conservarla in frigo per due o al massimo tre giorni, ben coperta con la pellicola per alimenti.', 'https://i.postimg.cc/zvW12YzJ/Crema-al-limone.jpg', 9);
INSERT INTO `ricetta` (`id_ricetta`, `nome_ricetta`, `porzioni_ricetta`, `preparazione_ricetta`, `note_ricetta`, `image_path_ricetta`, `id_categoria`) VALUES
(312, 'Torta ricotta e mirtilli', 8, '1. Montiamo le uova e lo zucchero in una ciotola capiente usando le fruste elettriche. <br>\n\n2. Quanto arriviamo a un composto alto, biancastro e spumoso aggiungiamo la fecola di patate e continuiamo a mescolare per eliminare tutti i grumi. <br>\n\n3. Incorporiamo la ricotta e frulliamo fino a farla assorbire completamente. <br>\n\n4. Uniamo infine la buccia grattugiata di limone e i mirtilli e distribuiamoli in modo omogeneo con una spatola. <br>\n\n5. Versiamo e livelliamo il composto in una tortiera di 22 centimetri di diametro foderata con un foglio di carta forno. Cuociamo per 50 minuti in forno ventilato preriscaldato a 170 °C. Se la superficie del dolce diventa troppo scura, abbassiamo la temperatura a 150 °C e continuiamo la cottura. <br>\n\n6. La torta ricotta e mirtilli è pronta, lasciamola intiepidire un po’ e serviamola!\n\n\n\n\n', 'Consigli <br>\n\nPossiamo personalizzare la torta di ricotta e mirtilli aromatizzando l’impasto con la scorza grattugiata d’arancia anziché quella di limone. Se non amiamo la fecola di patate o se non l’abbiamo in casa, possiamo sostituirla con della farina. Per tenerla senza glutine, invece, si possono usare anche l’amido di mais o l’amido di riso nella stessa quantità. <br>\n\nSe siamo amanti delle ricette con i frutti di bosco, insieme ai mirtilli possiamo mettere nell’impasto anche more o lamponi. <br>\n\nConservazione <br>\n\nLa torta con ricotta e mirtilli resta ottima per alcuni giorni, consigliamo di tenerla in frigorifero ben avvolta nella pellicola per alimenti oppure in un contenitore ermetico per torte.', 'https://i.postimg.cc/1zrV6rdH/Torta-ricotta-e-mirtilli.jpg', 7),
(321, 'Straccetti di pollo al limone', 1, '1. Tagliamo le fettine di petto di pollo a striscioline con tagliere e coltello. <br>\n \n2. Spostiamo gli straccetti in una ciotola, aggiungiamo la farina e mescoliamo con le mani per infarinarli per bene. <br>\n\n3. In una padella facciamo sciogliere il burro e soffriggiamo l’aglio e il rosmarino. <br>\n\n4. Mettiamo in cottura il pollo infarinato cercando di non sovrapporre troppo gli straccetti. <br>\n\n5. Quando la carne ha cambiato colore ed è ben rosolato, spremiamo il limone e versiamolo in padella, dando qualche mescolata. <br>\n\n6. Completiamo la cottura aggiungendo con un po’ di prezzemolo tritato e aggiustando di sale. <br>\n\n7. Gli straccetti di pollo al limone sono pronti, buon appetito!', 'Come servirli <br>\nQuesti straccetti di pollo al limone morbidi devono essere serviti subito, caldi e fumanti. Si possono accompagnare con un contorno di patate a nostra scelta, con verdure a crudo o grigliate. In generale, la carne bianca è particolarmente indicata quando vogliamo rimanere leggeri, ma scegliamo liberamente con cosa accompagnarla. <br>\n\nIl piatto si presta benissimo per una cena veloce in famiglia e, a piacere, si può sfruttare anche per arricchire una insalata fresca, come nella Caesar salad, e trasformarla in un piatto unico aggiungendo formaggio e crostini di pane. <br>\n\nConsigli <br>\nPer avere degli straccetti di pollo al limone cremosi, il trucco è usare più succo di limone oppure allungarlo con l’acqua e abbondare con la farina. <br>\n\nConservazione degli straccetti di pollo al limone <br>\nSe non li consumiamo tutti, mettiamo gli straccetti di pollo in padella al limone che ci restano in un contenitore per alimenti con chiusura ermetica e teniamoli in frigo. Si mantengono ottimi per un giorno e basta scaldarli al microonde o ripassarli qualche minuto in padella.', 'https://i.postimg.cc/xjvXcYfd/Straccetti-di-pollo-al-limone.jpg', 3),
(322, 'Palline di ricotta e cocco', 6, 'Versiamo la ricotta in una ciotola capiente. Uniamo lo zucchero e amalgamiamo bene con l’aiuto della forchetta. <br>\n\nAggiungiamo il rum e continuiamo a mescolare. <br>\n\nAggiungiamo la farina di cocco un po’ alla volta. Mescoliamo bene fino a ottenere un composto non troppo duro e dividiamolo in due parti. <br>\n\nLasciamo riposare una decina di minuti, in modo che la farina di cocco possa idratarsi. <br>\n\nPrendiamo metà composto e aggiungiamo il cacao. Mescoliamo con un cucchiaio per incorporarlo. <br>\n\nIniziamo a formare le nostre palline, partendo dall’impasto bianco e proseguendo con quello al cacao. Disponiamole negli appositi pirottini per dolcetti. <br>\n\nMettiamo le palline di ricotta e cocco in frigo per circa un’ora e poi saranno pronte per essere gustate in tutta la loro dolce bontà!', 'Ricordiamo di eliminare il rum dalla ricetta quando prepariamo i dolcetti per i bambini.', 'https://i.postimg.cc/MZBRdHRH/Palline-di-ricotta-e-cocco.jpg', 7),
(325, 'Pancake alla zucca', 20, 'Tagliamo la zucca a cubetti, mettiamola in una ciotola di vetro e cuociamola nel microonde per 4 minuti coperta con un piattino. In alternativa possiamo cuocerla al vapore. <br>\n\nMettiamo in una ciotola l’uovo e lo zucchero di canna e mescoliamo con una frusta. <br>\n\nAggiungiamo la zucca cotta e schiacciata con una forchetta e mescoliamo ancora. <br>\n\nIncorporiamo anche il latte. <br>\n\nInseriamo la farina, un po’ per volta, e mescoliamo bene fino ad avere una pastella liscia, cremosa e senza grumi. <br>\n\nInfine aggiungiamo il lievito e mescoliamo. <br>\n\nMettiamo un filo d’olio in una padella antiaderente e versiamo tre cucchiai di impasto. Cuociamo a fuoco dolce per circa tre minuti o fino a che non appariranno le bolle in superficie. Giriamo il pancake con una spatola e proseguiamo la cottura dall’altro lato. Procediamo così e prepariamo tutti i pancake. <br>\n\nInfine decoriamo i pancake con sciroppo d\'acero.', 'I pancake li conosciamo un po’ tutti: sono frittelle morbide e golose, tipiche dei paesi anglosassoni, che si possono preparare in tanti modi diversi. Questa versione a base di zucca, ad esempio, è perfetta per la stagione autunnale. La zucca è un ingrediente versatile e delizioso, che regala una nota dolce e delicata a tante ricetta sia dolci che salate. <br>\n\nIn questo caso noi l’abbiamo fatta cuocere al microonde per pochi minuti, ma è possibile anche optare per la cottura al vapore o al forno. <br>\n\nL’impasto dei pancake è semplicissimo. Possiamo anche prepararlo in anticipo e tenerlo in frigo, così al mattino basterà solo cuocerli. Oppure possiamo cuocerli il giorno prima e poi scaldarli in padella o al microonde. O, ancora, surgelarli.', '/uploads/uploads/Pancake alla zucca.jpg', 7),
(326, 'Merluzzo al vapore', 2, 'Per preparare il nostro merluzzo al vapore, iniziamo tagliando a fettine due limoni e mettendoli sul fondo di un cestello per la cottura a vapore, in modo da aromatizzare il pesce. <br>\n\nDisponiamo i filetti di merluzzo e le patate novelle sulla base di fettine di limone. <br>\n\nAggiungiamo un po’ di prezzemolo, due spicchi di aglio interi e insaporiamo con sale e pepe. <br>\n\nCuociamo al vapore per 15 minuti mettendo nella pentola poca acqua, in modo che quando inizierà a bollire non arrivi dentro il cestello. <br>\n\nNel frattempo prepariamo il condimento: in una ciotolina mettiamo il succo di un limone grande, l’olio extravergine di oliva, sale e pepe, prezzemolo tritato e un po’ di origano secco. Mescoliamo tutto con una forchetta in modo da creare un’emulsione. <br>\n\nDividiamo i filetti di merluzzo e le patate novelle nei piatti, aggiungiamo (se vogliamo) un po’ di insalata verde e condiamo con la nostra emulsione aromatica. Buon appetito!', 'La cottura al vapore è delicata e preserva il sapore del merluzzo, non ci sono grassi in cottura e quindi questo secondo piatto risulta davvero leggero, ma anche molto gustoso. Il merluzzo lo abbiamo accompagnato con le patate novelle precotte, che sono comode e sempre pronte all’uso. Se preferiamo usare le patate novelle fresche ci basterà lessarle in acqua bollente per dieci minuti e poi completare la cottura al vapore insieme al pesce. <br>\n\nIl tempo di cottura del merluzzo è indicativamente 15 minuti, anche se magari può variare un po’ in base alla dimensione dei filetti. Se sono più piccolini o più grandi adattiamo la cottura, basterà alzare il coperchio e valutare infilzandoli con una forchetta. <br>\n\nNoi abbiamo fatto prima scongelare i filetti di merluzzo a temperatura ambiente e poi li abbiamo cotti al vapore. Se abbiamo fretta o non ci siamo organizzati per tempo, possiamo cuocere il merluzzo congelato al vapore, in questo caso basterà prolungare leggermente il tempo di cottura.', '/uploads/uploads/Merluzzo al vapore.JPG', 3),
(327, 'Torta salata con zucca broccoli e stelle', 4, 'Portate a bollore abbondante acqua in una pentola per pasta. Nel frattempo lavate il broccolo e riducetelo in cimette. <br>\nPulite anche la zucca e ricavate 300g di polpa tagliata grossolanamente a cubetti (di circa 1, massimo 2cm). Scaldate un giro d\'olio in una padella antiaderente e mettete a cuocere i cubetti di zucca, con il coperchio chiuso, a fuoco dolce. <br>\nQuando l\'acqua è a bollore salate, lasciate sciogliere bene il sale e di seguito tuffate le cimette dei broccoletti. Portatele a cottura finchè tenere (10 minuti o più). <br>\nControllate la zucca: aprite il coperchio e aggiungete qualche cucchiaio di acqua e una spolverata di sale. Ora alzate un po\' il fuoco per arrostirla un po\', oltre che ammorbidirla. Dovete ottenere dei cubetti rosolati e morbidi. <br>\nIn una ciotola lavorate la ricotta con le uova (o con gli albumi), mescolando per ottenere una crema. Potete aggiungere, per insaporire: parmigiano, pepe, spezie. Tenete da parte un cucchiaio di uovo sbattuto per lucidare la sfoglia a fine procedura. <br>\nScolate i broccoletti e divideteli in cimette ancora più piccole prima di trasferirli nella crema di ricotta e uova. Eliminate le parti dure dei gambi, ricavate le cimette tenere e unite alla ricotta. Quando la zucca è ben saporita e rosolata, unite anch\'essa. <br>\nAccendete il forno a 180°. <br>\nControllate la densità della farcia: è un ripieno grossolano e non liscio, visto che le verdure sono a pezzi, ma non deve risultare troppo soda. Versate un po\' di latte o bevanda vegetale per ammorbidirla, in modo che sia facile da versare poi nello stampo. <br>\nUngete o imburrate bene uno stampo per crostata più piccolo della sfoglia. Srotolate la brisè o sfoglia rettangolare e adagiatela sullo stampo, foderandolo. <br>\nRitagliate la sfoglia in avanzo e con dei tagliabiscotti a forma di stella ricavate quante più stelline possibili. Reimpastate i ritagli e stendeteli nuovamente per ricavare altre stelline. <br>\nBucherellate il fondo della sfoglia e versatevi tutta la farcia. Adagiate le stelline di sfoglia sopra e spennellate solo queste con un po\' di uovo battuto per lucidarle in cottura. Se non avete avanzato l\'uovo, potete spennelare con un po\' di olio e paprica. <br>\nInfornate a 180° per 30 minuti o finchè le stelle sono dorate, nella parte media del forno, in modalità se possibile ventilata.', '', '/uploads/uploads/Torta salata con zucca broccoli e stelle.JPG', 3),
(328, 'Ciambella alla zucca e gocce di cioccolato senza burro', 8, 'Sciacquate bene la zucca, asciugatele con della carta assorbente, tagliatela, sbucciatela e togliete i semi e i filamenti interni fatela a pezzi e frullatela con un frullatore, in una terrina larga e capiente  lavorate bene le uova con lo zucchero con l’aiuto delle fruste elettriche fino a che sono belle spumose e schiarite! <br>\nOra aggiungere pian piano la farina alternandola con l’olio o il burro morbido se preferite,  unite anche la zucca frullata e continuate a lavorare il composto in modo da ottenere un impasto cremoso e senza grumi, aggiungete poi il lievito e per ultime le gocce di cioccolato fondente e la scorza del limone o dell’arancia incorporandole bene al composto con un cucchiaio. <br>\n Imburrate e infarinate uno stampo per ciambella da 22-24 cm. circa , versate dentro il composto, aggiungete altre gocce di cioccolato sulla superficie e cuocete a 180 gradi in modalità statico per 45 minuti circa, fate sempre la prova stecchino per verificare la cottura del dolce, se lo stecchino esce bagnato di impasto fatelo cuocere ancora un po’. <br>\nUna volta cotta fate raffreddare bene la  ciambella sopra una gratella prima di toglierla dallo stampo, spolveratela con abbondante zucchero a velo se lo gradite e buon appetito!', '', '/uploads/uploads/Ciambella alla zucca e gocce di cioccolato senza burro.JPG', 7),
(329, 'Galette alle fragole', 6, 'Unire la farina, l’olio e l’acqua. Impastate con le mani e lasciate riposare l’impasto. Sarà più facile da stendere. <br>\n\nStendete l’impasto sottile e in modo irregolare, cercando di formare un cerchio. <br>\n\nStendete un velo di marmellata lasciando un po’ di spazio sui bordi, aggiungere le fragole pulite e tagliate a pezzetti. <br>\n\nRipiegare i bordi su sé stessi, ungerli con un po’ di olio di semi e aggiungere lo zucchero di canna e i semi. <br>\n\nInfornare a 180 gradi per circa 30 minuti. <br>\n\nServire con foglie di menta fresca e una pallina di gelato.\n\n\n', '', '/uploads/uploads/Galette alle fragole.JPG', 7),
(330, 'Matcha latte freddo', 1, 'Mettere tutti gli ingredienti in un frullatore e frullare sino ad ottenere un liquido liscio e senza grumi. <br> <br>\nVersare in un bicchiere con o senza ghiaccio.\n', '', '/uploads/uploads/Matcha latte freddo.JPG', 12),
(331, 'Wrap di patate', 4, 'Lavate, pelate e affettate le patate con una mandolina, ottenendo fette sottili da circa 2 mm di spessore. <br> <br>\nSu una teglia rivestita di carta forno, disponete 4 rettangoli di patate (ognuno da 15×20 cm), sovrapponendo leggermente 4 fette per lato. <br> <br>\nSpennellate con olio extravergine d’oliva e condite con un pizzico di sale e pepe. Cuocete in forno statico preriscaldato a 180°C per 10 minuti. <br> <br>\nSfornate, distribuite sulla superficie la mozzarella tagliata a cubetti e infornate nuovamente per altri 10 minuti. <br> <br>\nLasciate intiepidire i rettangoli di patate. <br> <br>\nSpalmate uno strato generoso di Maionese, aggiungete qualche foglia di insalata e farcite a piacere con: <br> \navocado e salmone affumicato, oppure prosciutto cotto e scamorza. <br> <br>\nArrotolate con delicatezza ogni rettangolo per ottenere i vostri wrap. Serviteli subito oppure conservateli avvolti nella pellicola in frigorifero per qualche ora.', '', '/uploads/uploads/Wrap di patate.JPG', 5),
(332, 'Cookies zucca e gocce di cioccolato senza burro e senza uova', 12, 'Iniziamo a pulire la zucca: dividiamola in due, svuotiamo semi e filamenti, poi eliminiamo la buccia e tagliamola a tocchetti. Pesiamone 200 grammi e disponiamo i tocchetti sulla placca foderata con la carta apposita. Cuociamoli in funzione ventilata a 180° per 20/25 minuti. <br> <br>\nQuando la zucca è morbida e cotta, sforniamola e lasciamola intiepidire. <br> <br>\n\nOra trasferiamola nel robot da cucina. Azioniamo l’elettrodomestico e riduciamola in purea, lasciamola un attimo da parte. <br> <br>\n\nIn una ciotola, uniamo zucchero e olio di arachidi. Mescoliamo bene, quindi aggiungiamo la purea di zucca. Rigiriamo ancora, quindi setacciamo direttamente nel recipiente farina e lievito. Facciamo assorbire le polveri, quindi uniamo un pizzico di sale e le gocce di cioccolato. Amalgamiamo con cura per ottenere un composto uniforme. <br> <br>\n\nA questo punto non ci resta che formare i nostri biscotti. <br> <br>\n\nPreleviamo una noce di impasto e passiamola tra i palmi per realizzare una pallina. Adagiamola sulla leccarda foderata con la carta apposita e appiattiamola. Proseguiamo in questo modo fino a terminare tutti gli ingredienti, formando tutti cookies dello stesso peso e dimensioni. Distanziamoli tra loro e decoriamo con altre gocce di cioccolato sulla superficie. <br> <br>\n\nCuociamo per 12 minuti a 180° nel forno ventilato. <br> <br>\n\nSforniamo i nostri biscotti; lasciamoli intiepidire prima di impiattarli e goderceli.', '50 gr di gocce di cioccolato + una manciata per la superficie. <br>', '/uploads/uploads/Cookies zucca e gocce di cioccolato senza burro e senza uova.JPG', 7),
(333, 'Carote arrostite al forno', 1, 'Prendo le carote, le taglio alle estremità, le pelo e le taglio a forma di bastoncino. <br> <br>\n\n\nLe metto in una ciotola e le condisco con un po’ di olio evo, sale, pepe, uno spicchio d\'aglio (anche tritato), le spezie, il parmigiano grattugiato e i semi di sesamo. <br> <br>\n\n\nMetto sulla carta da forno le carote e le cospargo di farina di mais, infine aggiungo di nuovo un po’ d’olio e le metto in una teglia. <br> <br>\n\n\nCuociono a 200 gradi per circa 20-25 minuti. <br> <br>\n\n\nSe vi piacciono belle abbrustolite lasciatele ancora una decina di minuti.', '', '/uploads/uploads/Carote arrostite al forno.JPG', 4),
(334, 'Torta di mele ciucione', 6, 'Per preparare la torta cremosa di mele sbucciate le mele, eliminate il torsolo interno: il peso deve essere 700 g da pulite. Affettatele molto sottilmente e tenetele da parte. <br> <br>\nScaldate sul fuoco latte e burro, fino a fare sciogliere quest\'ultimo. Lasciate intiepidire. Nel frattempo, sbattete le uova. <br> <br>\nUnite anche zucchero insieme alla cannella (o scorza di limone) e il sale. <br> <br>\nAggiungete la farina e mescolate per farla assorbire. In ultimo, unite a filo, e mescolando, il composto di latte e burro. Il composto deve risultare omogeneo e senza grumi. <br> <br>\nIncorporate per ultime le mele e mescolate delicatamente per ricoprirle nella pastella. Versate l\'impasto in uno stampo da 24 cm imburrato e cosparso di zucchero. Livellatelo leggermente. <br> <br>\nCospargete la superficie con zucchero di canna e cuocete in forno statico preriscaldato a 190° per circa 45 minuti- o fino a quando la superficie risulterà dorata e caramellata.<br> <br>\nFate raffreddare la torta cremosa di mele prima di servirla.', 'Potete conservare la torta cremosa di mele, chiusa in un contenitore ermetico, per 2-3 giorni. <br> <br>\nIn alternativa al burro potete usare 30 g d\'olio di semi.', '/uploads/uploads/Torta di mele ciucione.JPG', 7);

-- --------------------------------------------------------

--
-- Struttura della tabella `unita_misura`
--

CREATE TABLE `unita_misura` (
  `id_unita_misura` int NOT NULL,
  `nome_unita_misura` varchar(20) COLLATE utf8mb4_general_ci DEFAULT NULL
) ENGINE=InnoDB DEFAULT CHARSET=utf8mb4 COLLATE=utf8mb4_general_ci;

--
-- Dump dei dati per la tabella `unita_misura`
--

INSERT INTO `unita_misura` (`id_unita_misura`, `nome_unita_misura`) VALUES
(0, ' '),
(1, 'cucchiaio'),
(2, 'cucchiaino'),
(3, 'pacchetto'),
(4, 'tazzina'),
(5, 'gr'),
(6, 'q.b.'),
(7, 'ml'),
(8, 'kg'),
(10, 'grammi'),
(11, 'bustina'),
(12, 'cucchiai'),
(13, 'spicchio'),
(14, 'cucchiaini'),
(15, 'spicchi'),
(16, 'manciate'),
(17, 'pacchetti'),
(18, 'bicchiere'),
(19, 'pizzico'),
(20, 'litro'),
(21, 'manciata'),
(22, 'vasetto');

-- --------------------------------------------------------

--
-- Struttura della tabella `utente`
--

CREATE TABLE `utente` (
  `id_utente` int NOT NULL,
  `nome_utente` varchar(40) COLLATE utf8mb4_general_ci NOT NULL,
  `cognome_utente` varchar(40) COLLATE utf8mb4_general_ci NOT NULL,
  `email_utente` varchar(40) COLLATE utf8mb4_general_ci NOT NULL,
  `password_utente` varchar(255) COLLATE utf8mb4_general_ci NOT NULL,
  `permesso_utente` int DEFAULT NULL
) ENGINE=InnoDB DEFAULT CHARSET=utf8mb4 COLLATE=utf8mb4_general_ci;

--
-- Dump dei dati per la tabella `utente`
--

INSERT INTO `utente` (`id_utente`, `nome_utente`, `cognome_utente`, `email_utente`, `password_utente`, `permesso_utente`) VALUES
(3, 'Alessio', 'Boscolo', 'boscolo.alessio1@gmail.com', '$2b$10$M86Ay5Du4bAl9BKxjBTd4ubRkIz1WIZgyOQHZ11uE90tAWi09xufi', 3),
(4, 'Debora', 'Gasparini ', 'debora.gasparini@gmail.com', '$2b$10$bE9GqdLJzEIZOXMCJv0U7eJRM3oo2SwsDJ15WH.3PElJmfUMocQiO', 2);

--
-- Indici per le tabelle scaricate
--

--
-- Indici per le tabelle `archivio_menu`
--
ALTER TABLE `archivio_menu`
  ADD PRIMARY KEY (`id_archivio_menu`) USING BTREE,
  ADD KEY `id_giorno` (`id_giorno_settimana`),
  ADD KEY `id_ricetta` (`id_ricetta`),
  ADD KEY `id_persona` (`id_persona`),
  ADD KEY `id_momento_giornata` (`id_momento_giornata`),
  ADD KEY `id_nome_archivio` (`id_archivio_nome`);

--
-- Indici per le tabelle `archivio_nome`
--
ALTER TABLE `archivio_nome`
  ADD PRIMARY KEY (`id_archivio_nome`);

--
-- Indici per le tabelle `categoria`
--
ALTER TABLE `categoria`
  ADD PRIMARY KEY (`id_categoria`);

--
-- Indici per le tabelle `giorno_settimana`
--
ALTER TABLE `giorno_settimana`
  ADD PRIMARY KEY (`id_giorno_settimana`);

--
-- Indici per le tabelle `ingrediente`
--
ALTER TABLE `ingrediente`
  ADD PRIMARY KEY (`id_ingrediente`);

--
-- Indici per le tabelle `ingrediente_ricetta`
--
ALTER TABLE `ingrediente_ricetta`
  ADD PRIMARY KEY (`id_ingrediente_ricetta`),
  ADD KEY `id_ingrediente` (`id_ingrediente`),
  ADD KEY `id_ricetta` (`id_ricetta`),
  ADD KEY `id_unita_misura` (`id_unita_misura`);

--
-- Indici per le tabelle `menu`
--
ALTER TABLE `menu`
  ADD PRIMARY KEY (`id_menu`),
  ADD KEY `id_giorno` (`id_giorno_settimana`),
  ADD KEY `id_ricetta` (`id_ricetta`),
  ADD KEY `id_persona` (`id_persona`),
  ADD KEY `id_momento_giornata` (`id_momento_giornata`);

--
-- Indici per le tabelle `momento_giornata`
--
ALTER TABLE `momento_giornata`
  ADD PRIMARY KEY (`id_momento_giornata`);

--
-- Indici per le tabelle `permesso`
--
ALTER TABLE `permesso`
  ADD PRIMARY KEY (`id_permesso`);

--
-- Indici per le tabelle `persona`
--
ALTER TABLE `persona`
  ADD PRIMARY KEY (`id_persona`);

--
-- Indici per le tabelle `ricetta`
--
ALTER TABLE `ricetta`
  ADD PRIMARY KEY (`id_ricetta`),
  ADD KEY `id_categoria` (`id_categoria`);

--
-- Indici per le tabelle `unita_misura`
--
ALTER TABLE `unita_misura`
  ADD PRIMARY KEY (`id_unita_misura`);

--
-- Indici per le tabelle `utente`
--
ALTER TABLE `utente`
  ADD PRIMARY KEY (`id_utente`),
  ADD KEY `permesso_utente` (`permesso_utente`) USING BTREE;

--
-- AUTO_INCREMENT per le tabelle scaricate
--

--
-- AUTO_INCREMENT per la tabella `archivio_menu`
--
ALTER TABLE `archivio_menu`
  MODIFY `id_archivio_menu` int NOT NULL AUTO_INCREMENT, AUTO_INCREMENT=1065;

--
-- AUTO_INCREMENT per la tabella `archivio_nome`
--
ALTER TABLE `archivio_nome`
  MODIFY `id_archivio_nome` int NOT NULL AUTO_INCREMENT, AUTO_INCREMENT=50;

--
-- AUTO_INCREMENT per la tabella `categoria`
--
ALTER TABLE `categoria`
  MODIFY `id_categoria` int NOT NULL AUTO_INCREMENT, AUTO_INCREMENT=15;

--
-- AUTO_INCREMENT per la tabella `giorno_settimana`
--
ALTER TABLE `giorno_settimana`
  MODIFY `id_giorno_settimana` int NOT NULL AUTO_INCREMENT, AUTO_INCREMENT=214;

--
-- AUTO_INCREMENT per la tabella `ingrediente`
--
ALTER TABLE `ingrediente`
  MODIFY `id_ingrediente` int NOT NULL AUTO_INCREMENT, AUTO_INCREMENT=522;

--
-- AUTO_INCREMENT per la tabella `ingrediente_ricetta`
--
ALTER TABLE `ingrediente_ricetta`
  MODIFY `id_ingrediente_ricetta` int NOT NULL AUTO_INCREMENT, AUTO_INCREMENT=2540;

--
-- AUTO_INCREMENT per la tabella `menu`
--
ALTER TABLE `menu`
  MODIFY `id_menu` int NOT NULL AUTO_INCREMENT, AUTO_INCREMENT=1690;

--
-- AUTO_INCREMENT per la tabella `momento_giornata`
--
ALTER TABLE `momento_giornata`
  MODIFY `id_momento_giornata` int NOT NULL AUTO_INCREMENT, AUTO_INCREMENT=24;

--
-- AUTO_INCREMENT per la tabella `permesso`
--
ALTER TABLE `permesso`
  MODIFY `id_permesso` int NOT NULL AUTO_INCREMENT, AUTO_INCREMENT=14;

--
-- AUTO_INCREMENT per la tabella `persona`
--
ALTER TABLE `persona`
  MODIFY `id_persona` int NOT NULL AUTO_INCREMENT, AUTO_INCREMENT=4;

--
-- AUTO_INCREMENT per la tabella `ricetta`
--
ALTER TABLE `ricetta`
  MODIFY `id_ricetta` int NOT NULL AUTO_INCREMENT, AUTO_INCREMENT=337;

--
-- AUTO_INCREMENT per la tabella `unita_misura`
--
ALTER TABLE `unita_misura`
  MODIFY `id_unita_misura` int NOT NULL AUTO_INCREMENT, AUTO_INCREMENT=24;

--
-- AUTO_INCREMENT per la tabella `utente`
--
ALTER TABLE `utente`
  MODIFY `id_utente` int NOT NULL AUTO_INCREMENT, AUTO_INCREMENT=6;

--
-- Limiti per le tabelle scaricate
--

--
-- Limiti per la tabella `archivio_menu`
--
ALTER TABLE `archivio_menu`
  ADD CONSTRAINT `archivio_menu_ibfk_1` FOREIGN KEY (`id_giorno_settimana`) REFERENCES `giorno_settimana` (`id_giorno_settimana`),
  ADD CONSTRAINT `archivio_menu_ibfk_2` FOREIGN KEY (`id_ricetta`) REFERENCES `ricetta` (`id_ricetta`),
  ADD CONSTRAINT `archivio_menu_ibfk_3` FOREIGN KEY (`id_persona`) REFERENCES `persona` (`id_persona`),
  ADD CONSTRAINT `archivio_menu_ibfk_4` FOREIGN KEY (`id_ricetta`) REFERENCES `ricetta` (`id_ricetta`),
  ADD CONSTRAINT `archivio_menu_ibfk_5` FOREIGN KEY (`id_persona`) REFERENCES `persona` (`id_persona`),
  ADD CONSTRAINT `archivio_menu_ibfk_6` FOREIGN KEY (`id_ricetta`) REFERENCES `ricetta` (`id_ricetta`),
  ADD CONSTRAINT `archivio_menu_ibfk_7` FOREIGN KEY (`id_persona`) REFERENCES `persona` (`id_persona`),
  ADD CONSTRAINT `archivio_menu_ibfk_8` FOREIGN KEY (`id_momento_giornata`) REFERENCES `momento_giornata` (`id_momento_giornata`),
  ADD CONSTRAINT `archivio_menu_ibfk_9` FOREIGN KEY (`id_archivio_nome`) REFERENCES `archivio_nome` (`id_archivio_nome`);

--
-- Limiti per la tabella `ingrediente_ricetta`
--
ALTER TABLE `ingrediente_ricetta`
  ADD CONSTRAINT `ingrediente_ricetta_ibfk_1` FOREIGN KEY (`id_ingrediente`) REFERENCES `ingrediente` (`id_ingrediente`),
  ADD CONSTRAINT `ingrediente_ricetta_ibfk_2` FOREIGN KEY (`id_ricetta`) REFERENCES `ricetta` (`id_ricetta`),
  ADD CONSTRAINT `ingrediente_ricetta_ibfk_3` FOREIGN KEY (`id_unita_misura`) REFERENCES `unita_misura` (`id_unita_misura`);

--
-- Limiti per la tabella `menu`
--
ALTER TABLE `menu`
  ADD CONSTRAINT `menu_ibfk_1` FOREIGN KEY (`id_giorno_settimana`) REFERENCES `giorno_settimana` (`id_giorno_settimana`),
  ADD CONSTRAINT `menu_ibfk_2` FOREIGN KEY (`id_ricetta`) REFERENCES `ricetta` (`id_ricetta`),
  ADD CONSTRAINT `menu_ibfk_3` FOREIGN KEY (`id_persona`) REFERENCES `persona` (`id_persona`),
  ADD CONSTRAINT `menu_ibfk_4` FOREIGN KEY (`id_momento_giornata`) REFERENCES `momento_giornata` (`id_momento_giornata`);

--
-- Limiti per la tabella `ricetta`
--
ALTER TABLE `ricetta`
  ADD CONSTRAINT `ricetta_ibfk_1` FOREIGN KEY (`id_categoria`) REFERENCES `categoria` (`id_categoria`);

--
-- Limiti per la tabella `utente`
--
ALTER TABLE `utente`
  ADD CONSTRAINT `utente_ibfk_1` FOREIGN KEY (`permesso_utente`) REFERENCES `permesso` (`id_permesso`);
COMMIT;

/*!40101 SET CHARACTER_SET_CLIENT=@OLD_CHARACTER_SET_CLIENT */;
/*!40101 SET CHARACTER_SET_RESULTS=@OLD_CHARACTER_SET_RESULTS */;
/*!40101 SET COLLATION_CONNECTION=@OLD_COLLATION_CONNECTION */;
